condition,actor_type,society,n_arenas,unit,metric,estimate_mean,estimate_lo95,estimate_hi95
isolated,member,all,24,independent_arena,crps_aulc_ticks,0.26029330606525053,0.24153677685472905,0.27931636017665096
isolated,member,all,24,independent_arena,probe_crps,0.23583957843296724,0.2143963914482843,0.25716323581472583
isolated,member,all,24,independent_arena,crps_aulc_evidence,0.26029330606525053,0.24153677685472905,0.27931636017665096
isolated,member,all,24,independent_arena,coverage_90,0.9059244791666666,0.8870415581597223,0.9254557291666666
isolated,member,all,24,independent_arena,interval_width_90,1.2956476360718374,1.1754221148295052,1.409697315519276
isolated,member,all,24,independent_arena,unique_observations,256.0,256.0,256.0
isolated,member,all,24,independent_arena,parameter_nrmse,0.020824705770758536,0.017018985878197324,0.024970988518153533
isolated,member,all,24,independent_arena,failed_updates,0.0,0.0,0.0
isolated,member,0,24,independent_arena,crps_aulc_ticks,0.2612054747554749,0.2424063847074004,0.2797575297055346
isolated,member,0,24,independent_arena,probe_crps,0.23605142560639372,0.21489185291668547,0.2571392320861846
isolated,member,0,24,independent_arena,crps_aulc_evidence,0.2612054747554749,0.2424063847074004,0.2797575297055346
isolated,member,0,24,independent_arena,coverage_90,0.9059244791666666,0.8857421875,0.92578125
isolated,member,0,24,independent_arena,interval_width_90,1.2953254970240378,1.1751956928777219,1.4089059770756063
isolated,member,0,24,independent_arena,unique_observations,256.0,256.0,256.0
isolated,member,0,24,independent_arena,parameter_nrmse,0.022790926866210804,0.017926236085721806,0.027536982643705934
isolated,member,0,24,independent_arena,failed_updates,0.0,0.0,0.0
isolated,member,1,24,independent_arena,crps_aulc_ticks,0.25947509417495535,0.2406320276034888,0.27889149851536177
isolated,member,1,24,independent_arena,probe_crps,0.235867910088248,0.21427323724257571,0.25734833826437814
isolated,member,1,24,independent_arena,crps_aulc_evidence,0.25947509417495535,0.2406320276034888,0.27889149851536177
isolated,member,1,24,independent_arena,coverage_90,0.9033203125,0.8834554036458333,0.9241536458333334
isolated,member,1,24,independent_arena,interval_width_90,1.2956588964034081,1.1753163211173223,1.4102580191298097
isolated,member,1,24,independent_arena,unique_observations,256.0,256.0,256.0
isolated,member,1,24,independent_arena,parameter_nrmse,0.020380598979935712,0.016144645466266084,0.02530298578698405
isolated,member,1,24,independent_arena,failed_updates,0.0,0.0,0.0
isolated,member,2,24,independent_arena,crps_aulc_ticks,0.26019934926532123,0.24183274864407378,0.279322410124888
isolated,member,2,24,independent_arena,probe_crps,0.2355993996042601,0.2141151028948881,0.2567167441675011
isolated,member,2,24,independent_arena,crps_aulc_evidence,0.26019934926532123,0.24183274864407378,0.279322410124888
isolated,member,2,24,independent_arena,coverage_90,0.9085286458333334,0.8909505208333334,0.9270833333333334
isolated,member,2,24,independent_arena,interval_width_90,1.295958514788066,1.175333164668784,1.4097447016485216
isolated,member,2,24,independent_arena,unique_observations,256.0,256.0,256.0
isolated,member,2,24,independent_arena,parameter_nrmse,0.019302591466129088,0.01548748412471074,0.02381262191454601
isolated,member,2,24,independent_arena,failed_updates,0.0,0.0,0.0
isolated,institution,all,24,independent_arena,crps_aulc_ticks,0.8387589644330049,0.6995390308862016,0.9970806129049217
isolated,institution,all,24,independent_arena,probe_crps,0.8387589644330049,0.6995390308862016,0.9970806129049217
isolated,institution,all,24,independent_arena,coverage_90,0.9830729166666666,0.9548611111111112,0.9995659722222223
isolated,institution,all,24,independent_arena,interval_width_90,6.410657704444684,6.367892266025987,6.453388539933205
isolated,institution,all,24,independent_arena,unique_observations,0.0,0.0,0.0
isolated,institution,all,24,independent_arena,parameter_nrmse,0.20370235972872588,0.1730087931899844,0.23212503719664565
isolated,institution,all,24,independent_arena,failed_updates,0.0,0.0,0.0
isolated,institution,0,24,independent_arena,crps_aulc_ticks,0.8450404476679264,0.701747311542852,1.0063682597713577
isolated,institution,0,24,independent_arena,probe_crps,0.8450404476679264,0.701747311542852,1.0063682597713577
isolated,institution,0,24,independent_arena,coverage_90,0.9869791666666666,0.9661458333333334,1.0
isolated,institution,0,24,independent_arena,interval_width_90,6.4180443315889235,6.374554080309827,6.463839842868932
isolated,institution,0,24,independent_arena,unique_observations,0.0,0.0,0.0
isolated,institution,0,24,independent_arena,parameter_nrmse,0.20466945102511605,0.17317319738780493,0.2339726031346864
isolated,institution,0,24,independent_arena,failed_updates,0.0,0.0,0.0
isolated,institution,1,24,independent_arena,crps_aulc_ticks,0.8420614985727277,0.7002763415784062,1.0016417340150972
isolated,institution,1,24,independent_arena,probe_crps,0.8420614985727277,0.7002763415784062,1.0016417340150972
isolated,institution,1,24,independent_arena,coverage_90,0.9817708333333334,0.953125,0.9986979166666666
isolated,institution,1,24,independent_arena,interval_width_90,6.416292020635591,6.361625159826678,6.475201713334342
isolated,institution,1,24,independent_arena,unique_observations,0.0,0.0,0.0
isolated,institution,1,24,independent_arena,parameter_nrmse,0.20405606441140614,0.17338121065233433,0.23244021970106943
isolated,institution,1,24,independent_arena,failed_updates,0.0,0.0,0.0
isolated,institution,2,24,independent_arena,crps_aulc_ticks,0.8291749470583604,0.693229901313311,0.9847876915439072
isolated,institution,2,24,independent_arena,probe_crps,0.8291749470583604,0.693229901313311,0.9847876915439072
isolated,institution,2,24,independent_arena,coverage_90,0.98046875,0.9453125,1.0
isolated,institution,2,24,independent_arena,interval_width_90,6.3976367611095375,6.344452444573838,6.447967577766457
isolated,institution,2,24,independent_arena,unique_observations,0.0,0.0,0.0
isolated,institution,2,24,independent_arena,parameter_nrmse,0.2023815637496554,0.17154100690906549,0.23036115115030645
isolated,institution,2,24,independent_arena,failed_updates,0.0,0.0,0.0
redundant,member,all,24,independent_arena,crps_aulc_ticks,0.26029330606525053,0.24153677685472905,0.27931636017665096
redundant,member,all,24,independent_arena,probe_crps,0.23583957843296724,0.2143963914482843,0.25716323581472583
redundant,member,all,24,independent_arena,crps_aulc_evidence,0.26029330606525053,0.24153677685472905,0.27931636017665096
redundant,member,all,24,independent_arena,coverage_90,0.9059244791666666,0.8870415581597223,0.9254557291666666
redundant,member,all,24,independent_arena,interval_width_90,1.2956476360718374,1.1754221148295052,1.409697315519276
redundant,member,all,24,independent_arena,unique_observations,256.0,256.0,256.0
redundant,member,all,24,independent_arena,parameter_nrmse,0.020824705770758536,0.017018985878197324,0.024970988518153533
redundant,member,all,24,independent_arena,failed_updates,0.0,0.0,0.0
redundant,member,0,24,independent_arena,crps_aulc_ticks,0.2612054747554749,0.2424063847074004,0.2797575297055346
redundant,member,0,24,independent_arena,probe_crps,0.23605142560639372,0.21489185291668547,0.2571392320861846
redundant,member,0,24,independent_arena,crps_aulc_evidence,0.2612054747554749,0.2424063847074004,0.2797575297055346
redundant,member,0,24,independent_arena,coverage_90,0.9059244791666666,0.8857421875,0.92578125
redundant,member,0,24,independent_arena,interval_width_90,1.2953254970240378,1.1751956928777219,1.4089059770756063
redundant,member,0,24,independent_arena,unique_observations,256.0,256.0,256.0
redundant,member,0,24,independent_arena,parameter_nrmse,0.022790926866210804,0.017926236085721806,0.027536982643705934
redundant,member,0,24,independent_arena,failed_updates,0.0,0.0,0.0
redundant,member,1,24,independent_arena,crps_aulc_ticks,0.25947509417495535,0.2406320276034888,0.27889149851536177
redundant,member,1,24,independent_arena,probe_crps,0.235867910088248,0.21427323724257571,0.25734833826437814
redundant,member,1,24,independent_arena,crps_aulc_evidence,0.25947509417495535,0.2406320276034888,0.27889149851536177
redundant,member,1,24,independent_arena,coverage_90,0.9033203125,0.8834554036458333,0.9241536458333334
redundant,member,1,24,independent_arena,interval_width_90,1.2956588964034081,1.1753163211173223,1.4102580191298097
redundant,member,1,24,independent_arena,unique_observations,256.0,256.0,256.0
redundant,member,1,24,independent_arena,parameter_nrmse,0.020380598979935712,0.016144645466266084,0.02530298578698405
redundant,member,1,24,independent_arena,failed_updates,0.0,0.0,0.0
redundant,member,2,24,independent_arena,crps_aulc_ticks,0.26019934926532123,0.24183274864407378,0.279322410124888
redundant,member,2,24,independent_arena,probe_crps,0.2355993996042601,0.2141151028948881,0.2567167441675011
redundant,member,2,24,independent_arena,crps_aulc_evidence,0.26019934926532123,0.24183274864407378,0.279322410124888
redundant,member,2,24,independent_arena,coverage_90,0.9085286458333334,0.8909505208333334,0.9270833333333334
redundant,member,2,24,independent_arena,interval_width_90,1.295958514788066,1.175333164668784,1.4097447016485216
redundant,member,2,24,independent_arena,unique_observations,256.0,256.0,256.0
redundant,member,2,24,independent_arena,parameter_nrmse,0.019302591466129088,0.01548748412471074,0.02381262191454601
redundant,member,2,24,independent_arena,failed_updates,0.0,0.0,0.0
redundant,institution,all,24,independent_arena,crps_aulc_ticks,0.2860895506841281,0.26840113904414725,0.30371101754225793
redundant,institution,all,24,independent_arena,probe_crps,0.23679977467163874,0.21527593024640085,0.25808322596181427
redundant,institution,all,24,independent_arena,coverage_90,0.907986111111111,0.8919270833333334,0.924045138888889
redundant,institution,all,24,independent_arena,interval_width_90,1.3040978867345612,1.1844660787399226,1.4174481130965473
redundant,institution,all,24,independent_arena,unique_observations,127.0,127.0,127.0
redundant,institution,all,24,independent_arena,parameter_nrmse,0.03265533154600744,0.028146327281952932,0.03704251004003592
redundant,institution,all,24,independent_arena,failed_updates,0.0,0.0,0.0
redundant,institution,0,24,independent_arena,crps_aulc_ticks,0.2864359240838545,0.26453337702353036,0.30844569507965597
redundant,institution,0,24,independent_arena,probe_crps,0.2375603306658498,0.2173010681661242,0.25777771454777565
redundant,institution,0,24,independent_arena,coverage_90,0.9088541666666666,0.8880208333333334,0.9296875
redundant,institution,0,24,independent_arena,interval_width_90,1.3042748463507616,1.182909868587031,1.4177302443501396
redundant,institution,0,24,independent_arena,unique_observations,127.0,127.0,127.0
redundant,institution,0,24,independent_arena,parameter_nrmse,0.03856192277297095,0.02945351165240933,0.04853518202216648
redundant,institution,0,24,independent_arena,failed_updates,0.0,0.0,0.0
redundant,institution,1,24,independent_arena,crps_aulc_ticks,0.2934531538784671,0.2748216085737106,0.31276301345475505
redundant,institution,1,24,independent_arena,probe_crps,0.23712328515969716,0.215479889115364,0.25839535997165125
redundant,institution,1,24,independent_arena,coverage_90,0.90234375,0.8841145833333334,0.9205729166666666
redundant,institution,1,24,independent_arena,interval_width_90,1.3024740980867586,1.1823819579540449,1.4154195160172751
redundant,institution,1,24,independent_arena,unique_observations,127.0,127.0,127.0
redundant,institution,1,24,independent_arena,parameter_nrmse,0.029701633240758616,0.022940368718098264,0.03717076862132773
redundant,institution,1,24,independent_arena,failed_updates,0.0,0.0,0.0
redundant,institution,2,24,independent_arena,crps_aulc_ticks,0.27837957409006275,0.25788320855354896,0.2985037812247553
redundant,institution,2,24,independent_arena,probe_crps,0.23571570818936935,0.2136601116790386,0.2576969566778366
redundant,institution,2,24,independent_arena,coverage_90,0.9127604166666666,0.89453125,0.9309895833333334
redundant,institution,2,24,independent_arena,interval_width_90,1.305544715766163,1.1846827732746734,1.419294558500044
redundant,institution,2,24,independent_arena,unique_observations,127.0,127.0,127.0
redundant,institution,2,24,independent_arena,parameter_nrmse,0.029702438624292758,0.023213103316886325,0.03611110581322198
redundant,institution,2,24,independent_arena,failed_updates,0.0,0.0,0.0
complementary,member,all,24,independent_arena,crps_aulc_ticks,0.25851579826008236,0.23918194811178448,0.2783036187409091
complementary,member,all,24,independent_arena,probe_crps,0.23572510214595996,0.21417887617737627,0.2570691164912607
complementary,member,all,24,independent_arena,crps_aulc_evidence,0.2636564350234412,0.2444402498942999,0.2832826750837508
complementary,member,all,24,independent_arena,coverage_90,0.9026692708333334,0.8828125,0.9228542751736111
complementary,member,all,24,independent_arena,interval_width_90,1.2933587999629974,1.172600746418198,1.4076006534351424
complementary,member,all,24,independent_arena,unique_observations,382.0,382.0,382.0
complementary,member,all,24,independent_arena,parameter_nrmse,0.016897245669123328,0.012508601904681579,0.02165186365661241
complementary,member,all,24,independent_arena,failed_updates,0.0,0.0,0.0
complementary,member,0,24,independent_arena,crps_aulc_ticks,0.25866743504907647,0.23913109916193437,0.2782862640659194
complementary,member,0,24,independent_arena,probe_crps,0.23563486246433496,0.21414361205512897,0.25693925568767134
complementary,member,0,24,independent_arena,crps_aulc_evidence,0.2639065255045075,0.2441815788811049,0.2840470014550772
complementary,member,0,24,independent_arena,coverage_90,0.9033203125,0.8834554036458333,0.9238362630208333
complementary,member,0,24,independent_arena,interval_width_90,1.2930424058621475,1.172606965379017,1.4068554522463939
complementary,member,0,24,independent_arena,unique_observations,382.0,382.0,382.0
complementary,member,0,24,independent_arena,parameter_nrmse,0.016913547571582033,0.01251794918810305,0.021677280715842726
complementary,member,0,24,independent_arena,failed_updates,0.0,0.0,0.0
complementary,member,1,24,independent_arena,crps_aulc_ticks,0.2582133201398587,0.23865979789589012,0.2780767986537453
complementary,member,1,24,independent_arena,probe_crps,0.235774722827817,0.21420681518713802,0.2571814425025675
complementary,member,1,24,independent_arena,crps_aulc_evidence,0.26350100268004817,0.24440934799870073,0.28271069511620267
complementary,member,1,24,independent_arena,coverage_90,0.9033203125,0.8834635416666666,0.9241536458333334
complementary,member,1,24,independent_arena,interval_width_90,1.293679729044191,1.1729721675083888,1.4082283146908892
complementary,member,1,24,independent_arena,unique_observations,382.0,382.0,382.0
complementary,member,1,24,independent_arena,parameter_nrmse,0.017052489968355195,0.012646464583417056,0.021735740487285417
complementary,member,1,24,independent_arena,failed_updates,0.0,0.0,0.0
complementary,member,2,24,independent_arena,crps_aulc_ticks,0.258666639591312,0.23955201665068387,0.27831626433453066
complementary,member,2,24,independent_arena,probe_crps,0.23576572114572783,0.21425451123904954,0.2569073639641542
complementary,member,2,24,independent_arena,crps_aulc_evidence,0.26356177688576804,0.24439583172276522,0.28327317288874576
complementary,member,2,24,independent_arena,coverage_90,0.9013671875,0.8821533203125,0.9215494791666666
complementary,member,2,24,independent_arena,interval_width_90,1.2933542649826537,1.1729553902137557,1.4077355683084685
complementary,member,2,24,independent_arena,unique_observations,382.0,382.0,382.0
complementary,member,2,24,independent_arena,parameter_nrmse,0.016725699467432752,0.012272747748104777,0.02155784716438583
complementary,member,2,24,independent_arena,failed_updates,0.0,0.0,0.0
complementary,institution,all,24,independent_arena,crps_aulc_ticks,0.26505678898331225,0.24630457821937438,0.28360599679620585
complementary,institution,all,24,independent_arena,probe_crps,0.23589283481751722,0.2144151323489799,0.2573236793498228
complementary,institution,all,24,independent_arena,coverage_90,0.9049479166666666,0.884548611111111,0.9253580729166667
complementary,institution,all,24,independent_arena,interval_width_90,1.296226650051919,1.1753220018711366,1.4105025613920477
complementary,institution,all,24,independent_arena,unique_observations,254.0,254.0,254.0
complementary,institution,all,24,independent_arena,parameter_nrmse,0.02153937395427287,0.017522872981980384,0.02575133483422908
complementary,institution,all,24,independent_arena,failed_updates,0.0,0.0,0.0
complementary,institution,0,24,independent_arena,crps_aulc_ticks,0.2636658235991601,0.2445900149042388,0.2829174418134709
complementary,institution,0,24,independent_arena,probe_crps,0.2348071191846902,0.2130127385525266,0.2562640665889699
complementary,institution,0,24,independent_arena,coverage_90,0.9140625,0.8971354166666666,0.9322916666666666
complementary,institution,0,24,independent_arena,interval_width_90,1.295665023166874,1.1756515247684085,1.4092184382201325
complementary,institution,0,24,independent_arena,unique_observations,254.0,254.0,254.0
complementary,institution,0,24,independent_arena,parameter_nrmse,0.021316729262735118,0.01622154781620745,0.026943218726705003
complementary,institution,0,24,independent_arena,failed_updates,0.0,0.0,0.0
complementary,institution,1,24,independent_arena,crps_aulc_ticks,0.2645501302440722,0.245581237364024,0.2838688160863524
complementary,institution,1,24,independent_arena,probe_crps,0.2366240969887042,0.21501030002475185,0.2581936245647153
complementary,institution,1,24,independent_arena,coverage_90,0.8984375,0.875,0.921875
complementary,institution,1,24,independent_arena,interval_width_90,1.297250875791396,1.1761783949677322,1.411659354457634
complementary,institution,1,24,independent_arena,unique_observations,254.0,254.0,254.0
complementary,institution,1,24,independent_arena,parameter_nrmse,0.02154700044627984,0.016253062825512303,0.027151624129487923
complementary,institution,1,24,independent_arena,failed_updates,0.0,0.0,0.0
complementary,institution,2,24,independent_arena,crps_aulc_ticks,0.26695441310670454,0.24855623245106073,0.2853464824017138
complementary,institution,2,24,independent_arena,probe_crps,0.23624728827915722,0.21533364045913456,0.2567728790125443
complementary,institution,2,24,independent_arena,coverage_90,0.90234375,0.87890625,0.92578125
complementary,institution,2,24,independent_arena,interval_width_90,1.2957640511974873,1.1753319145481256,1.4100610574679016
complementary,institution,2,24,independent_arena,unique_observations,254.0,254.0,254.0
complementary,institution,2,24,independent_arena,parameter_nrmse,0.021754392153803648,0.01611116644146307,0.027413868411761362
complementary,institution,2,24,independent_arena,failed_updates,0.0,0.0,0.0
delayed_complementary,member,all,24,independent_arena,crps_aulc_ticks,0.25956414599814065,0.2406249426760924,0.27889909749758784
delayed_complementary,member,all,24,independent_arena,probe_crps,0.23577255298776723,0.21439522426026594,0.25705905345188296
delayed_complementary,member,all,24,independent_arena,crps_aulc_evidence,0.2629209364188047,0.2437467620666058,0.28199785410189065
delayed_complementary,member,all,24,independent_arena,coverage_90,0.9033203125,0.8836751302083332,0.9233968098958334
delayed_complementary,member,all,24,independent_arena,interval_width_90,1.2935060707151733,1.1730950308065062,1.4076977260235455
delayed_complementary,member,all,24,independent_arena,unique_observations,376.0,376.0,376.0
delayed_complementary,member,all,24,independent_arena,parameter_nrmse,0.017168227446623514,0.012926322700151715,0.021789218297760097
delayed_complementary,member,all,24,independent_arena,failed_updates,0.0,0.0,0.0
delayed_complementary,member,0,24,independent_arena,crps_aulc_ticks,0.26014321556361236,0.24081599923742134,0.27968762875678815
delayed_complementary,member,0,24,independent_arena,probe_crps,0.2356867257383646,0.21434805195612036,0.2569495617554966
delayed_complementary,member,0,24,independent_arena,crps_aulc_evidence,0.26345302981710655,0.24419549142559763,0.28302271674072593
delayed_complementary,member,0,24,independent_arena,coverage_90,0.9036458333333334,0.884765625,0.9228515625
delayed_complementary,member,0,24,independent_arena,interval_width_90,1.2930299422247629,1.1729869831138404,1.4067757764206499
delayed_complementary,member,0,24,independent_arena,unique_observations,376.0,376.0,376.0
delayed_complementary,member,0,24,independent_arena,parameter_nrmse,0.01689544903796138,0.012651684523505203,0.021359695569792808
delayed_complementary,member,0,24,independent_arena,failed_updates,0.0,0.0,0.0
delayed_complementary,member,1,24,independent_arena,crps_aulc_ticks,0.2592317956535752,0.24022212521988787,0.2784869839604485
delayed_complementary,member,1,24,independent_arena,probe_crps,0.2358324745963832,0.21432156025228274,0.2571994357427903
delayed_complementary,member,1,24,independent_arena,crps_aulc_evidence,0.26228161179309467,0.24321718366857334,0.281814975801835
delayed_complementary,member,1,24,independent_arena,coverage_90,0.9033203125,0.8821533203125,0.9248046875
delayed_complementary,member,1,24,independent_arena,interval_width_90,1.2936201138180492,1.1731423400631111,1.4083765309869853
delayed_complementary,member,1,24,independent_arena,unique_observations,376.0,376.0,376.0
delayed_complementary,member,1,24,independent_arena,parameter_nrmse,0.017425670551920288,0.013100523710768091,0.02198332037490795
delayed_complementary,member,1,24,independent_arena,failed_updates,0.0,0.0,0.0
delayed_complementary,member,2,24,independent_arena,crps_aulc_ticks,0.2593174267772344,0.24068093347335293,0.27860866228979375
delayed_complementary,member,2,24,independent_arena,probe_crps,0.23579845862855395,0.2144569680465832,0.25689130001395877
delayed_complementary,member,2,24,independent_arena,crps_aulc_evidence,0.2630281676462129,0.24406401740938374,0.28236279288238886
delayed_complementary,member,2,24,independent_arena,coverage_90,0.9029947916666666,0.8841145833333334,0.9231770833333334
delayed_complementary,member,2,24,independent_arena,interval_width_90,1.2938681561027083,1.1728529874854692,1.4080940734947627
delayed_complementary,member,2,24,independent_arena,unique_observations,376.0,376.0,376.0
delayed_complementary,member,2,24,independent_arena,parameter_nrmse,0.01718356274998888,0.012825658178857169,0.021961883718031597
delayed_complementary,member,2,24,independent_arena,failed_updates,0.0,0.0,0.0
delayed_complementary,institution,all,24,independent_arena,crps_aulc_ticks,0.28281969070402535,0.2676319989726904,0.29829393014748934
delayed_complementary,institution,all,24,independent_arena,probe_crps,0.23592193711483025,0.21441514040712514,0.2573524776240399
delayed_complementary,institution,all,24,independent_arena,coverage_90,0.9019097222222223,0.8797743055555557,0.9240451388888888
delayed_complementary,institution,all,24,independent_arena,interval_width_90,1.2958483596724821,1.1751025486676867,1.4102902350127065
delayed_complementary,institution,all,24,independent_arena,unique_observations,248.0,248.0,248.0
delayed_complementary,institution,all,24,independent_arena,parameter_nrmse,0.021616727154776662,0.017828604701139374,0.02548888647640526
delayed_complementary,institution,all,24,independent_arena,failed_updates,0.0,0.0,0.0
delayed_complementary,institution,0,24,independent_arena,crps_aulc_ticks,0.28244765815439105,0.2673303303483119,0.2980324232901529
delayed_complementary,institution,0,24,independent_arena,probe_crps,0.23475127998309595,0.21299450511016957,0.2562390400572948
delayed_complementary,institution,0,24,independent_arena,coverage_90,0.9114583333333334,0.8931966145833333,0.9309895833333334
delayed_complementary,institution,0,24,independent_arena,interval_width_90,1.2952343655050536,1.17540616977511,1.409511202998131
delayed_complementary,institution,0,24,independent_arena,unique_observations,248.0,248.0,248.0
delayed_complementary,institution,0,24,independent_arena,parameter_nrmse,0.021249349870040735,0.016613807374485742,0.026495705262898107
delayed_complementary,institution,0,24,independent_arena,failed_updates,0.0,0.0,0.0
delayed_complementary,institution,1,24,independent_arena,crps_aulc_ticks,0.28334613087931554,0.2675708751814439,0.2997774979897819
delayed_complementary,institution,1,24,independent_arena,probe_crps,0.23670134000803242,0.21501556206924077,0.2582198571353508
delayed_complementary,institution,1,24,independent_arena,coverage_90,0.8971354166666666,0.87109375,0.9231770833333334
delayed_complementary,institution,1,24,independent_arena,interval_width_90,1.2966256970424388,1.1750908657372212,1.410805971731259
delayed_complementary,institution,1,24,independent_arena,unique_observations,248.0,248.0,248.0
delayed_complementary,institution,1,24,independent_arena,parameter_nrmse,0.021577338483151725,0.016407129009365782,0.02693548214953964
delayed_complementary,institution,1,24,independent_arena,failed_updates,0.0,0.0,0.0
delayed_complementary,institution,2,24,independent_arena,crps_aulc_ticks,0.2826652830783695,0.2668413333677893,0.298945711681852
delayed_complementary,institution,2,24,independent_arena,probe_crps,0.23631319135336237,0.21546678474718614,0.2568182269551682
delayed_complementary,institution,2,24,independent_arena,coverage_90,0.8971354166666666,0.875,0.9192708333333334
delayed_complementary,institution,2,24,independent_arena,interval_width_90,1.2956850164699538,1.17504507284561,1.4098575767244645
delayed_complementary,institution,2,24,independent_arena,unique_observations,248.0,248.0,248.0
delayed_complementary,institution,2,24,independent_arena,parameter_nrmse,0.02202349311113753,0.016590351065768037,0.02750390270032393
delayed_complementary,institution,2,24,independent_arena,failed_updates,0.0,0.0,0.0
union_ceiling,member,all,24,independent_arena,crps_aulc_ticks,0.2572887665626484,0.23781269044469283,0.2769968620656454
union_ceiling,member,all,24,independent_arena,probe_crps,0.23569347125183457,0.21415572901339708,0.2570235851954168
union_ceiling,member,all,24,independent_arena,crps_aulc_evidence,0.2636162132150182,0.24391819873453355,0.2839008876114659
union_ceiling,member,all,24,independent_arena,coverage_90,0.9044053819444443,0.884765625,0.9243706597222223
union_ceiling,member,all,24,independent_arena,interval_width_90,1.2935465911251303,1.1731264217713024,1.4079603459137084
union_ceiling,member,all,24,independent_arena,unique_observations,384.0,384.0,384.0
union_ceiling,member,all,24,independent_arena,parameter_nrmse,0.016790814782060584,0.012439904209217017,0.021584568433393722
union_ceiling,member,all,24,independent_arena,failed_updates,0.0,0.0,0.0
union_ceiling,member,0,24,independent_arena,crps_aulc_ticks,0.25716490399641667,0.23772313641940224,0.2770256651470758
union_ceiling,member,0,24,independent_arena,probe_crps,0.23562254533223417,0.2141657205439337,0.25687341935117314
union_ceiling,member,0,24,independent_arena,crps_aulc_evidence,0.26427910128604143,0.24418267689836737,0.2848792727722571
union_ceiling,member,0,24,independent_arena,coverage_90,0.9046223958333334,0.8857340494791667,0.9241536458333334
union_ceiling,member,0,24,independent_arena,interval_width_90,1.2932360893435544,1.1729318768967574,1.407066902918667
union_ceiling,member,0,24,independent_arena,unique_observations,384.0,384.0,384.0
union_ceiling,member,0,24,independent_arena,parameter_nrmse,0.01681104650952205,0.012393344765519681,0.021563731439903186
union_ceiling,member,0,24,independent_arena,failed_updates,0.0,0.0,0.0
union_ceiling,member,1,24,independent_arena,crps_aulc_ticks,0.25745561056859645,0.2376509678024976,0.27720416525934
union_ceiling,member,1,24,independent_arena,probe_crps,0.2357347710028274,0.21418301637106946,0.2571866333608051
union_ceiling,member,1,24,independent_arena,crps_aulc_evidence,0.2629165692814322,0.24315070363944474,0.2825116936202963
union_ceiling,member,1,24,independent_arena,coverage_90,0.904296875,0.8844401041666666,0.9248046875
union_ceiling,member,1,24,independent_arena,interval_width_90,1.2938543261628122,1.1732214957933025,1.4086601434635642
union_ceiling,member,1,24,independent_arena,unique_observations,384.0,384.0,384.0
union_ceiling,member,1,24,independent_arena,parameter_nrmse,0.01674866003455012,0.012353584481862424,0.021530650698070634
union_ceiling,member,1,24,independent_arena,failed_updates,0.0,0.0,0.0
union_ceiling,member,2,24,independent_arena,crps_aulc_ticks,0.257245785122932,0.23791730188489005,0.2769598835414765
union_ceiling,member,2,24,independent_arena,probe_crps,0.23572309742044203,0.21422223501045778,0.25687128204347776
union_ceiling,member,2,24,independent_arena,crps_aulc_evidence,0.26365296907758107,0.24416467983376827,0.28377920046483257
union_ceiling,member,2,24,independent_arena,coverage_90,0.904296875,0.8837890625,0.9251302083333334
union_ceiling,member,2,24,independent_arena,interval_width_90,1.2935493578690245,1.173098443409205,1.4082195798893575
union_ceiling,member,2,24,independent_arena,unique_observations,384.0,384.0,384.0
union_ceiling,member,2,24,independent_arena,parameter_nrmse,0.016812737802109592,0.012435667306179803,0.02159330179517679
union_ceiling,member,2,24,independent_arena,failed_updates,0.0,0.0,0.0
union_ceiling,institution,all,24,independent_arena,crps_aulc_ticks,0.25739660653960783,0.2379678001731755,0.2771538298360747
union_ceiling,institution,all,24,independent_arena,probe_crps,0.2356643419554715,0.21409753526227324,0.2569958484967405
union_ceiling,institution,all,24,independent_arena,coverage_90,0.9027777777777778,0.8823784722222223,0.923611111111111
union_ceiling,institution,all,24,independent_arena,interval_width_90,1.293381079272301,1.1722659630994496,1.4078289864827738
union_ceiling,institution,all,24,independent_arena,unique_observations,384.0,384.0,384.0
union_ceiling,institution,all,24,independent_arena,parameter_nrmse,0.016933607021226624,0.012493763899873812,0.02176379520970752
union_ceiling,institution,all,24,independent_arena,failed_updates,0.0,0.0,0.0
union_ceiling,institution,0,24,independent_arena,crps_aulc_ticks,0.25720044361613503,0.23783779122247983,0.276826250558972
union_ceiling,institution,0,24,independent_arena,probe_crps,0.23533822408829672,0.21397805480223978,0.2564158423753727
union_ceiling,institution,0,24,independent_arena,coverage_90,0.9049479166666666,0.8841145833333334,0.9258138020833332
union_ceiling,institution,0,24,independent_arena,interval_width_90,1.2931314183345541,1.1723033878106075,1.4070331711037098
union_ceiling,institution,0,24,independent_arena,unique_observations,384.0,384.0,384.0
union_ceiling,institution,0,24,independent_arena,parameter_nrmse,0.016865657007372182,0.012453651880366567,0.021690440759713367
union_ceiling,institution,0,24,independent_arena,failed_updates,0.0,0.0,0.0
union_ceiling,institution,1,24,independent_arena,crps_aulc_ticks,0.2579390769906627,0.23839111356133166,0.27780502352343595
union_ceiling,institution,1,24,independent_arena,probe_crps,0.23634282491886296,0.2149055388862143,0.25788260367815247
union_ceiling,institution,1,24,independent_arena,coverage_90,0.9010416666666666,0.87890625,0.9231770833333334
union_ceiling,institution,1,24,independent_arena,interval_width_90,1.2938262652181265,1.173230585134416,1.4089370556940892
union_ceiling,institution,1,24,independent_arena,unique_observations,384.0,384.0,384.0
union_ceiling,institution,1,24,independent_arena,parameter_nrmse,0.016804766242169852,0.012388263150187406,0.021497998185576545
union_ceiling,institution,1,24,independent_arena,failed_updates,0.0,0.0,0.0
union_ceiling,institution,2,24,independent_arena,crps_aulc_ticks,0.25705029901202564,0.2372136733674567,0.2768790085825246
union_ceiling,institution,2,24,independent_arena,probe_crps,0.23531197685925487,0.2139535710457048,0.25644301923071394
union_ceiling,institution,2,24,independent_arena,coverage_90,0.90234375,0.8815104166666666,0.9244791666666666
union_ceiling,institution,2,24,independent_arena,interval_width_90,1.293185554264222,1.1725408602165683,1.408082641202291
union_ceiling,institution,2,24,independent_arena,unique_observations,384.0,384.0,384.0
union_ceiling,institution,2,24,independent_arena,parameter_nrmse,0.017130397814137843,0.01258407302482074,0.022033538516114958
union_ceiling,institution,2,24,independent_arena,failed_updates,0.0,0.0,0.0
