study,panel,renewal_rate,need,paired_configurations,condition,consumption_per_agent_tick,depleted_patch_time_fraction,late_consumption_per_agent_tick,max_ledger_residual,max_relative_ledger_residual,max_unaffordable_known_returns,movement_steps_per_agent,shortfall_per_agent_tick,terminal_inventory_per_agent,terminal_stock_fraction,total_harvest_cost,total_movement_cost,total_waste,consumption_fraction_of_need
commons-v3-need-development-v1,additive,0.24,1.2,4,focal_greedy_need_0,1.1937661177929009,0.045166015625,1.1992763415983438,1.7380541450506826e-13,1.409246307963226e-16,0,0.3333333333333333,0.0062338822070933195,3.3593760984979464,0.8732107956775638,150.3527357976243,0.16,0.0,0.9948050981607508
commons-v3-need-development-v1,additive,0.24,1.2,4,focal_greedy_need_2,1.1997841828085893,0.04534912109375,1.1996374095436924,1.763311718860905e-13,1.1235043315303536e-16,0,0.3333333333333333,0.00021581719140494873,4.242066809000569,0.8566346982695712,151.53966576718452,0.16,0.0,0.9998201523404912
commons-v3-need-development-v1,additive,0.24,1.2,4,need_0,1.1993489583229109,0.0,1.2000000000000015,1.3777867735598193e-13,8.755905656758016e-17,0,0.3333333333333333,0.0006510416770833332,0.08000000800000007,0.9094997079046396,149.44653061485755,0.16,0.0,0.9994574652690924
commons-v3-need-development-v1,additive,0.24,1.2,4,need_2,1.1999999999999942,0.0,1.2000000000000015,1.3922196728799463e-13,1.2398864813242201e-16,0,0.3333333333333333,0.0,2.480000008,0.8913223694695241,150.70367347330654,0.16,0.0,0.9999999999999952
commons-v3-need-development-v1,grid,0.12,0.8,4,focal_greedy_need_0,0.2893143040975452,0.4517822265625,0.09705721723812571,1.1095638297042854e-13,1.1972092455327601e-16,0,67.52083333333333,0.5106856959024548,3.329596753876364,0.5135220625033373,37.58913074425206,32.41000000000002,0.0,0.3616428801219315
commons-v3-need-development-v1,grid,0.12,0.8,4,focal_greedy_need_2,0.2862004730310348,0.468017578125,0.07243386213467382,1.2573622698575093e-13,1.5105535525037447e-16,0,67.29166666666667,0.513799526968965,3.4118161657190145,0.517497403363196,37.23672029142723,32.30000000000002,0.0,0.3577505912887935
commons-v3-need-development-v1,grid,0.12,0.8,4,need_0,0.3430834994673321,0.40655517578125,0.10833333333333323,9.801014166921362e-14,1.0306092016233409e-16,0,65.46875,0.4569165005326674,0.034903502181809196,0.47772129928158724,42.69730009754396,31.42500000000002,0.0,0.42885437433416507
commons-v3-need-development-v1,grid,0.12,0.8,4,need_2,0.3571144269979446,0.43231201171875,0.1217569383524046,9.57012247226885e-14,1.1432805053918932e-16,0,61.135416666666664,0.4428855730020549,0.2831211724178742,0.4945668189411142,44.53573362476334,29.345000000000017,0.0,0.4463930337474307
commons-v3-need-development-v1,grid,0.12,1.2,4,focal_greedy_need_0,0.2388663263923878,0.51629638671875,0.0750000000000001,1.2406742300186124e-13,1.5080670506820327e-16,0,84.01041666666667,0.9611336736076082,0.02698360720391934,0.4749419492537976,29.807496243423,40.325000000000024,0.0,0.19905527199365652
commons-v3-need-development-v1,grid,0.12,1.2,4,focal_greedy_need_2,0.1922836173766777,0.5472412109375,0.0,1.2848055952474624e-13,1.4386840476059445e-16,0,83.89583333333333,1.0077163826233184,0.02458273517296951,0.5315413604626469,23.964296547070568,40.270000000000024,0.0,0.1602363478138981
commons-v3-need-development-v1,grid,0.12,1.2,4,need_0,0.3361686158230866,0.49884033203125,0.20000000000000026,1.0400014183176154e-13,1.2859572291282557e-16,0,87.59375,0.8638313841769091,0.032198148283636,0.359539125530187,42.04566798318081,42.04500000000003,0.0,0.2801405131859055
commons-v3-need-development-v1,grid,0.12,1.2,4,need_2,0.2439676523738342,0.49700927734375,0.06250000000000008,1.1907141939104804e-13,1.5086167301840783e-16,0,75.9375,0.9560323476261621,0.15250384979407766,0.5284935312564799,30.42953772612032,36.450000000000024,0.0,0.20330637697819517
commons-v3-need-development-v1,grid,0.12,1.6,4,focal_greedy_need_0,0.18110248569099235,0.5513916015625,0.01902504268692215,1.0892241969484573e-13,1.0869684764535312e-16,0,86.27083333333333,1.4188975143090112,0.8135186422705629,0.48677417580215215,22.972002438774496,41.410000000000025,0.0,0.11318905355687021
commons-v3-need-development-v1,grid,0.12,1.6,4,focal_greedy_need_2,0.18719042521951845,0.52899169921875,0.03790890831306465,9.225346181418459e-14,9.431126006618338e-17,0,79.95833333333333,1.412809574780485,0.09112283406389657,0.5261518707880419,23.319692256454196,38.380000000000024,0.0,0.11699401576219903
commons-v3-need-development-v1,grid,0.12,1.6,4,need_0,0.19079296894187228,0.564697265625,0.028124999999999983,9.762893618536772e-14,9.884676528662219e-17,0,91.52083333333333,1.409207031058131,0.031239854428504594,0.4605725377909389,23.855341993574424,43.93000000000003,0.0,0.11924560558867017
commons-v3-need-development-v1,grid,0.12,1.6,4,need_2,0.18418756311599288,0.51947021484375,0.02249573224589454,1.1273967870373269e-13,1.2611332597221492e-16,0,79.47916666666667,1.4158124368840106,0.05889700022191398,0.5269116463896198,22.92269215897932,38.15000000000002,0.0,0.11511722694749554
commons-v3-need-development-v1,grid,0.24,0.8,4,focal_greedy_need_0,0.764108025702644,0.041259765625,0.7583333333333325,1.8841872506669688e-13,1.385394184719907e-16,0,7.4375,0.035891974297358735,3.3734941637102756,0.8399731102164986,96.55537897645098,3.570000000000002,0.0,0.955135032128305
commons-v3-need-development-v1,grid,0.24,0.8,4,focal_greedy_need_2,0.7952807277203282,0.01861572265625,0.7948662888974212,1.5515366769136563e-13,1.480231535659844e-16,0,2.5,0.0047192722796746064,4.816041674333333,0.8238707886788661,101.12224063872867,1.2000000000000002,0.0,0.9941009096504102
commons-v3-need-development-v1,grid,0.24,0.8,4,need_0,0.7993489583229196,0.0,0.7999999999999992,1.3566925360919413e-13,1.0467950981346137e-16,0,0.3333333333333333,0.0006510416770833336,0.08000000799999996,0.8786103924964895,99.29142857404136,0.16,0.0,0.9991861979036495
commons-v3-need-development-v1,grid,0.24,0.8,4,need_2,0.8000000000000029,0.0,0.7999999999999992,1.3922196728799463e-13,1.1084883857113109e-16,0,0.3333333333333333,0.0,1.6800000080000002,0.8786103924964895,100.15673469779648,0.16,0.0,1.0000000000000036
commons-v3-need-development-v1,grid,0.24,1.2,4,focal_greedy_need_0,0.8050490099836873,0.22662353515625,0.5021684186444912,1.1228518115302677e-13,1.339935118324019e-16,0,41.0625,0.39495099001630934,3.3255655840625273,0.5345097155305023,101.9947896195367,19.71000000000001,0.0,0.6708741749864061
commons-v3-need-development-v1,grid,0.24,1.2,4,focal_greedy_need_2,0.8657620662477333,0.2098388671875,0.6043744349471344,1.327549181695531e-13,1.323059848768858e-16,0,34.42708333333333,0.33423793375226263,4.015945540236527,0.48051987181851147,109.8806087345261,16.525000000000006,0.0,0.7214683885397778
commons-v3-need-development-v1,grid,0.24,1.2,4,need_0,1.1230826091031623,0.05938720703125,0.9101575895546569,9.77273817426294e-14,1.0402744137630378e-16,0,11.177083333333334,0.07691739089683267,0.06214116683690077,0.5018017153777523,139.98114159865224,5.365000000000002,0.0,0.9359021742526352
commons-v3-need-development-v1,grid,0.24,1.2,4,need_2,1.1372478978478893,0.06591796875,0.9594618305794752,1.3072876114961218e-13,1.3197477506237736e-16,0,10.322916666666668,0.0627521021521055,1.5776934551937432,0.4495601834783368,142.49123933269647,4.955000000000001,0.0,0.9477065815399077
commons-v3-need-development-v1,grid,0.24,1.6,4,focal_greedy_need_0,0.41568179396596033,0.44427490234375,0.18333333333333313,1.2245759961615477e-13,1.4484721772176957e-16,0,73.42708333333333,1.1843182060340418,2.4771040795195254,0.5846585362405701,53.07437632725161,35.24500000000002,0.0,0.2598011212287252
commons-v3-need-development-v1,grid,0.24,1.6,4,focal_greedy_need_2,0.36981435467696444,0.44525146484375,0.1333333333333332,1.2635378854319868e-13,1.3545799853710296e-16,0,73.26041666666666,1.2301856453230378,1.0759368040455448,0.5726768167737424,46.63524241698704,35.16500000000002,0.0,0.23113397167310276
commons-v3-need-development-v1,grid,0.24,1.6,4,need_0,0.48289361999106856,0.41595458984375,0.25513770437899,9.318934512947408e-14,8.510103006438603e-17,0,69.59375,1.1171063800089336,0.03554819357081495,0.5701893771199488,60.26850118103729,33.40500000000002,0.0,0.3018085124944178
commons-v3-need-development-v1,grid,0.24,1.6,4,need_2,0.40368045196717384,0.42218017578125,0.16874999999999982,1.2650297476213268e-13,1.3487366194765268e-16,0,69.76041666666667,1.1963195480328284,0.3987864879879898,0.5803506960776984,50.51568515506186,33.48500000000002,0.0,0.2523002824794836
commons-v3-need-development-v1,grid,0.36,0.8,4,focal_greedy_need_0,0.7979651000147154,0.00482177734375,0.7999999999999992,1.799810300795457e-13,1.4814289029307627e-16,0,0.8541666666666666,0.0020348999852874846,3.3766666743333333,0.9364053835525162,100.73770560560038,0.41000000000000003,0.0,0.9974563750183942
commons-v3-need-development-v1,grid,0.36,0.8,4,focal_greedy_need_2,0.7985216182340772,0.0052490234375,0.7999999999999992,1.5018541965616805e-13,1.3431947502178565e-16,0,0.9166666666666666,0.0014783817659257373,4.9100000076666666,0.9367546355071416,101.55911882886078,0.44,0.0,0.9981520227925964
commons-v3-need-development-v1,grid,0.36,0.8,4,need_0,0.7993489583229196,0.0,0.7999999999999992,1.3922196728799463e-13,1.0686179091939092e-16,0,0.3333333333333333,0.0006510416770833336,0.08000000799999996,0.9374710667794591,99.29142857404136,0.16,0.0,0.9991861979036495
commons-v3-need-development-v1,grid,0.36,0.8,4,need_2,0.8000000000000029,0.0,0.7999999999999992,1.3922196728799463e-13,1.1279723199869567e-16,0,0.3333333333333333,0.0,1.6800000080000002,0.9374710667794591,100.15673469779648,0.16,0.0,1.0000000000000036
commons-v3-need-development-v1,grid,0.36,1.2,4,focal_greedy_need_0,1.1695242857883454,0.03076171875,1.1310889063100111,1.5508427875232655e-13,1.0777378168214649e-16,0,5.552083333333333,0.03047571421164917,3.3569802520441203,0.8625818682948758,147.36305587617767,2.6650000000000005,0.0,0.9746035714902879
commons-v3-need-development-v1,grid,0.36,1.2,4,focal_greedy_need_2,1.1828373143717816,0.0225830078125,1.1713773845837423,1.685596107137144e-13,1.3039266902771685e-16,0,3.8125,0.017162685628212847,5.55852976729359,0.8779875207548347,150.09361579419033,1.8300000000000003,0.0,0.9856977619764847
commons-v3-need-development-v1,grid,0.36,1.2,4,need_0,1.1993489583229109,0.0,1.2000000000000015,1.1812772982011666e-13,9.547291356429453e-17,0,0.3333333333333333,0.0006510416770833332,0.08000000800000007,0.8931158331734148,149.44653061485755,0.16,0.0,0.9994574652690924
commons-v3-need-development-v1,grid,0.36,1.2,4,need_2,1.1999999999999942,0.0,1.2000000000000015,1.4011014570769476e-13,1.0851918365475201e-16,0,0.3333333333333333,0.0,2.480000008,0.8931158331734149,150.70367347330654,0.16,0.0,0.9999999999999952
commons-v3-need-development-v1,grid,0.36,1.6,4,focal_greedy_need_0,1.1352798569804254,0.1673583984375,0.8130388656258851,1.314087727521951e-13,1.331127413770611e-16,0,32.8125,0.46472014301957626,3.3179825193029515,0.7111255360211346,143.3171637092044,15.750000000000007,0.0,0.7095499106127658
commons-v3-need-development-v1,grid,0.36,1.6,4,focal_greedy_need_2,1.2794249922593572,0.12774658203125,1.1666666666666654,1.3494760864318778e-13,1.2041978249057223e-16,0,22.96875,0.3205750077406463,5.529905513585175,0.7611218588973929,162.37816091362342,11.025000000000006,0.0,0.7996406201620982
commons-v3-need-development-v1,grid,0.36,1.6,4,need_0,1.598307291656256,0.0,1.5999999999999983,1.3455903058456897e-13,1.0373620783912152e-16,0,0.3333333333333333,0.0016927083437500003,0.08000000800000007,0.8263028792752428,199.47102041077662,0.16,0.0,0.99894205728516
commons-v3-need-development-v1,grid,0.36,1.6,4,need_2,1.6000000000000059,0.0,1.5999999999999983,2.0616841567289157e-13,1.5112123200440928e-16,0,0.3333333333333333,0.0,3.2800000079999996,0.826302879275241,201.2506122488175,0.16,0.0,1.0000000000000036
commons-v3-need-development-v1,keyed_priority,0.24,1.2,4,focal_greedy_need_0,0.8599855581901009,0.21197509765625,0.5845817171235503,1.1460277171693178e-13,1.339935118324019e-16,0,33.645833333333336,0.3400144418098951,3.0883232073391116,0.4447916514211092,108.6943066631867,16.150000000000006,0.0,0.7166546318250842
commons-v3-need-development-v1,keyed_priority,0.24,1.2,4,focal_greedy_need_2,0.7822420411600185,0.25372314453125,0.4799691582823118,1.2866097076624783e-13,1.323059848768858e-16,0,40.010416666666664,0.41775795883997824,4.102426142992511,0.5090167992834247,99.50527200651011,19.20500000000001,0.0,0.6518683676333488
commons-v3-need-development-v1,keyed_priority,0.24,1.2,4,need_0,1.1213740407147275,0.06268310546875,0.903300181154614,9.77273817426294e-14,1.0402744137630378e-16,0,9.989583333333334,0.07862595928526742,0.06048296733880929,0.48325270762896433,139.75446321158088,4.795000000000001,0.0,0.934478367262273
commons-v3-need-development-v1,keyed_priority,0.24,1.2,4,need_2,1.1128355758227295,0.0692138671875,0.8631839271435823,1.3072876114961218e-13,1.3197477506237736e-16,0,10.739583333333334,0.08716442417726562,1.4261831026342526,0.48192905560410604,139.36010555751255,5.155000000000001,0.0,0.9273629798522747
commons-v3-need-development-v1,long_horizon,0.24,1.2,4,focal_greedy_need_0,0.5665884411732687,0.30682373046875,0.3104930897484792,1.1379786002407855e-13,1.339935118324019e-16,0,114.02083333333333,0.6334115588267273,3.319908798834124,0.5726432612840487,143.84993012875793,54.73000000000002,0.0,0.47215703431105727
commons-v3-need-development-v1,long_horizon,0.24,1.2,4,focal_greedy_need_2,0.6126648120565189,0.280853271484375,0.3241063017293205,1.327549181695531e-13,1.323059848768858e-16,0,93.63541666666667,0.5873351879434769,3.870464510103014,0.6223001346821447,155.47472160802,44.94500000000003,0.0,0.5105540100470991
commons-v3-need-development-v1,long_horizon,0.24,1.2,4,need_0,0.798804163310604,0.2069091796875,0.38308807815710033,9.899026043314052e-14,1.0402744137630378e-16,0,74.51041666666667,0.40119583668939185,0.039625581094083207,0.5694690143127032,200.09023617769336,35.76500000000002,0.0,0.6656701360921701
commons-v3-need-development-v1,long_horizon,0.24,1.2,4,need_2,0.8046150793549617,0.2135009765625,0.3857097702310323,1.3072876114961218e-13,1.3197477506237736e-16,0,71.85416666666667,0.39538492064503405,0.6146510809098151,0.521295111780494,201.80309634807392,34.49000000000002,0.0,0.6705125661291348
commons-v3-need-development-v1,lower_stock,0.24,1.2,4,focal_greedy_need_0,0.8451677531656379,0.228271484375,0.5845623424073852,9.767187059139815e-14,7.12782342032277e-17,0,39.03125,0.35483224683435866,3.33127944960977,0.5168803063679012,107.0080894334763,18.73500000000001,0.0,0.704306460971365
commons-v3-need-development-v1,lower_stock,0.24,1.2,4,focal_greedy_need_2,0.5846436888700488,0.36199951171875,0.292783664459677,1.0275634509948617e-13,1.1195609670784295e-16,0,61.25,0.6153563111299485,3.823515782747321,0.5221458920266263,74.80031026945973,29.400000000000016,0.0,0.48720307405837404
commons-v3-need-development-v1,lower_stock,0.24,1.2,4,need_0,1.06356981725277,0.09954833984375,0.7652726233777729,8.948397578478762e-14,5.262936771728075e-17,0,18.520833333333332,0.1364301827472258,0.05749242473067705,0.5117153808873975,132.5886280692774,8.890000000000004,0.0,0.8863081810439749
commons-v3-need-development-v1,lower_stock,0.24,1.2,4,need_2,0.8086857340119828,0.2740478515625,0.5441155672505852,1.0073886169692514e-13,8.240416947487866e-17,0,43.53125,0.39131426598801394,1.024415209996206,0.5640307664270444,101.3478798940725,20.89500000000001,0.0,0.6739047783433191
commons-v3-need-development-v1,small_inventory,0.24,1.2,4,focal_greedy_need_0,1.1214398274122055,0.064453125,0.903423702371559,1.0542955397596643e-13,1.1905932931131346e-16,0,12.0625,0.0785601725877894,0.27339153814875056,0.4787967272290302,139.88729992931036,5.790000000000002,0.0,0.9345331895101713
commons-v3-need-development-v1,small_inventory,0.24,1.2,4,focal_greedy_need_2,1.1363527275810925,0.0726318359375,0.9559376317774646,1.2159717677207027e-13,1.3453549513857536e-16,0,10.552083333333334,0.06364727241890229,1.7148050676766284,0.4126378780600565,142.4483975486228,5.065000000000001,0.0,0.9469606063175772
commons-v3-need-development-v1,small_inventory,0.24,1.2,4,need_0,1.1230826091031623,0.05938720703125,0.9101575895546569,9.77273817426294e-14,1.0402744137630378e-16,0,11.177083333333334,0.07691739089683267,0.06214116683690077,0.5018017153777523,139.98114159865224,5.365000000000002,0.0,0.9359021742526352
commons-v3-need-development-v1,small_inventory,0.24,1.2,4,need_2,1.1372478978478893,0.06591796875,0.9594618305794752,1.3072876114961218e-13,1.3197477506237736e-16,0,10.322916666666668,0.0627521021521055,1.5776934551937432,0.4495601834783368,142.49123933269647,4.955000000000001,0.0,0.9477065815399077
commons-v3-foundation-development-v2,additive,0.24,1.2,4,focal_greedy,1.1999999999999942,0.00701904296875,1.2000000000000015,2.738642645994105e-13,1.0021887677958786e-16,0,0.46875,0.0,31.555984225907856,0.7806890778861537,164.94629839636332,0.225,0.0,0.9999999999999952
commons-v3-foundation-development-v2,additive,0.24,1.2,4,greedy,1.1999999999999942,0.51092529296875,1.2000000000000015,2.406408405875027e-13,1.0437815407394201e-16,0,0.3333333333333333,0.0,37.57969588173725,0.5308189131803132,167.89536124819807,0.16,0.0,0.9999999999999952
commons-v3-foundation-development-v2,additive,0.24,1.2,4,half_greedy,1.1111501417921845,0.13275146484375,1.1084469787756208,2.8071989177647083e-13,1.1838132350198516e-16,0,2.2291666666666665,0.08884985820781133,39.99196402620944,0.7896252607601326,157.95476750612764,1.0699999999999998,0.0,0.9259584514934871
commons-v3-foundation-development-v2,additive,0.24,1.2,4,restraint,1.1999999999999942,0.0,1.2000000000000015,2.798039577811551e-13,1.139256266499696e-16,0,0.3333333333333333,0.0,31.046362548403856,0.7808189131803132,164.69536124819808,0.16,0.0,0.9999999999999952
commons-v3-foundation-development-v2,grid,0.12,0.8,4,focal_greedy,0.6278706876828464,0.03985595703125,0.593140354437023,1.877664690397296e-13,1.3009801361767395e-16,0,32.53125,0.17212931231715403,22.099564627580335,0.6741196339154064,88.89065420786399,15.615000000000009,0.0,0.784838359603558
commons-v3-foundation-development-v2,grid,0.12,0.8,4,greedy,0.14877537190186385,0.66766357421875,0.0333333333333333,1.0231746006006404e-13,1.1282278340830746e-16,0,110.05208333333334,0.6512246280981372,3.270022905214172,0.47417791042798735,20.35472315694269,52.82500000000004,0.0,0.1859692148773298
commons-v3-foundation-development-v2,grid,0.12,0.8,4,half_greedy,0.2638653095667064,0.635498046875,0.2426808801703024,1.1013065459586358e-13,1.2091252673619824e-16,0,80.0625,0.5361346904332935,7.573116570092022,0.4653066235773704,36.599454278776605,38.43000000000002,0.0,0.32983163695838297
commons-v3-foundation-development-v2,grid,0.12,0.8,4,restraint,0.6931330234438497,0.0,0.6653614376605181,1.9387269567516796e-13,1.1432413854687014e-16,0,0.3333333333333333,0.10686697655615116,26.453333338666667,0.6707653125967201,98.8908019625921,0.16,0.0,0.8664162793048121
commons-v3-foundation-development-v2,grid,0.12,1.2,4,focal_greedy,0.6760027661542747,0.07269287109375,0.6427468929448179,1.185648801360628e-13,1.0478206790642361e-16,0,91.5625,0.5239972338457237,5.9834014608276,0.5860642304282064,87.61046184309662,43.95000000000003,0.0,0.5633356384618956
commons-v3-foundation-development-v2,grid,0.12,1.2,4,greedy,0.1490422644760179,0.56500244140625,0.03235273245055084,1.0590063981991138e-13,1.1437342192048614e-16,0,88.3125,1.0509577355239776,1.719613725844868,0.5506029565912195,19.415844946141448,42.39000000000003,0.0,0.12420188706334825
commons-v3-foundation-development-v2,grid,0.12,1.2,4,half_greedy,0.32245340812394757,0.5452880859375,0.3171966189393209,8.970602038971265e-14,1.0687764940523154e-16,0,80.08333333333333,0.8775465918760493,4.1849394195149365,0.4249138958901466,42.28637317514069,38.440000000000026,0.0,0.268711173436623
commons-v3-foundation-development-v2,grid,0.12,1.2,4,restraint,0.8169691341877913,0.0,0.7919213143789903,1.0925982341092322e-13,1.0620244047796112e-16,0,85.6875,0.3830308658122067,6.117521797690875,0.538053750086184,105.29405884886494,41.13000000000003,0.0,0.6808076118231594
commons-v3-foundation-development-v2,grid,0.12,1.6,4,focal_greedy,0.7047930189893907,0.1217041015625,0.6487875918683619,1.1752404605047673e-13,1.1433653752482563e-16,0,100.47916666666666,0.8952069810106085,2.6541920124150113,0.47868856455144065,89.67712075446487,48.23000000000003,0.0,0.4404956368683692
commons-v3-foundation-development-v2,grid,0.12,1.6,4,greedy,0.16841688832811963,0.56781005859375,0.0501214233103729,1.127986593019159e-13,1.1326846341654235e-16,0,83.1875,1.4315831116718845,1.5365701028279715,0.5381748956723016,21.70532743583343,39.93000000000002,0.0,0.10526055520507477
commons-v3-foundation-development-v2,grid,0.12,1.6,4,half_greedy,0.3317740984513061,0.5111083984375,0.2983674717747054,8.999051503977284e-14,8.552904380519119e-17,0,76.65625,1.2682259015486959,1.0981672878289033,0.4846145812962752,41.909613791688145,36.79500000000002,0.0,0.2073588115320663
commons-v3-foundation-development-v2,grid,0.12,1.6,4,restraint,0.8380839621120263,0.0,0.7969728598652116,9.230116670977395e-14,8.494782753531028e-17,0,112.33333333333333,0.7619160378879721,0.19053787467462086,0.5309903891639445,105.29960759609153,53.920000000000044,0.0,0.5238024763200164
commons-v3-foundation-development-v2,grid,0.24,0.8,4,focal_greedy,0.7966016726842998,0.0118408203125,0.7934084455777569,4.0910330678656237e-13,1.0974505648866768e-16,0,2.0,0.003398327315702969,65.23423849043617,0.856200391922974,130.8755591988325,0.96,0.0,0.9957520908553747
commons-v3-foundation-development-v2,grid,0.24,0.8,4,greedy,0.2114256567062906,0.6138916015625,0.08444266783805406,1.3634579576482508e-13,1.0975981363703677e-16,0,108.65625,0.58857434329371,8.922130336927545,0.5768649594428429,30.965007405912466,52.15500000000004,0.0,0.2642820708828632
commons-v3-foundation-development-v2,grid,0.24,0.8,4,half_greedy,0.40618602357932687,0.6649169921875,0.3516077987994974,1.5892842597509116e-13,1.2461114361687502e-16,0,100.96875,0.39381397642067323,23.989389574157357,0.3815967091254511,62.69014854390123,48.46500000000003,0.0,0.5077325294741586
commons-v3-foundation-development-v2,grid,0.24,0.8,4,restraint,0.8000000000000029,0.0,0.7999999999999992,3.9630798642775744e-13,1.2224303301843686e-16,0,0.3333333333333333,0.0,79.2,0.8786065905389931,138.12571428571437,0.16,0.0,1.0000000000000036
commons-v3-foundation-development-v2,grid,0.24,1.2,4,focal_greedy,1.1034296242290362,0.01873779296875,1.075889526652518,2.5701663020072374e-13,1.1141866154443628e-16,0,7.645833333333333,0.09657037577095987,24.957725876108743,0.7489907673129669,149.67606188346625,3.6700000000000017,0.0,0.9195246868575302
commons-v3-foundation-development-v2,grid,0.24,1.2,4,greedy,0.2297686764461987,0.51910400390625,0.10000000000000013,1.2469018872973692e-13,1.2119561007542087e-16,0,87.5625,0.9702313235537973,6.586906617145015,0.6670408765579706,31.914581773406706,42.03000000000003,0.0,0.19147389703849893
commons-v3-foundation-development-v2,grid,0.24,1.2,4,half_greedy,0.5378277406078809,0.57659912109375,0.5399994300183174,1.3848644453418046e-13,1.1829668548380482e-16,0,86.13541666666667,0.6621722593921169,18.669383999471286,0.37538636949362925,76.44538478126813,41.34500000000003,0.0,0.4481897838399007
commons-v3-foundation-development-v2,grid,0.24,1.2,4,restraint,1.1999999999999942,0.0,1.2000000000000015,2.6748048220781584e-13,1.0544658117932042e-16,0,0.3333333333333333,0.0,30.370764630731685,0.7225664239424947,164.3644561456648,0.16,0.0,0.9999999999999952
commons-v3-foundation-development-v2,grid,0.24,1.6,4,focal_greedy,1.2497762235704308,0.02471923828125,1.2230128846089339,1.842137553609291e-13,1.2356873985304252e-16,0,23.78125,0.3502237764295704,23.33281773999759,0.7168753458077407,167.38832129340102,11.415000000000008,0.0,0.7811101397315192
commons-v3-foundation-development-v2,grid,0.24,1.6,4,greedy,0.18026589341276864,0.56292724609375,0.01666666666666665,1.326879144752935e-13,1.2879351168243674e-16,0,96.92708333333334,1.419734106587235,0.8424036674771936,0.5288018444017463,22.98563953362249,46.525000000000034,0.0,0.11266618338298039
commons-v3-foundation-development-v2,grid,0.24,1.6,4,half_greedy,0.5843474592503541,0.5103759765625,0.5451352491867981,1.0822245877228909e-13,1.0326888284717697e-16,0,77.67708333333334,1.015652540749646,10.28419665000927,0.4344372124861524,78.08850018845713,37.285000000000025,0.0,0.3652171620314713
commons-v3-foundation-development-v2,grid,0.24,1.6,4,restraint,1.3491566326512974,0.0,1.324186895468678,1.9781398741258727e-13,1.168381951797518e-16,0,0.3333333333333333,0.25084336734870455,26.186666672,0.6944367943349561,181.017517370154,0.16,0.0,0.8432228954070609
commons-v3-foundation-development-v2,grid,0.36,0.8,4,focal_greedy,0.8000000000000029,0.00244140625,0.7999999999999992,4.003741782554471e-13,1.0578366224671395e-16,0,0.875,0.0,79.2,0.9361955695582397,138.13102040816318,0.42,0.0,1.0000000000000036
commons-v3-foundation-development-v2,grid,0.36,0.8,4,greedy,0.3506940044162471,0.5806884765625,0.21666666666666645,1.691043138851711e-13,9.753426642150675e-17,0,112.07291666666666,0.4493059955837533,21.1525847051617,0.716843922972437,54.45144889912864,53.79500000000004,0.0,0.43836750552030884
commons-v3-foundation-development-v2,grid,0.36,0.8,4,half_greedy,0.7724917991225551,0.110595703125,0.7783976537386689,4.826139488045555e-13,1.164955601476141e-16,0,24.927083333333332,0.027508200877447424,69.60592410836202,0.9131598833469634,130.21830188591122,11.965000000000003,3.552713678800501e-15,0.9656147489031938
commons-v3-foundation-development-v2,grid,0.36,0.8,4,restraint,0.8000000000000029,0.0,0.7999999999999992,4.1014414087214845e-13,1.198454094481438e-16,0,0.3333333333333333,0.0,79.2,0.9374710667794595,138.1257142857142,0.16,0.0,1.0000000000000036
commons-v3-foundation-development-v2,grid,0.36,1.2,4,focal_greedy,1.1999999999999942,0.00244140625,1.2000000000000015,4.547473508864641e-13,1.0452711718879026e-16,0,0.8645833333333334,0.0,74.27390108598337,0.883818913352938,185.87323726660497,0.415,3.552713678800501e-15,0.9999999999999952
commons-v3-foundation-development-v2,grid,0.36,1.2,4,greedy,0.34937014570059843,0.49365234375,0.20000000000000026,1.5125574404084574e-13,1.1040142483406866e-16,0,90.90625,0.8506298542993979,13.150313565612112,0.6912923153308907,50.15862654610566,43.635000000000026,0.0,0.29114178808383206
commons-v3-foundation-development-v2,grid,0.36,1.2,4,half_greedy,1.0376354012319084,0.262939453125,1.0827831396888137,3.2363001167823313e-13,1.1703952498779609e-16,0,57.70833333333333,0.1623645987680874,57.266568246087,0.7364043506164311,157.74141924642822,27.700000000000014,0.0,0.8646961676932571
commons-v3-foundation-development-v2,grid,0.36,1.2,4,restraint,1.1999999999999942,0.0,1.2000000000000015,4.35457225833602e-13,1.0845455183450822e-16,0,0.3333333333333333,0.0,78.8,0.893115833173401,188.08489795918467,0.16,3.552713678800501e-15,0.9999999999999952
commons-v3-foundation-development-v2,grid,0.36,1.6,4,focal_greedy,1.557075232165229,0.0042724609375,1.5437498531792921,3.643751966819764e-13,9.359650034359146e-17,0,1.375,0.042924767834776334,57.222533033871755,0.7618641985363516,222.29940855583763,0.66,0.0,0.9731720201032681
commons-v3-foundation-development-v2,grid,0.36,1.6,4,greedy,0.38992484802868643,0.4725341796875,0.2666666666666664,1.4425266536832737e-13,9.172322314297221e-17,0,81.58333333333334,1.2100751519713164,13.084423687160712,0.6958218500873709,55.120090505716306,39.160000000000025,0.0,0.243703030017929
commons-v3-foundation-development-v2,grid,0.36,1.6,4,half_greedy,1.0254658386652549,0.4134521484375,0.9636389911631724,1.8897383657900946e-13,8.304095682359673e-17,0,88.02083333333334,0.5745341613347454,27.711018271899317,0.49325684700188444,142.03625614867144,42.25000000000003,7.105427357601002e-15,0.6409161491657842
commons-v3-foundation-development-v2,grid,0.36,1.6,4,restraint,1.6000000000000059,0.0,1.5999999999999983,3.7048142331741474e-13,7.854379395418905e-17,0,0.3333333333333333,0.0,61.60894577299172,0.7522789919977237,229.8198918071794,0.16,3.552713678800501e-15,1.0000000000000036
commons-v3-foundation-development-v2,keyed_priority,0.24,1.2,4,focal_greedy,1.1034296242290362,0.01873779296875,1.075889526652518,2.5701663020072374e-13,1.1141866154443628e-16,0,7.645833333333333,0.09657037577095987,24.957725876108743,0.7489907673129669,149.67606188346625,3.6700000000000017,0.0,0.9195246868575302
commons-v3-foundation-development-v2,keyed_priority,0.24,1.2,4,greedy,0.25111547364504877,0.573974609375,0.1580624844735618,1.4661015457217985e-13,1.3418771873052222e-16,0,95.26041666666667,0.9488845263549475,10.8338590486006,0.4898936884824948,36.746756882481584,45.72500000000003,0.0,0.2092628947042073
commons-v3-foundation-development-v2,keyed_priority,0.24,1.2,4,half_greedy,0.5486919970495161,0.54132080078125,0.5776920258262739,1.3663375986183723e-13,1.1829668548380482e-16,0,79.95833333333334,0.6513080029504815,17.839347976149277,0.45376129228802736,77.34057104693508,38.380000000000024,0.0,0.4572433308745968
commons-v3-foundation-development-v2,keyed_priority,0.24,1.2,4,restraint,1.1999999999999942,0.0,1.2000000000000015,2.6748048220781584e-13,1.0544658117932042e-16,0,0.3333333333333333,0.0,30.370764630731685,0.7225664239424947,164.3644561456648,0.16,0.0,0.9999999999999952
commons-v3-foundation-development-v2,long_horizon,0.24,1.2,4,focal_greedy,1.0807654000278284,0.009368896484375,1.057175956357888,2.6575963651964685e-13,1.1141866154443628e-16,0,13.729166666666668,0.11923459997217167,23.49342767432234,0.7504775711895103,281.6913775454216,6.589999999999976,0.0,0.9006378333565237
commons-v3-foundation-development-v2,long_horizon,0.24,1.2,4,greedy,0.16488433822309922,0.415802001953125,0.09999999999999998,1.3513582614033126e-13,1.2119561007542087e-16,0,141.4375,1.0351156617768984,6.588663441716895,0.6730377183567094,44.981972871156,67.88999999999997,0.0,0.13740361518591604
commons-v3-foundation-development-v2,long_horizon,0.24,1.2,4,half_greedy,0.56384516858357,0.41082763671875,0.6123315289712372,2.3014923300479495e-13,1.1829668548380482e-16,0,130.47916666666666,0.6361548314164258,27.166803110054744,0.6981712643889963,155.00332053461688,62.62999999999991,0.0,0.4698709738196417
commons-v3-foundation-development-v2,long_horizon,0.24,1.2,4,restraint,1.199747080607024,0.0,1.1989883224280933,2.8715918531929674e-13,1.0544658117932042e-16,0,0.3333333333333333,0.0002529193929766385,28.127333497407292,0.7228117846126272,313.66751286605785,0.16,0.0,0.9997892338391867
commons-v3-foundation-development-v2,lower_stock,0.24,1.2,4,focal_greedy,1.0883830714372618,0.017578125,1.083226937112256,2.687711164739426e-13,8.58349955858672e-17,0,12.895833333333334,0.11161692856273436,29.736540146832212,0.7549432058572185,150.18148070274592,6.190000000000004,3.552713678800501e-15,0.9069858928643848
commons-v3-foundation-development-v2,lower_stock,0.24,1.2,4,greedy,0.1381112728128583,0.5445556640625,0.050000000000000065,8.910201135942097e-14,7.628527926560062e-17,0,90.80208333333334,1.061888727187137,3.308698394722293,0.5865172113884894,18.847947380317127,43.58500000000003,0.0,0.11509272734404857
commons-v3-foundation-development-v2,lower_stock,0.24,1.2,4,half_greedy,0.5135287198002446,0.48809814453125,0.5260884398149782,1.549316230864406e-13,1.0744457635108523e-16,0,75.85416666666667,0.6864712801997523,21.796211050919947,0.5145544404645712,74.82937795254682,36.410000000000025,0.0,0.4279405998335372
commons-v3-foundation-development-v2,lower_stock,0.24,1.2,4,restraint,1.1950130757363644,0.0,1.1920399328121185,2.545741395465484e-13,1.061970776474865e-16,0,0.3333333333333333,0.004986924263630463,26.443015159893196,0.7225664239424946,161.81536124819812,0.16,0.0,0.9958442297803037
commons-v3-foundation-development-v2,small_inventory,0.24,1.2,4,focal_greedy,1.1999999999999942,0.0,1.2000000000000015,1.3225531780847177e-13,8.053338997852461e-17,0,0.3333333333333333,0.0,5.271488860989808,0.7225931022814771,152.07093331966865,0.16,3.1086244689504383e-15,0.9999999999999952
commons-v3-foundation-development-v2,small_inventory,0.24,1.2,4,greedy,1.0931968388186786,0.1204833984375,0.7998905539575589,1.0916267889626852e-13,8.053338997852461e-17,0,21.6875,0.10680316118131662,2.445814383513673,0.33490692667360794,137.5043045491088,10.410000000000004,1.3322676295501878e-15,0.9109973656822322
commons-v3-foundation-development-v2,small_inventory,0.24,1.2,4,half_greedy,1.196663598850374,0.0078125,1.186786543610181,1.2398415627501436e-13,8.053338997852461e-17,0,1.6666666666666667,0.0033364011496203163,5.249698645923706,0.6849694770162431,151.6549779354881,0.8,2.220446049250313e-15,0.9972196657086451
commons-v3-foundation-development-v2,small_inventory,0.24,1.2,4,restraint,1.1999999999999942,0.0,1.2000000000000015,1.3772316620475067e-13,8.053338997852461e-17,0,0.3333333333333333,0.0,5.272385898788408,0.7225664239424952,152.07137268512102,0.16,2.6645352591003757e-15,0.9999999999999952
