condition,metric,phase,mean,focal_scenarios,environment_tuples
initial,welfare,drought,0.8442629314703068,108,12
coevolution,welfare,drought,0.8469255244180118,108,12
reconstructed_greedy,welfare,drought,0.8486542445384436,108,12
initial,utility_per_tick,drought,0.933662439714556,108,12
coevolution,utility_per_tick,drought,0.965108800296289,108,12
reconstructed_greedy,utility_per_tick,drought,1.0386740812037236,108,12
initial,outward_harm_per_tick,drought,0.6020671233554922,108,12
coevolution,outward_harm_per_tick,drought,0.5348775790135778,108,12
reconstructed_greedy,outward_harm_per_tick,drought,0.0,108,12
initial,other_welfare,drought,0.8471174556353219,108,12
coevolution,other_welfare,drought,0.8468717125132069,108,12
reconstructed_greedy,other_welfare,drought,0.8458417421740648,108,12
