contrast,metric,society,mean,n_arenas,low,high
active_minus_fixed,update_value_difference,0,-0.0015291814969109474,24,-0.016604813482136774,0.011435009693513113
active_minus_fixed,update_value_difference,1,-0.0042617677840387875,24,-0.01278268101160244,1.3754542417624787e-06
active_minus_fixed,update_value_difference,2,0.002456811907216583,24,0.00027465402158218427,0.005101618437529295
active_minus_fixed,update_value_difference,mean,-0.0011113791245777173,24,-0.006678829739339722,0.0038937867311418664
active_minus_random,update_value_difference,0,0.002470149236888819,24,-0.006219761860191723,0.012104982768360658
active_minus_random,update_value_difference,1,-0.004263247551845299,24,-0.012784575595415829,1.3754542417624787e-06
active_minus_random,update_value_difference,2,-0.0011147537152873532,24,-0.003264035415112776,7.853376642618879e-06
active_minus_random,update_value_difference,mean,-0.0009692840100812777,24,-0.005181048400553675,0.0029202800771075043
active_minus_fixed,total_utility_difference,0,0.007059776348841733,24,-0.0070918962414908025,0.019386571213973722
active_minus_fixed,total_utility_difference,1,0.0005572280707282218,24,-0.008919632711773755,0.00583818609262756
active_minus_fixed,total_utility_difference,2,0.0072999928094142534,24,0.0045696570228886515,0.010489416382055113
active_minus_fixed,total_utility_difference,mean,0.004972332409661402,24,-0.0011354354026939394,0.010067101306253566
active_minus_random,total_utility_difference,0,0.011142352097784544,24,0.0018678810950379045,0.023020680004121188
active_minus_random,total_utility_difference,1,0.00251368908785062,24,-0.00761412466734351,0.008692662779925463
active_minus_random,total_utility_difference,2,0.003509204212735225,24,0.00031351758266292184,0.007152779794532538
active_minus_random,total_utility_difference,mean,0.005721748466123462,24,0.0007910071785302177,0.01064487452382892
active_minus_fixed,frozen_total_utility_difference,0,0.008588957845752532,24,0.004201429474939988,0.014793559497329398
active_minus_fixed,frozen_total_utility_difference,1,0.004818995854766861,24,0.003764830355890214,0.006220302610176223
active_minus_fixed,frozen_total_utility_difference,2,0.004843180902197375,24,0.0037167154317139166,0.006259775401729461
active_minus_fixed,frozen_total_utility_difference,mean,0.0060837115342389225,24,0.004159687478343491,0.008784846794522357
active_minus_random,frozen_total_utility_difference,0,0.008672202860895576,24,0.0022254591726809992,0.01784913255280842
active_minus_random,frozen_total_utility_difference,1,0.006776936639695623,24,0.004683201736980358,0.009353782311762869
active_minus_random,frozen_total_utility_difference,2,0.00462395792802243,24,0.0021348742435790473,0.008150320949467205
active_minus_random,frozen_total_utility_difference,mean,0.006691032476204543,24,0.003686648891839529,0.010896247154218724
active_minus_fixed,consumption,0,-0.001645437663402305,24,-0.014051788005815968,0.00687454623913523
active_minus_fixed,consumption,1,0.0012290286043790861,24,9.544154723724793e-06,0.0028470470563239183
active_minus_fixed,consumption,2,0.002307010785177551,24,-6.1050345714501e-05,0.0058259107735798565
active_minus_fixed,consumption,mean,0.0006302005753847775,24,-0.0036412990066735018,0.0042217703343865425
active_minus_random,consumption,0,0.003984893828858323,24,-0.0009216819354052793,0.012660102438233048
active_minus_random,consumption,1,0.001571766627154562,24,9.544154723724793e-06,0.003914274389673622
active_minus_random,consumption,2,0.0018085944269209027,24,0.0,0.005335218813750468
active_minus_random,consumption,mean,0.0024550849609779293,24,-6.021185746504108e-05,0.006148667266447534
random_minus_redistribute,total_utility,0,-0.03835324186207941,24,-0.07374252771937655,-0.0053493765102731175
random_minus_redistribute,total_utility,1,-0.015689035343504926,24,-0.04242299847203456,0.00952560823623651
random_minus_redistribute,total_utility,2,-0.007178861891110462,24,-0.03712980347701673,0.02157180389830394
random_minus_redistribute,total_utility,mean,-0.020407046365564934,24,-0.047652219753661636,0.005843522712412401
fixed_minus_redistribute,total_utility,0,-0.034270666113136596,24,-0.06472127449083614,-0.004616432809296787
fixed_minus_redistribute,total_utility,1,-0.01373257432638253,24,-0.04141862852346398,0.012247534625728071
fixed_minus_redistribute,total_utility,2,-0.010969650487789492,24,-0.04018634058520412,0.017094218296775394
fixed_minus_redistribute,total_utility,mean,-0.019657630309102874,24,-0.04640743272766908,0.006147928372002501
active_minus_redistribute,total_utility,0,-0.027210889764294866,24,-0.061095356845087816,0.0045486047573292275
active_minus_redistribute,total_utility,1,-0.013175346255654308,24,-0.04453676318629389,0.015247025335505204
active_minus_redistribute,total_utility,2,-0.0036696576783752377,24,-0.03482272542311651,0.026364859239810523
active_minus_redistribute,total_utility,mean,-0.014685297899441467,24,-0.043589207788485,0.013015767458440089
random_minus_redistribute,post_crps_uncapped,0,0.017167138412261963,24,-0.025187058032456414,0.06695839524862275
random_minus_redistribute,post_crps_uncapped,1,-0.018848891542102373,24,-0.04579245894057406,0.00497880606322068
random_minus_redistribute,post_crps_uncapped,2,-0.03504308346101203,24,-0.07582699086806298,-0.008307532445650653
random_minus_redistribute,post_crps_uncapped,mean,-0.012241612196950816,24,-0.027445775915230758,0.002911483786296599
fixed_minus_redistribute,post_crps_uncapped,0,0.010948914466671214,24,-0.02610571433626636,0.05056816470538279
fixed_minus_redistribute,post_crps_uncapped,1,-0.013976466538777968,24,-0.03751673589661786,0.010309069922494207
fixed_minus_redistribute,post_crps_uncapped,2,-0.008481594555151253,24,-0.03701293713674729,0.016888911135054488
fixed_minus_redistribute,post_crps_uncapped,mean,-0.0038363822090860034,24,-0.019319485979015595,0.012625438907590355
active_minus_redistribute,post_crps_uncapped,0,0.013535109594838802,24,-0.028779205507569006,0.0634953609867922
active_minus_redistribute,post_crps_uncapped,1,-0.02207473136336843,24,-0.06039593148548964,0.015127228661338638
active_minus_redistribute,post_crps_uncapped,2,-0.02593235638928612,24,-0.07203940307084475,0.016594111212570973
active_minus_redistribute,post_crps_uncapped,mean,-0.011490659385938582,24,-0.03113965171163543,0.00894955229031844
random_minus_redistribute,total_consumption_per_member,0,-0.0376434581758384,24,-0.07066627297111369,-0.011565190341397925
random_minus_redistribute,total_consumption_per_member,1,-0.014638481467355913,24,-0.03493835184473007,0.0003645683291636251
random_minus_redistribute,total_consumption_per_member,2,-0.011451968457470466,24,-0.03283994371956166,0.007964898145975724
random_minus_redistribute,total_consumption_per_member,mean,-0.021244636033554923,24,-0.040099128064125876,-0.005634361474892084
fixed_minus_redistribute,total_consumption_per_member,0,-0.032013126683577774,24,-0.05681675615678482,-0.010490730496675456
fixed_minus_redistribute,total_consumption_per_member,1,-0.014295743444580436,24,-0.03485549620371608,0.0010353966704602275
fixed_minus_redistribute,total_consumption_per_member,2,-0.011950384815727114,24,-0.03276691427127975,0.006954138878428327
fixed_minus_redistribute,total_consumption_per_member,mean,-0.019419751647961773,24,-0.035848871423726114,-0.00527814960037305
active_minus_redistribute,total_consumption_per_member,0,-0.03365856434698008,24,-0.06359572413242905,-0.009533075745431063
active_minus_redistribute,total_consumption_per_member,1,-0.013066714840201351,24,-0.03356809061938417,0.0019700879260833304
active_minus_redistribute,total_consumption_per_member,2,-0.009643374030549564,24,-0.031676182049329586,0.01182103809759294
active_minus_redistribute,total_consumption_per_member,mean,-0.018789551072576998,24,-0.0379112413946669,-0.0027804566231317052
random_minus_redistribute,terminal_wealth_per_member,0,-0.0035489184312042462,24,-0.12887397601366424,0.11629331265127678
random_minus_redistribute,terminal_wealth_per_member,1,-0.005252769380745842,24,-0.1002415631690799,0.09235929692926896
random_minus_redistribute,terminal_wealth_per_member,2,0.02136553283180384,24,-0.06923208338644213,0.11305837557127349
random_minus_redistribute,terminal_wealth_per_member,mean,0.00418794833995125,24,-0.09836856469726095,0.10527699559799632
fixed_minus_redistribute,terminal_wealth_per_member,0,-0.01128769714780044,24,-0.1388888203109307,0.11058950049717371
fixed_minus_redistribute,terminal_wealth_per_member,1,0.0028158455909917945,24,-0.09448012117807082,0.10485563137246019
fixed_minus_redistribute,terminal_wealth_per_member,2,0.004903671639693431,24,-0.0859725015426151,0.09733791895239015
fixed_minus_redistribute,terminal_wealth_per_member,mean,-0.0011893933057050717,24,-0.10370413955202606,0.10234154358818336
active_minus_redistribute,terminal_wealth_per_member,0,0.03223837291342182,24,-0.0756417653526694,0.14309722088446122
active_minus_redistribute,terminal_wealth_per_member,1,-0.0005431570772659369,24,-0.13112824983417223,0.11928236906542662
active_minus_redistribute,terminal_wealth_per_member,2,0.029868581760875007,24,-0.06199319188694646,0.12436099085986627
active_minus_redistribute,terminal_wealth_per_member,mean,0.020521265865676964,24,-0.08549164232235194,0.12496825169082965
