panel,renewal_rate,need,paired_configurations,contrast,outcome,max,mean,min,n,negative,positive,mean_fraction_of_need,min_fraction_of_need,max_fraction_of_need
additive,0.24,1.2,4,focal_greedy_minus_restraint,consumption,0.0,0.0,0.0,4,0,0,0.0,0.0,0.0
additive,0.24,1.2,4,focal_greedy_minus_restraint,late_consumption,0.0,0.0,0.0,4,0,0,0.0,0.0,0.0
additive,0.24,1.2,4,focal_greedy_minus_restraint,peer_consumption,0.0,0.0,0.0,4,0,0,0.0,0.0,0.0
additive,0.24,1.2,4,focal_greedy_minus_restraint,utility_0.0,0.0,0.0,0.0,4,0,0,0.0,0.0,0.0
additive,0.24,1.2,4,focal_greedy_minus_restraint,utility_0.05,0.01453932186086715,0.010547207267867398,0.0,4,0,3,0.0087893393898895,0.0,0.012116101550722624
additive,0.24,1.2,4,focal_greedy_minus_restraint,utility_0.2,0.058157287443468375,0.042188829071469536,0.0,4,0,3,0.03515735755955795,0.0,0.04846440620289032
additive,0.24,1.2,4,focal_greedy_minus_restraint,world_consumption,0.0,0.0,0.0,4,0,0,0.0,0.0,0.0
additive,0.24,1.2,4,all_greedy_minus_all_restraint,population_consumption,0.0,0.0,0.0,4,0,0,0.0,0.0,0.0
grid,0.12,0.8,4,focal_greedy_minus_restraint,consumption,0.16946201256441762,0.12163187915952378,0.0,4,0,3,0.15203984894940473,0.0,0.21182751570552202
grid,0.12,0.8,4,focal_greedy_minus_restraint,late_consumption,0.20525543344320496,0.15032603558884158,0.0,4,0,3,0.18790754448605196,0.0,0.25656929180400617
grid,0.12,0.8,4,focal_greedy_minus_restraint,peer_consumption,-0.04908471496160606,-0.06405817667976142,-0.08520894503730393,4,4,0,-0.08007272084970177,-0.10651118129662991,-0.06135589370200757
grid,0.12,0.8,4,focal_greedy_minus_restraint,utility_0.0,0.16946201256441762,0.12163187915952378,0.0,4,0,3,0.15203984894940473,0.0,0.21182751570552202
grid,0.12,0.8,4,focal_greedy_minus_restraint,utility_0.05,0.1849151375644177,0.13322172290952383,0.0,4,0,3,0.1665271536369048,0.0,0.2311439219555221
grid,0.12,0.8,4,focal_greedy_minus_restraint,utility_0.2,0.23127451256441767,0.16799125415952382,0.0,4,0,3,0.20998906769940476,0.0,0.28909314070552206
grid,0.12,0.8,4,focal_greedy_minus_restraint,world_consumption,-0.047039518504872424,-0.056321091019791186,-0.07540769893070154,4,4,0,-0.07040136377473898,-0.09425962366337692,-0.05879939813109053
grid,0.12,0.8,4,all_greedy_minus_all_restraint,population_consumption,-0.5361235557067708,-0.5467522512452391,-0.5588313025847507,4,4,0,-0.6834403140565488,-0.6985391282309383,-0.6701544446334635
grid,0.12,1.2,4,focal_greedy_minus_restraint,consumption,0.5873278895447802,0.43248050683786365,0.0,4,0,3,0.3604004223648864,0.0,0.4894399079539835
grid,0.12,1.2,4,focal_greedy_minus_restraint,late_consumption,0.6292335332406707,0.46034524066743404,0.0,4,0,3,0.3836210338895284,0.0,0.524361277700559
grid,0.12,1.2,4,focal_greedy_minus_restraint,peer_consumption,-0.12352488946608844,-0.1648824449917043,-0.2096031287741989,4,4,0,-0.1374020374930869,-0.1746692739784991,-0.10293740788840704
grid,0.12,1.2,4,focal_greedy_minus_restraint,utility_0.0,0.5873278895447802,0.43248050683786365,0.0,4,0,3,0.3604004223648864,0.0,0.4894399079539835
grid,0.12,1.2,4,focal_greedy_minus_restraint,utility_0.05,0.6025778895447802,0.44684119962125707,0.011438864883573485,4,0,4,0.37236766635104757,0.009532387402977904,0.5021482412873168
grid,0.12,1.2,4,focal_greedy_minus_restraint,utility_0.2,0.6483278895447802,0.4899232779714371,0.04575545953429372,4,0,4,0.4082693983095309,0.03812954961191144,0.5402732412873168
grid,0.12,1.2,4,focal_greedy_minus_restraint,world_consumption,-0.09426136207859537,-0.13999232199880562,-0.17737823299306843,4,4,0,-0.11666026833233803,-0.14781519416089037,-0.07855113506549614
grid,0.12,1.2,4,all_greedy_minus_all_restraint,population_consumption,-0.6714852878596368,-0.6819066224099783,-0.6864730178120763,4,4,0,-0.568255518674982,-0.5720608481767302,-0.559571073216364
grid,0.12,1.6,4,focal_greedy_minus_restraint,consumption,0.9868225329866307,0.8140016113099059,0.3212772976714755,4,0,4,0.5087510070686911,0.2007983110446722,0.6167640831166441
grid,0.12,1.6,4,focal_greedy_minus_restraint,late_consumption,1.006632751926579,0.8532464201468772,0.4050077959385858,4,0,4,0.5332790125917982,0.2531298724616161,0.6291454699541118
grid,0.12,1.6,4,focal_greedy_minus_restraint,peer_consumption,-0.1573448287800716,-0.18615074254554986,-0.2075363249698023,4,4,0,-0.11634421409096866,-0.1297102031061264,-0.09834051798754476
grid,0.12,1.6,4,focal_greedy_minus_restraint,utility_0.0,0.9868225329866307,0.8140016113099059,0.3212772976714755,4,0,4,0.5087510070686911,0.2007983110446722,0.6167640831166441
grid,0.12,1.6,4,focal_greedy_minus_restraint,utility_0.05,0.9985350456817419,0.8248590601230841,0.33363513559491365,4,0,4,0.5155369125769275,0.20852195974682103,0.6240844035510886
grid,0.12,1.6,4,focal_greedy_minus_restraint,utility_0.2,1.0396175504701335,0.8574314065626185,0.37070864936522874,4,0,4,0.5358946291016365,0.23169290585326796,0.6497609690438334
grid,0.12,1.6,4,focal_greedy_minus_restraint,world_consumption,-0.10975375768844597,-0.14447772780157253,-0.15876123904761996,4,4,0,-0.09029857987598283,-0.09922577440476248,-0.06859609855527873
grid,0.12,1.6,4,all_greedy_minus_all_restraint,population_consumption,-0.6607032339552246,-0.6951374234447967,-0.7085774264490352,4,4,0,-0.4344608896529979,-0.442860891530647,-0.4129395212220153
grid,0.24,0.8,4,focal_greedy_minus_restraint,consumption,0.0,0.0,0.0,4,0,0,0.0,0.0,0.0
grid,0.24,0.8,4,focal_greedy_minus_restraint,late_consumption,0.0,0.0,0.0,4,0,0,0.0,0.0,0.0
grid,0.24,0.8,4,focal_greedy_minus_restraint,peer_consumption,0.0,-0.0035460806755570375,-0.012679491695738425,4,2,0,-0.004432600844446297,-0.01584936461967303,0.0
grid,0.24,0.8,4,focal_greedy_minus_restraint,utility_0.0,0.0,0.0,0.0,4,0,0,0.0,0.0,0.0
grid,0.24,0.8,4,focal_greedy_minus_restraint,utility_0.05,0.0,0.0,0.0,4,0,0,0.0,0.0,0.0
grid,0.24,0.8,4,focal_greedy_minus_restraint,utility_0.2,0.0,0.0,0.0,4,0,0,0.0,0.0,0.0
grid,0.24,0.8,4,focal_greedy_minus_restraint,world_consumption,0.0,-0.0033983273140754666,-0.012151179541749269,4,2,0,-0.004247909142594333,-0.015188974427186586,0.0
grid,0.24,0.8,4,all_greedy_minus_all_restraint,population_consumption,-0.5174119517424567,-0.5610637404667759,-0.5849587093222578,4,4,0,-0.7013296755834698,-0.7311983866528222,-0.6467649396780708
grid,0.24,1.2,4,focal_greedy_minus_restraint,consumption,0.0,0.0,0.0,4,0,0,0.0,0.0,0.0
grid,0.24,1.2,4,focal_greedy_minus_restraint,late_consumption,0.0,0.0,0.0,4,0,0,0.0,0.0,0.0
grid,0.24,1.2,4,focal_greedy_minus_restraint,peer_consumption,-0.0510276618988016,-0.1012952870059484,-0.14493764016134292,4,4,0,-0.08441273917162367,-0.1207813668011191,-0.042523051582334666
grid,0.24,1.2,4,focal_greedy_minus_restraint,utility_0.0,0.0,0.0,0.0,4,0,0,0.0,0.0,0.0
grid,0.24,1.2,4,focal_greedy_minus_restraint,utility_0.05,0.014717047449429588,0.010685375179960599,0.0,4,0,3,0.008904479316633834,0.0,0.012264206207857991
grid,0.24,1.2,4,focal_greedy_minus_restraint,utility_0.2,0.058868189797718795,0.04274150071984267,0.0,4,0,3,0.03561791726653556,0.0,0.04905682483143233
grid,0.24,1.2,4,focal_greedy_minus_restraint,world_consumption,-0.048901509319684955,-0.09707465004736726,-0.13889857182128695,4,4,0,-0.08089554170613938,-0.11574880985107247,-0.040751257766404134
grid,0.24,1.2,4,all_greedy_minus_all_restraint,population_consumption,-0.9199866249489416,-0.9589592384707623,-0.9930970483409411,4,4,0,-0.7991326987256352,-0.827580873617451,-0.7666555207907847
grid,0.24,1.6,4,focal_greedy_minus_restraint,consumption,0.386840948988598,0.28308250359921716,0.0,4,0,3,0.1769265647495107,0.0,0.24177559311787375
grid,0.24,1.6,4,focal_greedy_minus_restraint,late_consumption,0.42026077781357074,0.30802377551229265,0.0,4,0,3,0.1925148596951829,0.0,0.2626629861334817
grid,0.24,1.6,4,focal_greedy_minus_restraint,peer_consumption,-0.05214659948279519,-0.12115437947901246,-0.14828764572862452,4,4,0,-0.07572148717438279,-0.09267977858039032,-0.03259162467674699
grid,0.24,1.6,4,focal_greedy_minus_restraint,utility_0.0,0.386840948988598,0.28308250359921716,0.0,4,0,3,0.1769265647495107,0.0,0.24177559311787375
grid,0.24,1.6,4,focal_greedy_minus_restraint,utility_0.05,0.402137823988598,0.29455515984921715,0.0,4,0,3,0.1840969749057607,0.0,0.25133613999287374
grid,0.24,1.6,4,focal_greedy_minus_restraint,utility_0.2,0.44802844898859795,0.3289731285992171,0.0,4,0,3,0.2056082053745107,0.0,0.2800177806178737
grid,0.24,1.6,4,focal_greedy_minus_restraint,world_consumption,-0.04997382450434551,-0.10431117601741957,-0.12696648771115737,4,4,0,-0.06519448501088723,-0.07935405481947336,-0.031233640315215944
grid,0.24,1.6,4,all_greedy_minus_all_restraint,population_consumption,-1.1387252560179308,-1.1614891830659402,-1.182757477508516,4,4,0,-0.7259307394162126,-0.7392234234428224,-0.7117032850112067
grid,0.36,0.8,4,focal_greedy_minus_restraint,consumption,0.0,0.0,0.0,4,0,0,0.0,0.0,0.0
grid,0.36,0.8,4,focal_greedy_minus_restraint,late_consumption,0.0,0.0,0.0,4,0,0,0.0,0.0,0.0
grid,0.36,0.8,4,focal_greedy_minus_restraint,peer_consumption,0.0,0.0,0.0,4,0,0,0.0,0.0,0.0
grid,0.36,0.8,4,focal_greedy_minus_restraint,utility_0.0,0.0,0.0,0.0,4,0,0,0.0,0.0,0.0
grid,0.36,0.8,4,focal_greedy_minus_restraint,utility_0.05,0.0,0.0,0.0,4,0,0,0.0,0.0,0.0
grid,0.36,0.8,4,focal_greedy_minus_restraint,utility_0.2,0.0,0.0,0.0,4,0,0,0.0,0.0,0.0
grid,0.36,0.8,4,focal_greedy_minus_restraint,world_consumption,0.0,0.0,0.0,4,0,0,0.0,0.0,0.0
grid,0.36,0.8,4,all_greedy_minus_all_restraint,population_consumption,-0.39643593809697997,-0.447485154917946,-0.4858208975960331,4,4,0,-0.5593564436474324,-0.6072761219950413,-0.49554492262122496
grid,0.36,1.2,4,focal_greedy_minus_restraint,consumption,0.0,0.0,0.0,4,0,0,0.0,0.0,0.0
grid,0.36,1.2,4,focal_greedy_minus_restraint,late_consumption,0.0,0.0,0.0,4,0,0,0.0,0.0,0.0
grid,0.36,1.2,4,focal_greedy_minus_restraint,peer_consumption,0.0,0.0,0.0,4,0,0,0.0,0.0,0.0
grid,0.36,1.2,4,focal_greedy_minus_restraint,utility_0.0,0.0,0.0,0.0,4,0,0,0.0,0.0,0.0
grid,0.36,1.2,4,focal_greedy_minus_restraint,utility_0.05,0.0,0.0,0.0,4,0,0,0.0,0.0,0.0
grid,0.36,1.2,4,focal_greedy_minus_restraint,utility_0.2,0.0,0.0,0.0,4,0,0,0.0,0.0,0.0
grid,0.36,1.2,4,focal_greedy_minus_restraint,world_consumption,0.0,0.0,0.0,4,0,0,0.0,0.0,0.0
grid,0.36,1.2,4,all_greedy_minus_all_restraint,population_consumption,-0.7645024355763868,-0.8208446759112926,-0.8881674792340215,4,4,0,-0.6840372299260772,-0.7401395660283513,-0.6370853629803224
grid,0.36,1.6,4,focal_greedy_minus_restraint,consumption,0.0,0.0,0.0,4,0,0,0.0,0.0,0.0
grid,0.36,1.6,4,focal_greedy_minus_restraint,late_consumption,0.0,0.0,0.0,4,0,0,0.0,0.0,0.0
grid,0.36,1.6,4,focal_greedy_minus_restraint,peer_consumption,0.0,-0.04470222564181738,-0.13581216609030558,4,3,0,-0.02793889102613586,-0.08488260380644098,0.0
grid,0.36,1.6,4,focal_greedy_minus_restraint,utility_0.0,0.0,0.0,0.0,4,0,0,0.0,0.0,0.0
grid,0.36,1.6,4,focal_greedy_minus_restraint,utility_0.05,0.005517099520767177,0.003706644687395011,0.0,4,0,3,0.002316652929621882,0.0,0.0034481872004794856
grid,0.36,1.6,4,focal_greedy_minus_restraint,utility_0.2,0.022068398083068264,0.014826578749579766,0.0,4,0,3,0.009266611718487354,0.0,0.013792748801917665
grid,0.36,1.6,4,focal_greedy_minus_restraint,world_consumption,0.0,-0.04283963290674164,-0.13015332583654282,4,3,0,-0.026774770566713527,-0.08134582864783926,0.0
grid,0.36,1.6,4,all_greedy_minus_all_restraint,population_consumption,-1.1183665651827528,-1.2117551230904287,-1.2763838780040837,4,4,0,-0.7573469519315179,-0.7977399237525523,-0.6989791032392204
keyed_priority,0.24,1.2,4,focal_greedy_minus_restraint,consumption,0.0,0.0,0.0,4,0,0,0.0,0.0,0.0
keyed_priority,0.24,1.2,4,focal_greedy_minus_restraint,late_consumption,0.0,0.0,0.0,4,0,0,0.0,0.0,0.0
keyed_priority,0.24,1.2,4,focal_greedy_minus_restraint,peer_consumption,-0.0510276618988016,-0.1012952870059484,-0.14493764016134292,4,4,0,-0.08441273917162367,-0.1207813668011191,-0.042523051582334666
keyed_priority,0.24,1.2,4,focal_greedy_minus_restraint,utility_0.0,0.0,0.0,0.0,4,0,0,0.0,0.0,0.0
keyed_priority,0.24,1.2,4,focal_greedy_minus_restraint,utility_0.05,0.014717047449429588,0.010685375179960599,0.0,4,0,3,0.008904479316633834,0.0,0.012264206207857991
keyed_priority,0.24,1.2,4,focal_greedy_minus_restraint,utility_0.2,0.058868189797718795,0.04274150071984267,0.0,4,0,3,0.03561791726653556,0.0,0.04905682483143233
keyed_priority,0.24,1.2,4,focal_greedy_minus_restraint,world_consumption,-0.048901509319684955,-0.09707465004736726,-0.13889857182128695,4,4,0,-0.08089554170613938,-0.11574880985107247,-0.040751257766404134
keyed_priority,0.24,1.2,4,all_greedy_minus_all_restraint,population_consumption,-0.9034121661117704,-0.9694936992226795,-1.030884227500705,4,4,0,-0.8079114160188996,-0.8590701895839209,-0.7528434717598087
long_horizon,0.24,1.2,4,focal_greedy_minus_restraint,consumption,0.0,0.0,0.0,4,0,0,0.0,0.0,0.0
long_horizon,0.24,1.2,4,focal_greedy_minus_restraint,late_consumption,0.0,0.0,0.0,4,0,0,0.0,0.0,0.0
long_horizon,0.24,1.2,4,focal_greedy_minus_restraint,peer_consumption,-0.052237360393249846,-0.12431815353741385,-0.18090035094924797,4,4,0,-0.10359846128117821,-0.15075029245770666,-0.04353113366104154
long_horizon,0.24,1.2,4,focal_greedy_minus_restraint,utility_0.0,0.0,0.0,0.0,4,0,0,0.0,0.0,0.0
long_horizon,0.24,1.2,4,focal_greedy_minus_restraint,utility_0.05,0.007642521439396921,0.005596402207107332,0.0,4,0,3,0.004663668505922777,0.0,0.006368767866164101
long_horizon,0.24,1.2,4,focal_greedy_minus_restraint,utility_0.2,0.030570085757587018,0.022385608828428827,0.0,4,0,3,0.01865467402369069,0.0,0.02547507146465585
long_horizon,0.24,1.2,4,focal_greedy_minus_restraint,world_consumption,-0.05006080371019772,-0.11913823047335492,-0.17336283632636262,4,4,0,-0.09928185872779577,-0.14446903027196886,-0.04171733642516477
long_horizon,0.24,1.2,4,all_greedy_minus_all_restraint,population_consumption,-0.9844579756973055,-1.0292266998441981,-1.0715074772165454,4,4,0,-0.8576889165368318,-0.8929228976804545,-0.8203816464144214
lower_stock,0.24,1.2,4,focal_greedy_minus_restraint,consumption,0.014265318620716005,0.006362775473222282,0.0,4,0,2,0.0053023128943519016,0.0,0.011887765517263338
lower_stock,0.24,1.2,4,focal_greedy_minus_restraint,late_consumption,0.020845005184092047,0.007045329716115989,0.0,4,0,2,0.005871108096763325,0.0,0.01737083765341004
lower_stock,0.24,1.2,4,focal_greedy_minus_restraint,peer_consumption,-0.06946754992859112,-0.09218973487551095,-0.131855537934624,4,4,0,-0.0768247790629258,-0.10987961494552001,-0.05788962494049261
lower_stock,0.24,1.2,4,focal_greedy_minus_restraint,utility_0.0,0.014265318620716005,0.006362775473222282,0.0,4,0,2,0.0053023128943519016,0.0,0.011887765517263338
lower_stock,0.24,1.2,4,focal_greedy_minus_restraint,utility_0.05,0.029622624550547094,0.017835984592428467,0.0,4,0,3,0.01486332049369039,0.0,0.024685520458789245
lower_stock,0.24,1.2,4,focal_greedy_minus_restraint,utility_0.2,0.0756945423400408,0.05225561195004724,0.0,4,0,3,0.043546343291706036,0.0,0.06307878528336734
lower_stock,0.24,1.2,4,focal_greedy_minus_restraint,world_consumption,-0.0659786804057032,-0.088083380277647,-0.1258954828843406,4,4,0,-0.07340281689803918,-0.10491290240361717,-0.05498223367141934
lower_stock,0.24,1.2,4,all_greedy_minus_all_restraint,population_consumption,-1.0583216180318227,-1.0783911522446756,-1.1000524115077783,4,4,0,-0.8986592935372297,-0.9167103429231487,-0.8819346816931856
small_inventory,0.24,1.2,4,focal_greedy_minus_restraint,consumption,0.0,0.0,0.0,4,0,0,0.0,0.0,0.0
small_inventory,0.24,1.2,4,focal_greedy_minus_restraint,late_consumption,0.0,0.0,0.0,4,0,0,0.0,0.0,0.0
small_inventory,0.24,1.2,4,focal_greedy_minus_restraint,peer_consumption,0.0,0.0,0.0,4,0,0,0.0,0.0,0.0
small_inventory,0.24,1.2,4,focal_greedy_minus_restraint,utility_0.0,0.0,0.0,0.0,4,0,0,0.0,0.0,0.0
small_inventory,0.24,1.2,4,focal_greedy_minus_restraint,utility_0.05,0.0005345906410016976,0.0002518026629889647,0.0,4,0,3,0.00020983555249080393,0.0,0.00044549220083474805
small_inventory,0.24,1.2,4,focal_greedy_minus_restraint,utility_0.2,0.0021383625640074566,0.0010072106519561919,0.0,4,0,3,0.0008393422099634933,0.0,0.0017819688033395473
small_inventory,0.24,1.2,4,focal_greedy_minus_restraint,world_consumption,0.0,0.0,0.0,4,0,0,0.0,0.0,0.0
small_inventory,0.24,1.2,4,all_greedy_minus_all_restraint,population_consumption,-0.0325401997426602,-0.09912959435278806,-0.14317266211997803,4,4,0,-0.08260799529399006,-0.11931055176664837,-0.027116833118883504
