condition,tick,kind,id,x,y,inventory,stock,capacity,policy
restraint,0,agent,0,4,1,2.0,,,restraint
restraint,0,agent,1,10,1,2.0,,,restraint
restraint,0,agent,2,1,4,2.0,,,restraint
restraint,0,agent,3,7,10,2.0,,,restraint
restraint,0,agent,4,7,1,2.0,,,restraint
restraint,0,agent,5,4,4,2.0,,,restraint
restraint,0,agent,6,10,10,2.0,,,restraint
restraint,0,agent,7,7,4,2.0,,,restraint
restraint,0,agent,8,2,7,2.0,,,restraint
restraint,0,agent,9,5,10,2.0,,,restraint
restraint,0,agent,10,8,7,2.0,,,restraint
restraint,0,agent,11,1,10,2.0,,,restraint
restraint,0,agent,12,1,7,2.0,,,restraint
restraint,0,agent,13,10,7,2.0,,,restraint
restraint,0,agent,14,1,1,2.0,,,restraint
restraint,0,agent,15,10,4,2.0,,,restraint
restraint,0,agent,16,4,7,2.0,,,restraint
restraint,0,agent,17,11,10,2.0,,,restraint
restraint,0,agent,18,4,10,2.0,,,restraint
restraint,0,agent,19,5,4,2.0,,,restraint
restraint,0,agent,20,11,4,2.0,,,restraint
restraint,0,agent,21,7,7,2.0,,,restraint
restraint,0,agent,22,8,1,2.0,,,restraint
restraint,0,agent,23,2,1,2.0,,,restraint
restraint,0,site,0,1,1,,40.0,40.0,
restraint,0,site,1,4,1,,40.0,40.0,
restraint,0,site,2,7,1,,40.0,40.0,
restraint,0,site,3,10,1,,40.0,40.0,
restraint,0,site,4,1,4,,40.0,40.0,
restraint,0,site,5,4,4,,40.0,40.0,
restraint,0,site,6,7,4,,40.0,40.0,
restraint,0,site,7,10,4,,40.0,40.0,
restraint,0,site,8,1,7,,40.0,40.0,
restraint,0,site,9,4,7,,40.0,40.0,
restraint,0,site,10,7,7,,40.0,40.0,
restraint,0,site,11,10,7,,40.0,40.0,
restraint,0,site,12,1,10,,40.0,40.0,
restraint,0,site,13,4,10,,40.0,40.0,
restraint,0,site,14,7,10,,40.0,40.0,
restraint,0,site,15,10,10,,40.0,40.0,
restraint,256,agent,0,4,1,78.8,,,restraint
restraint,256,agent,1,10,1,78.8,,,restraint
restraint,256,agent,2,1,4,78.8,,,restraint
restraint,256,agent,3,7,10,78.8,,,restraint
restraint,256,agent,4,7,1,7.181765582632019,,,restraint
restraint,256,agent,5,4,4,8.878545967456011,,,restraint
restraint,256,agent,6,10,10,7.973716488406688,,,restraint
restraint,256,agent,7,7,4,78.8,,,restraint
restraint,256,agent,8,1,7,4.846265339824871,,,restraint
restraint,256,agent,9,4,10,3.5957635671140267,,,restraint
restraint,256,agent,10,7,7,1.9378083841924323,,,restraint
restraint,256,agent,11,1,10,78.8,,,restraint
restraint,256,agent,12,1,7,8.786265339825091,,,restraint
restraint,256,agent,13,10,7,78.8,,,restraint
restraint,256,agent,14,1,1,7.21556550114247,,,restraint
restraint,256,agent,15,10,4,8.455953203771248,,,restraint
restraint,256,agent,16,4,7,78.8,,,restraint
restraint,256,agent,17,10,10,4.0337164884065,,,restraint
restraint,256,agent,18,4,10,7.535763567114189,,,restraint
restraint,256,agent,19,4,4,4.9385459674557834,,,restraint
restraint,256,agent,20,10,4,4.515953203771029,,,restraint
restraint,256,agent,21,7,7,5.877808384192549,,,restraint
restraint,256,agent,22,7,1,3.241765582631852,,,restraint
restraint,256,agent,23,1,1,3.2755655011423057,,,restraint
restraint,256,site,0,1,1,,22.414728034782538,40.0,
restraint,256,site,1,4,1,,35.39822185616017,40.0,
restraint,256,site,2,7,1,,22.319713604576314,40.0,
restraint,256,site,3,10,1,,35.49360682670463,40.0,
restraint,256,site,4,1,4,,35.23899664975461,40.0,
restraint,256,site,5,4,4,,22.514559944669152,40.0,
restraint,256,site,6,7,4,,35.270132975703284,40.0,
restraint,256,site,7,10,4,,22.640393889362898,40.0,
restraint,256,site,8,1,7,,22.644098264744866,40.0,
restraint,256,site,9,4,7,,35.361206346675154,40.0,
restraint,256,site,10,7,7,,22.44570493795722,40.0,
restraint,256,site,11,10,7,,35.54069951341226,40.0,
restraint,256,site,12,1,10,,35.404300291416384,40.0,
restraint,256,site,13,4,10,,22.576422402932725,40.0,
restraint,256,site,14,7,10,,35.42132822613799,40.0,
restraint,256,site,15,10,10,,22.48198293933641,40.0,
greedy,0,agent,0,4,1,2.0,,,greedy
greedy,0,agent,1,10,1,2.0,,,greedy
greedy,0,agent,2,1,4,2.0,,,greedy
greedy,0,agent,3,7,10,2.0,,,greedy
greedy,0,agent,4,7,1,2.0,,,greedy
greedy,0,agent,5,4,4,2.0,,,greedy
greedy,0,agent,6,10,10,2.0,,,greedy
greedy,0,agent,7,7,4,2.0,,,greedy
greedy,0,agent,8,2,7,2.0,,,greedy
greedy,0,agent,9,5,10,2.0,,,greedy
greedy,0,agent,10,8,7,2.0,,,greedy
greedy,0,agent,11,1,10,2.0,,,greedy
greedy,0,agent,12,1,7,2.0,,,greedy
greedy,0,agent,13,10,7,2.0,,,greedy
greedy,0,agent,14,1,1,2.0,,,greedy
greedy,0,agent,15,10,4,2.0,,,greedy
greedy,0,agent,16,4,7,2.0,,,greedy
greedy,0,agent,17,11,10,2.0,,,greedy
greedy,0,agent,18,4,10,2.0,,,greedy
greedy,0,agent,19,5,4,2.0,,,greedy
greedy,0,agent,20,11,4,2.0,,,greedy
greedy,0,agent,21,7,7,2.0,,,greedy
greedy,0,agent,22,8,1,2.0,,,greedy
greedy,0,agent,23,2,1,2.0,,,greedy
greedy,0,site,0,1,1,,40.0,40.0,
greedy,0,site,1,4,1,,40.0,40.0,
greedy,0,site,2,7,1,,40.0,40.0,
greedy,0,site,3,10,1,,40.0,40.0,
greedy,0,site,4,1,4,,40.0,40.0,
greedy,0,site,5,4,4,,40.0,40.0,
greedy,0,site,6,7,4,,40.0,40.0,
greedy,0,site,7,10,4,,40.0,40.0,
greedy,0,site,8,1,7,,40.0,40.0,
greedy,0,site,9,4,7,,40.0,40.0,
greedy,0,site,10,7,7,,40.0,40.0,
greedy,0,site,11,10,7,,40.0,40.0,
greedy,0,site,12,1,10,,40.0,40.0,
greedy,0,site,13,4,10,,40.0,40.0,
greedy,0,site,14,7,10,,40.0,40.0,
greedy,0,site,15,10,10,,40.0,40.0,
greedy,256,agent,0,10,10,78.8,,,greedy
greedy,256,agent,1,4,1,0.044298158911167146,,,greedy
greedy,256,agent,2,0,3,0.039999999999999994,,,greedy
greedy,256,agent,3,4,1,0.006615171427201777,,,greedy
greedy,256,agent,4,2,0,0.039999999999999994,,,greedy
greedy,256,agent,5,6,2,0.039999999999999994,,,greedy
greedy,256,agent,6,4,7,0.04191823406313668,,,greedy
greedy,256,agent,7,7,10,78.8,,,greedy
greedy,256,agent,8,8,9,0.039999999999999994,,,greedy
greedy,256,agent,9,5,11,0.039999999999999994,,,greedy
greedy,256,agent,10,9,5,0.039999999999999994,,,greedy
greedy,256,agent,11,1,4,78.8,,,greedy
greedy,256,agent,12,5,3,0.039999999999999994,,,greedy
greedy,256,agent,13,0,0,0.039999999999999994,,,greedy
greedy,256,agent,14,3,11,0.039999999999999994,,,greedy
greedy,256,agent,15,3,3,0.039999999999999994,,,greedy
greedy,256,agent,16,11,5,0.039999999999999994,,,greedy
greedy,256,agent,17,6,8,0.039999999999999994,,,greedy
greedy,256,agent,18,11,6,0.039999999999999994,,,greedy
greedy,256,agent,19,5,3,0.039999999999999994,,,greedy
greedy,256,agent,20,11,8,0.039999999999999994,,,greedy
greedy,256,agent,21,6,3,0.039999999999999994,,,greedy
greedy,256,agent,22,4,7,0.04191823406313679,,,greedy
greedy,256,agent,23,5,6,0.039999999999999994,,,greedy
greedy,256,site,0,1,1,,40.0,40.0,
greedy,256,site,1,4,1,,0.02125283770073059,40.0,
greedy,256,site,2,7,1,,40.0,40.0,
greedy,256,site,3,10,1,,40.0,40.0,
greedy,256,site,4,1,4,,35.238996610220454,40.0,
greedy,256,site,5,4,4,,40.0,40.0,
greedy,256,site,6,7,4,,40.0,40.0,
greedy,256,site,7,10,4,,40.0,40.0,
greedy,256,site,8,1,7,,40.0,40.0,
greedy,256,site,9,4,7,,0.019366479528571567,40.0,
greedy,256,site,10,7,7,,40.0,40.0,
greedy,256,site,11,10,7,,40.0,40.0,
greedy,256,site,12,1,10,,40.0,40.0,
greedy,256,site,13,4,10,,40.0,40.0,
greedy,256,site,14,7,10,,35.42130346711467,40.0,
greedy,256,site,15,10,10,,35.49240255984701,40.0,
focal_greedy,0,agent,0,4,1,2.0,,,greedy
focal_greedy,0,agent,1,10,1,2.0,,,restraint
focal_greedy,0,agent,2,1,4,2.0,,,restraint
focal_greedy,0,agent,3,7,10,2.0,,,restraint
focal_greedy,0,agent,4,7,1,2.0,,,restraint
focal_greedy,0,agent,5,4,4,2.0,,,restraint
focal_greedy,0,agent,6,10,10,2.0,,,restraint
focal_greedy,0,agent,7,7,4,2.0,,,restraint
focal_greedy,0,agent,8,2,7,2.0,,,restraint
focal_greedy,0,agent,9,5,10,2.0,,,restraint
focal_greedy,0,agent,10,8,7,2.0,,,restraint
focal_greedy,0,agent,11,1,10,2.0,,,restraint
focal_greedy,0,agent,12,1,7,2.0,,,restraint
focal_greedy,0,agent,13,10,7,2.0,,,restraint
focal_greedy,0,agent,14,1,1,2.0,,,restraint
focal_greedy,0,agent,15,10,4,2.0,,,restraint
focal_greedy,0,agent,16,4,7,2.0,,,restraint
focal_greedy,0,agent,17,11,10,2.0,,,restraint
focal_greedy,0,agent,18,4,10,2.0,,,restraint
focal_greedy,0,agent,19,5,4,2.0,,,restraint
focal_greedy,0,agent,20,11,4,2.0,,,restraint
focal_greedy,0,agent,21,7,7,2.0,,,restraint
focal_greedy,0,agent,22,8,1,2.0,,,restraint
focal_greedy,0,agent,23,2,1,2.0,,,restraint
focal_greedy,0,site,0,1,1,,40.0,40.0,
focal_greedy,0,site,1,4,1,,40.0,40.0,
focal_greedy,0,site,2,7,1,,40.0,40.0,
focal_greedy,0,site,3,10,1,,40.0,40.0,
focal_greedy,0,site,4,1,4,,40.0,40.0,
focal_greedy,0,site,5,4,4,,40.0,40.0,
focal_greedy,0,site,6,7,4,,40.0,40.0,
focal_greedy,0,site,7,10,4,,40.0,40.0,
focal_greedy,0,site,8,1,7,,40.0,40.0,
focal_greedy,0,site,9,4,7,,40.0,40.0,
focal_greedy,0,site,10,7,7,,40.0,40.0,
focal_greedy,0,site,11,10,7,,40.0,40.0,
focal_greedy,0,site,12,1,10,,40.0,40.0,
focal_greedy,0,site,13,4,10,,40.0,40.0,
focal_greedy,0,site,14,7,10,,40.0,40.0,
focal_greedy,0,site,15,10,10,,40.0,40.0,
focal_greedy,256,agent,0,1,1,78.8,,,greedy
focal_greedy,256,agent,1,10,1,78.8,,,restraint
focal_greedy,256,agent,2,4,4,0.07999999999999996,,,restraint
focal_greedy,256,agent,3,7,10,78.8,,,restraint
focal_greedy,256,agent,4,7,1,7.181765582632019,,,restraint
focal_greedy,256,agent,5,4,4,0.07999999999999996,,,restraint
focal_greedy,256,agent,6,10,10,7.973716488406688,,,restraint
focal_greedy,256,agent,7,7,4,78.8,,,restraint
focal_greedy,256,agent,8,1,7,4.846265339824871,,,restraint
focal_greedy,256,agent,9,4,10,3.5957635671140267,,,restraint
focal_greedy,256,agent,10,7,7,1.9378083841924323,,,restraint
focal_greedy,256,agent,11,1,10,78.8,,,restraint
focal_greedy,256,agent,12,1,7,8.786265339825091,,,restraint
focal_greedy,256,agent,13,10,7,78.8,,,restraint
focal_greedy,256,agent,14,1,4,0.0821945632433303,,,restraint
focal_greedy,256,agent,15,10,4,8.455953203771248,,,restraint
focal_greedy,256,agent,16,4,7,78.8,,,restraint
focal_greedy,256,agent,17,10,10,4.0337164884065,,,restraint
focal_greedy,256,agent,18,4,10,7.535763567114189,,,restraint
focal_greedy,256,agent,19,4,4,0.07999999999999996,,,restraint
focal_greedy,256,agent,20,10,4,4.515953203771029,,,restraint
focal_greedy,256,agent,21,7,7,5.877808384192549,,,restraint
focal_greedy,256,agent,22,7,1,3.241765582631852,,,restraint
focal_greedy,256,agent,23,1,4,0.0821945632433303,,,restraint
focal_greedy,256,site,0,1,1,,35.23525922883758,40.0,
focal_greedy,256,site,1,4,1,,40.0,40.0,
focal_greedy,256,site,2,7,1,,22.319713604576314,40.0,
focal_greedy,256,site,3,10,1,,35.49360682670463,40.0,
focal_greedy,256,site,4,1,4,,22.34820742628066,40.0,
focal_greedy,256,site,5,4,4,,22.514559944669152,40.0,
focal_greedy,256,site,6,7,4,,35.270132975703284,40.0,
focal_greedy,256,site,7,10,4,,22.640393889362898,40.0,
focal_greedy,256,site,8,1,7,,22.644098264744866,40.0,
focal_greedy,256,site,9,4,7,,35.361206346675154,40.0,
focal_greedy,256,site,10,7,7,,22.44570493795722,40.0,
focal_greedy,256,site,11,10,7,,35.54069951341226,40.0,
focal_greedy,256,site,12,1,10,,35.404300291416384,40.0,
focal_greedy,256,site,13,4,10,,22.576422402932725,40.0,
focal_greedy,256,site,14,7,10,,35.42132822613799,40.0,
focal_greedy,256,site,15,10,10,,22.48198293933641,40.0,
half_greedy,0,agent,0,4,1,2.0,,,greedy
half_greedy,0,agent,1,10,1,2.0,,,restraint
half_greedy,0,agent,2,1,4,2.0,,,greedy
half_greedy,0,agent,3,7,10,2.0,,,restraint
half_greedy,0,agent,4,7,1,2.0,,,greedy
half_greedy,0,agent,5,4,4,2.0,,,restraint
half_greedy,0,agent,6,10,10,2.0,,,greedy
half_greedy,0,agent,7,7,4,2.0,,,restraint
half_greedy,0,agent,8,2,7,2.0,,,greedy
half_greedy,0,agent,9,5,10,2.0,,,restraint
half_greedy,0,agent,10,8,7,2.0,,,greedy
half_greedy,0,agent,11,1,10,2.0,,,restraint
half_greedy,0,agent,12,1,7,2.0,,,greedy
half_greedy,0,agent,13,10,7,2.0,,,restraint
half_greedy,0,agent,14,1,1,2.0,,,greedy
half_greedy,0,agent,15,10,4,2.0,,,restraint
half_greedy,0,agent,16,4,7,2.0,,,greedy
half_greedy,0,agent,17,11,10,2.0,,,restraint
half_greedy,0,agent,18,4,10,2.0,,,greedy
half_greedy,0,agent,19,5,4,2.0,,,restraint
half_greedy,0,agent,20,11,4,2.0,,,greedy
half_greedy,0,agent,21,7,7,2.0,,,restraint
half_greedy,0,agent,22,8,1,2.0,,,greedy
half_greedy,0,agent,23,2,1,2.0,,,restraint
half_greedy,0,site,0,1,1,,40.0,40.0,
half_greedy,0,site,1,4,1,,40.0,40.0,
half_greedy,0,site,2,7,1,,40.0,40.0,
half_greedy,0,site,3,10,1,,40.0,40.0,
half_greedy,0,site,4,1,4,,40.0,40.0,
half_greedy,0,site,5,4,4,,40.0,40.0,
half_greedy,0,site,6,7,4,,40.0,40.0,
half_greedy,0,site,7,10,4,,40.0,40.0,
half_greedy,0,site,8,1,7,,40.0,40.0,
half_greedy,0,site,9,4,7,,40.0,40.0,
half_greedy,0,site,10,7,7,,40.0,40.0,
half_greedy,0,site,11,10,7,,40.0,40.0,
half_greedy,0,site,12,1,10,,40.0,40.0,
half_greedy,0,site,13,4,10,,40.0,40.0,
half_greedy,0,site,14,7,10,,40.0,40.0,
half_greedy,0,site,15,10,10,,40.0,40.0,
half_greedy,256,agent,0,3,11,0.039999999999999994,,,greedy
half_greedy,256,agent,1,7,7,0.03999999999999995,,,restraint
half_greedy,256,agent,2,9,11,0.039999999999999994,,,greedy
half_greedy,256,agent,3,10,7,20.604745496644032,,,restraint
half_greedy,256,agent,4,0,9,0.039999999999999994,,,greedy
half_greedy,256,agent,5,4,10,77.92161103988829,,,restraint
half_greedy,256,agent,6,7,7,78.8,,,greedy
half_greedy,256,agent,7,4,10,34.076542266265655,,,restraint
half_greedy,256,agent,8,2,8,0.039999999999999994,,,greedy
half_greedy,256,agent,9,1,10,78.8,,,restraint
half_greedy,256,agent,10,11,6,0.039999999999999994,,,greedy
half_greedy,256,agent,11,10,1,62.18824386914351,,,restraint
half_greedy,256,agent,12,11,11,0.039999999999999994,,,greedy
half_greedy,256,agent,13,7,7,0.03999999999999995,,,restraint
half_greedy,256,agent,14,11,8,0.039999999999999994,,,greedy
half_greedy,256,agent,15,4,4,78.8,,,restraint
half_greedy,256,agent,16,11,2,0.039999999999999994,,,greedy
half_greedy,256,agent,17,10,10,0.03999999999999995,,,restraint
half_greedy,256,agent,18,1,7,78.8,,,greedy
half_greedy,256,agent,19,4,1,0.10380415780682961,,,restraint
half_greedy,256,agent,20,8,2,0.039999999999999994,,,greedy
half_greedy,256,agent,21,10,10,0.03999999999999995,,,restraint
half_greedy,256,agent,22,8,11,0.039999999999999994,,,greedy
half_greedy,256,agent,23,4,1,0.10380415780682961,,,restraint
half_greedy,256,site,0,1,1,,40.0,40.0,
half_greedy,256,site,1,4,1,,22.571593361788402,40.0,
half_greedy,256,site,2,7,1,,40.0,40.0,
half_greedy,256,site,3,10,1,,22.53991041655469,40.0,
half_greedy,256,site,4,1,4,,40.0,40.0,
half_greedy,256,site,5,4,4,,35.54596929299717,40.0,
half_greedy,256,site,6,7,4,,40.0,40.0,
half_greedy,256,site,7,10,4,,40.0,40.0,
half_greedy,256,site,8,1,7,,35.408727944650316,40.0,
half_greedy,256,site,9,4,7,,40.0,40.0,
half_greedy,256,site,10,7,7,,16.45508634109771,40.0,
half_greedy,256,site,11,10,7,,22.468908034517472,40.0,
half_greedy,256,site,12,1,10,,35.404287797898775,40.0,
half_greedy,256,site,13,4,10,,22.576422402932725,40.0,
half_greedy,256,site,14,7,10,,40.0,40.0,
half_greedy,256,site,15,10,10,,0.8262226360057097,40.0,
