arena_id,consumption_per_member,external_harm,focal,focal_welfare,initial_budget,investment,other_society_utility,other_society_welfare,public_fraction,shortfall_per_member,terminal_wealth_per_member,trajectory_digest,utility
decision-development-000,19.69653408068298,0.0,0,0.49827503503201465,1.7553838979113712,0.0,19.93422405892707,0.5079392767915503,0.0,7.50346591931702,0.2264281306073207,f7117c428b86b4e3dcd9da99247c4ecc5ed5e69614224233bad0f8f1e02f9093,19.741819706804446
decision-development-000,19.569514275001865,0.0,0,0.49232098164071236,1.7553838979113712,0.8776919489556856,19.949957583941753,0.5086746379418006,0.5,7.630485724998136,0.22947153186781055,c00304c26b3a736a763c25427ed84a3bc4bf06d3b56ceb5a182943a36cd453a1,19.615408581375426
decision-development-000,19.462866115593773,0.0,0,0.48732184916845817,1.7553838979113712,1.7553838979113712,19.965691108956424,0.509409999092051,1.0,7.737133884406226,0.23251493312830063,d6edf7d2d3fd4fe1299faf5ca01737ccb612cdd426b6cf31ab8e700fc049ebf4,19.509369102219434
decision-development-000,20.17051076639269,0.0,1,0.5204926921746574,1.479599213240991,0.0,19.709126442652334,0.49683044822022887,0.0,7.029489233607308,0.10752086480617037,f7117c428b86b4e3dcd9da99247c4ecc5ed5e69614224233bad0f8f1e02f9093,20.192014939353925
decision-development-000,20.05573532217758,0.0,1,0.515112593227074,1.479599213240991,0.7397996066204955,19.722381780899834,0.4974483867213705,0.5,7.14426467782242,0.10849812672339404,5c1bc5428a6e30807446edab9d9ac6dae4bbfc9424ae0a3f416d2be5bb8a8b79,20.077434947522256
decision-development-000,19.9327727208033,0.0,1,0.5093487212876546,1.479599213240991,1.479599213240991,19.735637119147334,0.4980663252225121,1.0,7.267227279196701,0.10947538864061779,c2be8b1d20c924b7b58efdadb4098deb8801aa63b7b86641341c4b480cc4c1b3,19.954667798531425
decision-development-000,19.63489837671345,0.0,2,0.4953858614084431,1.5175533419181142,0.0,19.966917323079187,0.5093838636033361,0.0,7.565101623286547,0.20767400893385987,f7117c428b86b4e3dcd9da99247c4ecc5ed5e69614224233bad0f8f1e02f9093,19.676433178500222
decision-development-000,19.50880522755076,0.0,2,0.4894752450414418,1.5175533419181142,0.7587766709590571,19.980449471944254,0.5100145334686748,0.5,7.691194772449242,0.2085202585833025,52f67aebdf14cba6a23f532bf8ecfc42ce34dbfcb61e1b396538704548c0c251,19.55050927926742
decision-development-000,19.404325999556967,0.0,2,0.48457778122923284,1.5175533419181142,1.5175533419181142,19.99398162080933,0.5106452033340135,1.0,7.795674000443032,0.20936650823274508,9ed15d785ec430bf04896fe1ad5ebef6c69ff4a0c7e047071fb7e047bee31e15,19.446199301203517
decision-development-001,24.77156881965133,0.0,0,0.736167288421156,2.5365762713717865,0.0,23.66188353832105,0.6738907483916464,0.0,2.428431180348673,0.15875618773289152,6e3954ba12afb4a1cf140b16aa7d3db1f1961389eb595ef2403206f0397310e9,24.803320057197908
decision-development-001,24.899147369710327,0.0,0,0.7421475329551717,2.5365762713717865,1.2682881356858933,23.679496197685296,0.6746503505909347,0.5,2.300852630289671,0.18222100626554927,294ddcb4255c935c929f3f043af931aee5ee1ba7d36844e92207297eb60d7d1a,24.93559157096344
decision-development-001,24.851415825279197,0.0,0,0.7399101168099624,2.5365762713717865,2.5365762713717865,23.697234179605346,0.6754158272850266,1.0,2.348584174720802,0.30946645907102316,7102429ea2a322a5729a82df759d6a08a715ef24f2da36a6b2c570cf6ff2cdb5,24.9133091170934
decision-development-001,26.520341564537866,0.0,1,0.8181410108377124,2.588818557862803,0.0,22.59876389986338,0.6329038871833682,0.0,0.6796584354621348,2.0460888478769172,6e3954ba12afb4a1cf140b16aa7d3db1f1961389eb595ef2403206f0397310e9,26.92955933411325
decision-development-001,26.574585383264168,0.0,1,0.820683689840508,2.588818557862803,1.2944092789314015,22.621933337881668,0.6339879361855132,0.5,0.6254146167358299,2.138676585676574,a2337989cacbc942be889bf24ed2fff525f68cfa1e067961568ea1bde6e8ccf1,27.002320700399483
decision-development-001,26.628829201990474,0.0,1,0.8232263688433035,2.588818557862803,2.588818557862803,22.64522809845577,0.6350778596824618,1.0,0.5711707980095261,2.231264323476232,08d157d645e2a0a856df65ca3de346aa6eeca888779ff8bf85e48a1b341ec44f,27.07508206668572
decision-development-001,20.365663700172384,0.0,2,0.5296404859455804,1.760491107283921,0.0,25.86643969565558,0.7771541496294342,0.0,6.8343362998276165,0.14272021178234648,6e3954ba12afb4a1cf140b16aa7d3db1f1961389eb595ef2403206f0397310e9,20.394207742528852
decision-development-001,20.442230082773236,0.0,2,0.5332295351299955,1.760491107283921,0.8802455536419606,25.880054364032603,0.7777466644036887,0.5,6.757769917226763,0.14560111420130975,d2d7826331011bcf6d4d9490bc2e993311d1bdf3bc322b1cc2c567c3905d640b,20.471350305613498
decision-development-001,20.500348603448444,0.0,2,0.5359538407866458,1.760491107283921,1.760491107283921,25.89366903240963,0.7783391791779433,1.0,6.699651396551556,0.14848201662027302,fc66d2432dc059ae13b24ca1b12256120b01d297fa6cd56f7e38e89160d23668,20.5300450067725
decision-development-002,27.2,0.0,0,0.85,3.5473120093954296,0.0,31.22845878648574,0.85,0.0,0.0,13.893377422656531,c5dc80cf234e24688b016bea05d46ddb9fd62df35b850bfc951dba1d3b97e3ad,29.978675484531305
decision-development-002,27.2,0.0,0,0.85,3.5473120093954296,1.7736560046977148,31.235621108695575,0.85,0.5,0.0,13.617084273044922,66eee15846673e02e79f1f8fb572d76a43f33d9d4a50d90df5e77d6f4cf31a6b,29.923416854608984
decision-development-002,27.2,0.0,0,0.85,3.5473120093954296,3.5473120093954296,31.24278343090541,0.85,1.0,0.0,13.340791123433318,56e631b50c0b14e8d4d0a4c7ef1779240faa2f6aa345a9c2eb546f643c816e77,29.868158224686663
decision-development-002,27.2,0.0,1,0.85,3.3902783078539303,0.0,30.292480659385284,0.85,0.0,0.0,23.25315869366109,c5dc80cf234e24688b016bea05d46ddb9fd62df35b850bfc951dba1d3b97e3ad,31.85063173873222
decision-development-002,27.2,0.0,1,0.85,3.3902783078539303,1.6951391539269651,30.299325917303825,0.85,0.5,0.0,22.9890965899454,643f719fdf17542d421eee0d8d1fd752bb891fdb4642516b7a4d177f5406c35e,31.79781931798908
decision-development-002,27.2,0.0,1,0.85,3.3902783078539303,3.3902783078539303,30.306171175222374,0.85,1.0,0.0,22.725034486229724,5b17b93ef8a0da0dc4ee88d00c9b9480eaf98e725f72d61cab4dcecbd778515d,31.745006897245943
decision-development-002,27.2,0.0,2,0.85,3.409943958084243,0.0,30.914653611631763,0.85,0.0,0.0,17.03142917119629,c5dc80cf234e24688b016bea05d46ddb9fd62df35b850bfc951dba1d3b97e3ad,30.60628583423926
decision-development-002,27.2,0.0,2,0.85,3.409943958084243,1.7049719790421216,30.921538576157182,0.85,0.5,0.0,16.765835348695536,46100ac1e6f36fa534e683e89db8cc36f416d72ab1769839455f60fb239c09fd,30.553167069739107
decision-development-002,27.2,0.0,2,0.85,3.409943958084243,3.409943958084243,30.9284235406826,0.85,1.0,0.0,16.500241526194785,4be0b51292bae13608dff5dd1962e7bcbe1e330331480851284cf51cfefbb30d,30.500048305238955
decision-development-003,27.2,0.0,0,0.85,3.1665258744410805,0.0,34.181316462011836,0.85,0.0,0.0,25.282862408519243,e618e797ff4f86551e68e07aee00f1cfc0f2d7c1d6bd750a2d5995ef4f714869,32.25657248170385
decision-development-003,27.2,0.0,0,0.85,3.1665258744410805,1.5832629372205402,34.187709944890834,0.85,0.5,0.0,25.462460133323777,2107043b35726d02c8fd32e906c6963ac965440899280700e0a51d953fcdd204,32.29249202666475
decision-development-003,27.2,0.0,0,0.85,3.1665258744410805,3.1665258744410805,34.19410342776983,0.85,1.0,0.0,25.642057858128304,3b67e254a80f8264d0448afe22afac38f30f7131d679b3078e6e8c547fed2ef9,32.32841157162566
decision-development-003,27.2,0.0,1,0.85,4.860763990297782,0.0,33.50886189940126,0.85,0.0,0.0,32.007408034624994,e618e797ff4f86551e68e07aee00f1cfc0f2d7c1d6bd750a2d5995ef4f714869,33.601481606925
decision-development-003,27.2,0.0,1,0.85,4.860763990297782,2.430381995148891,33.51867619196766,0.85,0.5,0.0,32.283098866812935,bc7b9d60b720b14607c7eee21445a14da359f68c83241974413e73af95ee819b,33.656619773362586
decision-development-003,27.2,0.0,1,0.85,4.860763990297782,4.860763990297782,33.528490484534046,0.85,1.0,0.0,32.55878969900087,4b90d1a9528720d06199a62e61476ede7f6ac74f0b983c68fcd2d67bc1466692,33.71175793980017
decision-development-003,27.2,0.0,2,0.85,4.769992971174147,0.0,32.929027044314424,0.85,0.0,0.0,37.80575658549337,e618e797ff4f86551e68e07aee00f1cfc0f2d7c1d6bd750a2d5995ef4f714869,34.76115131709867
decision-development-003,27.2,0.0,2,0.85,4.769992971174147,2.3849964855870733,32.93865806253546,0.85,0.5,0.0,38.07629910399014,8a4e77fe1ff0dd6a0826d3a0cb6e0d817ee9483a381381dddd93d276db2150a7,34.815259820798026
decision-development-003,27.2,0.0,2,0.85,4.769992971174147,4.769992971174147,32.9482890807565,0.85,1.0,0.0,38.34684162248693,d45f5e0a85c9372a0fdd776cc006c0885936939cd0168e0b8ab3d7c425a24352,34.86936832449739
decision-development-004,27.2,0.0,0,0.85,4.773904336516832,0.0,37.402147129660825,0.85,0.0,0.0,49.36059978793723,2103a73eab16422fc3563f5cfbe23b634f5b168eacda674bb3d144a77be5b95f,37.07211995758745
decision-development-004,27.2,0.0,0,0.85,4.773904336516832,2.386952168258416,37.41178604525847,0.85,0.5,0.0,48.98876977648428,606a3edc6d628ecf8922373e43f98932becc1bd9b3705c6f3396cb9a4ed9a17a,36.99775395529686
decision-development-004,27.2,0.0,0,0.85,4.773904336516832,4.773904336516832,37.4214249608561,0.85,1.0,0.0,48.61693976503131,3cb57782bb6bd75e9422e05885980fa6afe101b3317fdd2ad8c973fefac4f51a,36.92338795300626
decision-development-004,27.2,0.0,1,0.85,4.371796711859616,0.0,37.83847355379597,0.85,0.0,0.0,44.997335546585774,2103a73eab16422fc3563f5cfbe23b634f5b168eacda674bb3d144a77be5b95f,36.199467109317155
decision-development-004,27.2,0.0,1,0.85,4.371796711859616,2.185898355929808,37.84730058017631,0.85,0.5,0.0,44.65682490647798,448d76e7eba905a48390bcc05f076a38711677ad7bc8999d64674b32e64a0aba,36.1313649812956
decision-development-004,27.2,0.0,1,0.85,4.371796711859616,4.371796711859616,37.856127606556655,0.85,1.0,0.0,44.316314266370156,6094b6b51835ad6ebb8f3299e64ebd8b73075af1d514c5a13964d4b35d931e23,36.06326285327403
decision-development-004,27.2,0.0,2,0.85,4.312141007351284,0.0,36.6357935334523,0.85,0.0,0.0,57.024135750022474,2103a73eab16422fc3563f5cfbe23b634f5b168eacda674bb3d144a77be5b95f,38.604827150004496
decision-development-004,27.2,0.0,2,0.85,4.312141007351284,2.156070503675642,36.644500109932494,0.85,0.5,0.0,56.68827157530797,76bf5ba26260d3e448b85e3555f0aa1249c15b2f544d4f4125f0d7e1dcf48fff,38.537654315061594
decision-development-004,27.2,0.0,2,0.85,4.312141007351284,4.312141007351284,36.65320668641268,0.85,1.0,0.0,56.35240740059346,89882b729a132535d1e702b5356c0e1f9af5313ca18f2b3545d2144c88277e6a,38.47048148011869
decision-development-005,27.2,0.0,0,0.85,5.643338503878384,0.0,40.20674254852782,0.85,0.0,0.0,67.88100195147413,ed3d2d91fd9dcc5066122b7683a3f971ff2453c876104154a1b6ed92e113884c,40.776200390294825
decision-development-005,27.2,0.0,0,0.85,5.643338503878384,2.821669251939192,40.21243973679275,0.85,0.5,0.0,67.17558463848934,376c5006baaa853031cf6f517648c7c17bf7501a1fec0a7e1d73556fb6afdd3f,40.635116927697865
decision-development-005,27.2,0.0,0,0.85,5.643338503878384,5.643338503878384,40.21813692505768,0.85,1.0,0.0,66.47016732550453,fed53fc38019b3edf72e4ee37c82208c24186bf54d6d38285e591424202fbc1a,40.494033465100905
decision-development-005,27.2,0.0,1,0.85,5.38737186648686,0.0,40.88403975898572,0.85,0.0,0.0,61.10802984689512,ed3d2d91fd9dcc5066122b7683a3f971ff2453c876104154a1b6ed92e113884c,39.42160596937902
decision-development-005,27.2,0.0,1,0.85,5.38737186648686,2.69368593324343,40.88403975898572,0.85,0.5,0.0,61.4135886101147,1fd5b92574bada69608183bd40eb7edc778cea531781b1c81a8671153dffa47c,39.48271772202294
decision-development-005,27.2,0.0,1,0.85,5.38737186648686,5.38737186648686,40.88403975898572,0.85,1.0,0.0,61.719147373334295,78dcb9ed0adcc6f208aa15081491cc550f5c36558e81cc8db27c4e927a0cc652,39.54382947466686
decision-development-005,27.2,0.0,2,0.85,5.534924980676646,0.0,40.098903179836924,0.85,0.0,0.0,68.95939563838309,ed3d2d91fd9dcc5066122b7683a3f971ff2453c876104154a1b6ed92e113884c,40.99187912767662
decision-development-005,27.2,0.0,2,0.85,5.534924980676646,2.767462490338323,40.104490920077126,0.85,0.5,0.0,68.2675300157985,5ba66d44b9983e6556dfd89e7c4077eb7dce3eeea5268ee1a19789d858a4473f,40.8535060031597
decision-development-005,27.2,0.0,2,0.85,5.534924980676646,5.534924980676646,40.11007866031733,0.85,1.0,0.0,67.57566439321393,68fc52a5a3993e8eadc3d96acbb0eaabcc5e55d9ea0d44e50888fa9026fbef81,40.715132878642784
