selection_rank,candidate_id,reserve_ticks,route_mode,stock_floor_fraction,episodes,late_score,score,worst_case_score,worst_cell_score,selected
1,r4-f50-nearest,4,nearest,0.5,18,0.8666503327651162,0.8799445192988399,0.4900528109309361,0.4937888032292501,True
2,r4-f50-net_yield,4,net_yield,0.5,18,0.8713154373556847,0.8797400411925189,0.4838487506128584,0.4898687014532478,False
3,r2-f50-net_yield,2,net_yield,0.5,18,0.864811864409207,0.8765858540856702,0.4850932470520543,0.48522756099561487,False
4,r2-f50-nearest,2,nearest,0.5,18,0.8639743533714966,0.873063156755202,0.4879173958220559,0.48901063263124545,False
5,r0-f25-net_yield,0,net_yield,0.25,18,0.8453939856755681,0.8664724162038796,0.45067100839154817,0.45168562688254216,False
6,r0-f25-nearest,0,nearest,0.25,18,0.8406739923060949,0.863052555846083,0.4447723111174759,0.44741925143441397,False
7,r0-f50-net_yield,0,net_yield,0.5,18,0.8415255210316056,0.8568582126505259,0.48494158483375605,0.48675296927517325,False
8,r0-f50-nearest,0,nearest,0.5,18,0.8428113799098594,0.8560264483734072,0.4628223505124791,0.4667109517290331,False
9,r2-f25-nearest,2,nearest,0.25,18,0.8301409043166955,0.8472249944417668,0.40791673697943454,0.4084905771996593,False
10,r2-f25-net_yield,2,net_yield,0.25,18,0.8242696253952014,0.8447627898373894,0.40884604691931753,0.41313226766890254,False
11,r4-f25-net_yield,4,net_yield,0.25,18,0.8246054110204876,0.8441120810234451,0.41271255068265095,0.41297132162677624,False
12,r4-f25-nearest,4,nearest,0.25,18,0.8128162651446489,0.840066608660455,0.3970716716829271,0.4071754558520883,False
13,r0-f00-net_yield,0,net_yield,0.0,18,0.5407146751543991,0.6425005041631994,0.10314726521971643,0.10391274614642618,False
14,r0-f00-nearest,0,nearest,0.0,18,0.540479425474446,0.6422632076079154,0.10377012393742066,0.10426843291442585,False
15,r2-f00-net_yield,2,net_yield,0.0,18,0.5412900933709204,0.6380219822869776,0.10199141616937,0.10214378351146203,False
16,r2-f00-nearest,2,nearest,0.0,18,0.5407606393607565,0.6378663549344634,0.10178224641917494,0.10214184786716726,False
17,r4-f00-nearest,4,nearest,0.0,18,0.5367309107174798,0.6338608071308546,0.0977403378767677,0.09791791439990374,False
18,r4-f00-net_yield,4,net_yield,0.0,18,0.5363909981771455,0.6336627638286222,0.09764950490377723,0.09794571560933002,False
