panel,renewal_rate,need,paired_configurations,condition,consumption_per_agent_tick,depleted_patch_time_fraction,late_consumption_per_agent_tick,max_ledger_residual,max_relative_ledger_residual,max_unaffordable_known_returns,mean_hungry_off_site_agent_fraction,mean_off_site_agent_fraction,movement_steps_per_agent,shortfall_per_agent_tick,terminal_inventory_per_agent,terminal_mean_known_sites,terminal_stock_fraction,terminal_unoccupied_stock_fraction,total_harvest_cost,total_movement_cost,total_waste,consumption_fraction_of_need,late_consumption_fraction_of_need
grid,0.12,0.8,4,legacy_need2,0.3168512826424726,0.43463134765625,0.056540252479452414,9.803269307440132e-14,1.0947844390364993e-16,0,0.13395182291666669,0.13395182291666669,60.645833333333336,0.48314871735752657,0.12679869288276577,2.3541666666666665,0.5395011269096608,0.4610699612326048,39.40586630988857,29.110000000000014,0.0,0.3960641033030907,0.07067531559931552
grid,0.12,0.8,4,fixed_forager,0.27324209429599655,0.7216796875,0.005222922572796846,1.0513812043200232e-13,1.1458300286608452e-16,0,0.2611897786458333,0.2690022786458333,106.34375,0.5267579057040023,0.046601495493890074,5.104166666666667,0.00132239643058792,0.001015452562417247,34.34618088258075,51.04500000000004,0.0,0.3415526178699957,0.0065286532159960576
grid,0.12,0.8,4,fixed_floor,0.7309683215360683,0.0,0.7008439765617815,1.0752509993494641e-13,1.1458300286608452e-16,0,0.17545572916666666,0.29203287760416663,111.86458333333333,0.06903167846393332,1.1541238982890403,7.21875,0.6401820886966683,0.2491569626801189,92.33598655258244,53.695000000000036,0.0,0.9137104019200853,0.8760549707022269
grid,0.12,0.8,4,selected,0.7317673809598664,0.000244140625,0.7060677731592438,1.2040368702059823e-13,1.298314871635321e-16,0,0.09574381510416667,0.3286539713541667,125.45833333333334,0.06823261904013556,2.3128372667094803,10.395833333333332,0.6076537801038064,0.26717784761962105,93.13687516364169,60.22000000000004,0.0,0.914709226199833,0.8825847164490548
grid,0.12,0.8,4,focal_aggressive_selected,0.6491566792946465,0.07281494140625,0.6774090357363641,1.5894230376289897e-13,1.7388034582748545e-16,0,0.113037109375,0.3125,118.65625,0.1508433207053545,5.143795658688234,11.354166666666666,0.5843298273366447,0.20632046454194133,84.09846394683319,56.95500000000004,0.0,0.8114458491183081,0.8467612946704551
grid,0.12,0.8,4,all_aggressive,0.1318146697989269,0.9703369140625,0.004934442933979474,1.233457780358549e-13,1.2481280490112591e-16,0,0.315185546875,0.3967692057291667,156.23958333333331,0.6681853302010742,0.04775394801020279,6.59375,0.0014480354832349632,0.0011678165191316044,17.102253591772484,74.99500000000006,0.0,0.1647683372486586,0.006168053667474343
grid,0.12,1.2,4,legacy_need2,0.2689789013711358,0.53973388671875,0.11266188733920077,1.132323401709101e-13,1.2174233838722467e-16,0,0.17769368489583334,0.17769368489583334,84.95833333333333,0.9310210986288602,0.25641799290549394,2.0,0.4373381594846815,0.3572197041514623,33.70490616028557,40.78000000000003,0.0,0.2241490844759465,0.09388490611600064
grid,0.12,1.2,4,fixed_forager,0.18855731881907853,0.87689208984375,0.005044282775856581,1.0288991880713638e-13,1.2094928952254608e-16,0,0.3237711588541667,0.331298828125,130.48958333333334,1.0114426811809178,0.04439955669366716,5.739583333333334,0.0014262615755218735,0.001159399211889225,23.96319910581765,62.63500000000005,0.0,0.15713109901589878,0.0042035689798804845
grid,0.12,1.2,4,fixed_floor,0.7727408242038268,0.00048828125,0.758177422469821,1.1218803663837207e-13,1.2094928952254608e-16,0,0.40401204427083337,0.5037434895833334,186.77083333333334,0.42725917579617223,0.927722876956176,14.15625,0.5753978989206594,0.268619337549743,98.19663210112788,89.65000000000003,0.0,0.6439506868365223,0.6318145187248508
grid,0.12,1.2,4,selected,0.7855436723459395,0.0,0.743961537410081,8.813783036742961e-14,8.28923452031743e-17,0,0.3413899739583333,0.5381266276041666,199.29166666666669,0.4144563276540593,1.6806638966525607,14.708333333333332,0.5607154613032632,0.30169892288751166,100.29339298802293,95.66,0.0,0.6546197269549496,0.6199679478417341
grid,0.12,1.2,4,focal_aggressive_selected,0.6737938559339294,0.11236572265625,0.6670741326652865,1.196430107763824e-13,1.3336740463699694e-16,0,0.23396809895833331,0.3986002604166667,148.96875,0.5262061440660692,3.900335964083629,13.09375,0.5331253514523394,0.28246835096698814,86.87556151012402,71.50500000000005,0.0,0.5614948799449412,0.5558951105544054
grid,0.12,1.2,4,all_aggressive,0.1321725119558487,0.9703369140625,0.0043308372709408224,9.678369217169802e-14,9.918739030833192e-17,0,0.3356119791666667,0.38358561197916663,151.61458333333331,1.0678274880441472,0.04981190157618222,5.833333333333334,0.0015486477041437552,0.0012457545816476389,17.102824471317597,72.77500000000006,0.0,0.11014375996320726,0.003609031059117352
grid,0.12,1.6,4,legacy_need2,0.19884365567049547,0.540283203125,0.01644401977430883,1.2753546049099063e-13,1.4577820667115494e-16,0,0.17252604166666666,0.17252604166666666,82.23958333333333,1.4011563443295079,0.027346674156649712,1.9270833333333335,0.5256722589894159,0.5254431003918,24.771974298352745,39.47500000000002,0.0,0.12427728479405967,0.010277512358943018
grid,0.12,1.6,4,fixed_forager,0.16315715190508226,0.92291259765625,0.0046905286816994705,1.0658141036401503e-13,1.2436904186458268e-16,0,0.34476725260416663,0.35139973958333337,138.08333333333334,1.4368428480949214,0.044141017065095337,5.979166666666667,0.0014542596841950763,0.001190664645707936,20.852590320701793,66.28000000000006,0.0,0.1019732199406764,0.002931580426062169
grid,0.12,1.6,4,fixed_floor,0.7823375307845323,0.004150390625,0.750410700355327,1.1037004643554837e-13,1.2436904186458268e-16,0,0.490966796875,0.590576171875,215.02083333333331,0.817662469215465,0.8145174749637597,15.4375,0.5709525652527687,0.31258020207669773,99.62122874570014,103.2099999999999,0.0,0.48896095674033263,0.4690066877220793
grid,0.12,1.6,4,selected,0.7884226791790327,0.0008544921875,0.7629347710915602,1.0763612223740893e-13,1.1037235917328808e-16,0,0.4768473307291667,0.6122233072916667,223.59375,0.8115773208209646,0.6658938971951293,15.572916666666666,0.5675360453206113,0.3806723493826652,100.39541621242184,107.32499999999982,0.0,0.49276417448689547,0.47683423193222507
grid,0.12,1.6,4,focal_aggressive_selected,0.6691130902341833,0.13543701171875,0.6419598971448401,1.0032599750964266e-13,9.517064211716063e-17,0,0.3268636067708333,0.44657389322916663,165.89583333333331,0.9308869097658148,2.749911282783088,14.197916666666666,0.503586476877505,0.2539625596309973,85.89099382011473,79.63000000000002,0.0,0.41819568139636454,0.4012249357155251
grid,0.12,1.6,4,all_aggressive,0.13259459162473056,0.9703369140625,0.004579390365692857,9.9253938401489e-14,1.0204583898962818e-16,0,0.3431396484375,0.37394205729166663,148.07291666666666,1.4674054083752732,0.04778542582169798,6.09375,0.0014148147279091797,0.00115093834670406,17.120061656368673,71.07500000000005,0.0,0.0828716197654566,0.0028621189785580357
grid,0.24,0.8,4,legacy_need2,0.8000000000000029,0.0,0.7999999999999992,1.41886502547095e-13,9.932415327718855e-17,0,0.0,0.0,0.3333333333333333,0.0,1.6800000080000002,1,0.8788439203466901,0.0,100.15673469779648,0.16,0.0,1.0000000000000036,0.9999999999999989
grid,0.24,0.8,4,fixed_forager,0.8000000000000029,0.0,0.7999999999999992,1.383337888682945e-13,1.180794755161933e-16,0,0.0,0.0,0.3333333333333333,0.0,1.6800000080000002,1,0.8788439203466901,0.0,100.15673469779648,0.16,0.0,1.0000000000000036,0.9999999999999989
grid,0.24,0.8,4,fixed_floor,0.8000000000000029,0.0,0.7999999999999992,1.383337888682945e-13,1.180794755161933e-16,0,0.0,0.0,0.3333333333333333,0.0,1.6800000080000002,1,0.8788439203466901,0.0,100.15673469779648,0.16,0.0,1.0000000000000036,0.9999999999999989
grid,0.24,0.8,4,selected,0.8000000000000029,0.0,0.7999999999999992,1.3639089857520048e-13,1.2350369672289165e-16,0,0.0,0.0,0.3333333333333333,0.0,3.280000008,1,0.8788439203466901,0.0,100.94040816718424,0.16,0.0,1.0000000000000036,0.9999999999999989
grid,0.24,0.8,4,focal_aggressive_selected,0.7999283854166697,0.00830078125,0.7999999999999992,1.6577017536434369e-13,1.5658811126630762e-16,0,0.00016276041666666666,0.004842122395833333,2.4375,7.161458333333337e-05,6.443333341,1.3541666666666665,0.8684717073147581,0.078125,102.5014285751842,1.17,0.0,0.9999104817708371,0.9999999999999989
grid,0.24,0.8,4,all_aggressive,0.16481717674136703,0.9638671875,0.012131231225976744,1.140997019088985e-13,1.1493518853309989e-16,0,0.30025227864583337,0.4014485677083333,158.10416666666669,0.6351828232586335,0.058325992525305834,6.791666666666667,0.002050876310690114,0.001791554116526543,21.26380730039932,75.89000000000006,0.0,0.20602147092670878,0.01516403903247093
grid,0.24,1.2,4,legacy_need2,1.083741087010125,0.10205078125,0.7688263013064994,1.3566925360919413e-13,1.0155666565831769e-16,0,0.03812662760416667,0.03812662760416667,15.552083333333334,0.11625891298987048,1.1523840450677971,1.8541666666666667,0.434660068680618,0.16999568871613946,135.62505011575252,7.465000000000002,0.0,0.9031175725084375,0.6406885844220829
grid,0.24,1.2,4,fixed_forager,1.097343792622324,0.1407470703125,0.8000469785583701,1.4011014570769476e-13,1.3778178456104137e-16,0,0.050537109375,0.058186848958333336,23.645833333333336,0.10265620737767137,0.7945284117452657,2.5104166666666665,0.10540982372069824,0.00277712004141434,137.23467232149966,11.350000000000005,0.0,0.9144531605186034,0.6667058154653085
grid,0.24,1.2,4,fixed_floor,1.1978914723950167,0.0,1.1954572098044174,1.3922196728799463e-13,1.3778178456104137e-16,0,0.007771809895833333,0.021728515625,9.479166666666668,0.0021085276049775926,2.401190152783856,1.9791666666666665,0.7454618069104355,0.06672909839276615,150.4902810216704,4.550000000000001,0.0,0.998242893662514,0.9962143415036812
grid,0.24,1.2,4,selected,1.1994101980214205,0.0,1.1979920445539514,1.1533829447074595e-13,8.345077855505979e-17,0,0.0011800130208333333,0.0345458984375,14.53125,0.0005898019785738421,4.790438771771909,1.9895833333333335,0.7395814759794413,0.06629805787284007,151.90044463604465,6.975000000000001,0.0,0.9995084983511837,0.9983267037949595
grid,0.24,1.2,4,focal_aggressive_selected,1.1829162909634072,0.01123046875,1.1647042885234007,1.3464229731141586e-13,1.189968395158087e-16,0,0.0191650390625,0.12825520833333334,50.375,0.017083709036587184,6.962383443505287,4.770833333333333,0.7334501649310747,0.2666387432815756,151.24724274129284,24.180000000000014,0.0,0.9857635758028394,0.9705869071028339
grid,0.24,1.2,4,all_aggressive,0.16331412639421405,0.9654541015625,0.009127595447133773,1.203759314449826e-13,1.149658518780527e-16,0,0.33036295572916663,0.3896077473958333,153.70833333333334,1.036685873605782,0.04835500001499966,6.3125,0.0017258552961760616,0.0014665104677088192,21.027398215641032,73.78000000000006,0.0,0.1360951053285117,0.007606329539278145
grid,0.24,1.6,4,legacy_need2,0.3671174390781915,0.44781494140625,0.10499228928788962,1.333377852574813e-13,1.4602038927116486e-16,0,0.15262858072916669,0.15262858072916669,70.83333333333333,1.2328825609218106,0.26115478672089243,2.34375,0.5908464809489636,0.5000274544173678,45.87422980770841,34.00000000000002,0.0,0.2294483994238697,0.06562018080493101
grid,0.24,1.6,4,fixed_forager,0.2815964124794246,0.86090087890625,0.010989400107102268,1.4829804051430528e-13,1.6766114079361275e-16,0,0.33170572916666663,0.33964029947916663,133.23958333333334,1.3184035875205773,0.04363583672674501,5.791666666666667,0.004389311865116547,0.0041790962535497465,35.655726905204624,63.95500000000005,0.0,0.17599775779964036,0.006868375066938917
grid,0.24,1.6,4,fixed_floor,1.3439304339032758,0.0,1.3405260749809447,1.537936444861998e-13,1.6766114079361275e-16,0,0.25056966145833337,0.39864095052083337,151.51041666666669,0.2560695660967266,1.7361413905894036,8.833333333333334,0.6964562455572758,0.3908470896324947,169.86736692399745,72.72500000000005,0.0,0.8399565211895473,0.8378287968630904
grid,0.24,1.6,4,selected,1.3746123417414668,0.00030517578125,1.3558441682963085,1.2448375663609568e-13,9.142199443042293e-17,0,0.17142740885416666,0.4359537760416667,166.5625,0.22538765825853582,3.2615389922876923,8.46875,0.684956032388927,0.344763271631913,174.6090849688668,79.95000000000005,0.0,0.8591327135884167,0.8474026051851927
grid,0.24,1.6,4,focal_aggressive_selected,1.2423304297448547,0.05938720703125,1.3072088650894869,1.3711254354120683e-13,1.215096200773157e-16,0,0.18880208333333331,0.404296875,153.66666666666666,0.35766957025514623,6.3383147339082395,11.40625,0.6773748062741225,0.35607339768868057,159.40321865237115,73.76000000000005,0.0,0.7764565185905342,0.8170055406809292
grid,0.24,1.6,4,all_aggressive,0.16286223667856942,0.96588134765625,0.00859508461810167,1.1091128016005314e-13,1.1011623707233367e-16,0,0.34354654947916663,0.38179524739583337,150.91666666666669,1.4371377633214342,0.045306755409309694,6.291666666666667,0.0028256630238705682,0.0025916597895675425,20.941896822101093,72.44000000000005,0.0,0.10178889792410588,0.005371927886313544
grid,0.36,0.8,4,legacy_need2,0.8000000000000029,0.0,0.7999999999999992,1.3744561044859438e-13,1.0697230535860126e-16,0,0.0,0.0,0.3333333333333333,0.0,1.6800000080000002,1,0.9373666330032956,0.0,100.15673469779648,0.16,0.0,1.0000000000000036,0.9999999999999989
grid,0.36,0.8,4,fixed_forager,0.8000000000000029,0.0,0.7999999999999992,1.383337888682945e-13,1.1218150075890611e-16,0,0.0,0.0,0.3333333333333333,0.0,1.6800000080000002,1,0.9373666330032956,0.0,100.15673469779648,0.16,0.0,1.0000000000000036,0.9999999999999989
grid,0.36,0.8,4,fixed_floor,0.8000000000000029,0.0,0.7999999999999992,1.383337888682945e-13,1.1218150075890611e-16,0,0.0,0.0,0.3333333333333333,0.0,1.6800000080000002,1,0.9373666330032956,0.0,100.15673469779648,0.16,0.0,1.0000000000000036,0.9999999999999989
grid,0.36,0.8,4,selected,0.8000000000000029,0.0,0.7999999999999992,1.369876434509365e-13,1.396419186527794e-16,0,0.0,0.0,0.3333333333333333,0.0,3.280000008,1,0.9373666330032956,0.0,100.94040816718424,0.16,0.0,1.0000000000000036,0.9999999999999989
grid,0.36,0.8,4,focal_aggressive_selected,0.8000000000000029,0.0,0.7999999999999992,1.4324652575226082e-13,1.4427736556970532e-16,0,0.0,0.0003255208333333333,0.46875,0.0,6.443333341,1.03125,0.9374089002019599,0.0,102.49112245273523,0.225,0.0,1.0000000000000036,0.9999999999999989
grid,0.36,0.8,4,all_aggressive,0.21425760890469076,0.9503173828125,0.015631591566727377,1.3417218724942614e-13,1.3300896273026591e-16,0,0.2970784505208333,0.4283854166666667,168.1875,0.5857423910953091,0.04266923643563188,6.947916666666667,0.002973024837881788,0.002727468875720153,27.554138995609712,80.73000000000006,0.0,0.2678220111308634,0.01953948945840922
grid,0.36,1.2,4,legacy_need2,1.1999999999999942,0.0,1.2000000000000015,1.383337888682945e-13,1.1207583781834514e-16,0,0.0,0.0,0.3333333333333333,0.0,2.480000008,1,0.8931291062455607,0.0,150.70367347330654,0.16,0.0,0.9999999999999952,1.0000000000000013
grid,0.36,1.2,4,fixed_forager,1.1999999999999942,0.0,1.2000000000000015,1.383337888682945e-13,1.1545043730708853e-16,0,0.0,0.0,0.3333333333333333,0.0,2.480000008,1,0.8931291062455607,0.0,150.70367347330654,0.16,0.0,0.9999999999999952,1.0000000000000013
grid,0.36,1.2,4,fixed_floor,1.1999999999999942,0.0,1.2000000000000015,1.383337888682945e-13,1.1545043730708853e-16,0,0.0,0.0,0.3333333333333333,0.0,2.480000008,1,0.8931291062455607,0.0,150.70367347330654,0.16,0.0,0.9999999999999952,1.0000000000000013
grid,0.36,1.2,4,selected,1.1999999999999942,0.0,1.2000000000000015,1.191269305422793e-13,7.737957783856394e-17,0,0.0,0.0,0.3333333333333333,0.0,4.880000008,1,0.8931291062455606,0.0,151.8791836773882,0.16,0.0,0.9999999999999952,1.0000000000000013
grid,0.36,1.2,4,focal_aggressive_selected,1.1997772206785127,0.0032958984375,1.2000000000000015,1.6295298443935735e-13,1.5247380098270592e-16,0,0.00016276041666666666,0.0026041666666666665,1.4375,0.00022277932148154347,7.960000007666666,1.1666666666666665,0.8916642181027863,0.046875,153.37063763332327,0.6900000000000001,0.0,0.9998143505654272,1.0000000000000013
grid,0.36,1.2,4,all_aggressive,0.21443712900608874,0.9527587890625,0.023577029020925934,1.254690795704505e-13,9.408646742046272e-17,0,0.31778971354166663,0.39404296875,155.45833333333331,0.9855628709939079,0.04996214896812097,6.802083333333334,0.003189679373479605,0.0029043602548678147,27.45552677936006,74.62000000000006,0.0,0.17869760750507396,0.019647524184104946
grid,0.36,1.6,4,legacy_need2,1.6000000000000059,0.0,1.5999999999999983,2.1505019986989282e-13,1.5145422570753684e-16,0,0.0,0.0,0.3333333333333333,0.0,3.2800000079999996,1,0.826856148163409,0.0,201.2506122488175,0.16,0.0,1.0000000000000036,0.9999999999999989
grid,0.36,1.6,4,fixed_forager,1.6000000000000059,0.0,1.5999999999999983,2.1327384303049257e-13,1.7769589415557847e-16,0,0.0,0.0,0.3333333333333333,0.0,3.2800000079999996,1,0.8268561481634094,0.0,201.2506122488175,0.16,0.0,1.0000000000000036,0.9999999999999989
grid,0.36,1.6,4,fixed_floor,1.6000000000000059,0.0,1.5999999999999983,2.1327384303049257e-13,1.7769589415557847e-16,0,0.0,0.0,0.3333333333333333,0.0,3.2800000079999996,1,0.8268561481634094,0.0,201.2506122488175,0.16,0.0,1.0000000000000036,0.9999999999999989
grid,0.36,1.6,4,selected,1.6000000000000059,0.0,1.5999999999999983,1.2712053631958042e-13,9.124314597983891e-17,0,0.0,0.0,0.3333333333333333,0.0,6.480000008000001,1,0.8268561481634066,0.0,202.81795918759298,0.16,0.0,1.0000000000000036,0.9999999999999989
grid,0.36,1.6,4,focal_aggressive_selected,1.5991074115264228,0.0032958984375,1.5999999999999983,1.389999226830696e-13,1.2898723005321708e-16,0,0.00048828125,0.012980143229166666,5.385416666666667,0.0008925884735829969,9.375416674333334,1.1875,0.8254580567767343,0.05833656077691416,204.17369258372156,2.5850000000000017,0.0,0.9994421322040142,0.9999999999999989
grid,0.36,1.6,4,all_aggressive,0.21623427456038363,0.951171875,0.019536607807337757,1.1646239528317892e-13,1.152746211156984e-16,0,0.33719889322916663,0.3868001302083333,152.63541666666669,1.3837657254396192,0.17037314056900144,6.677083333333333,0.014886262184366594,0.002177250696071378,27.712190576992917,73.26500000000006,0.0,0.13514642160023976,0.012210379879586097
long_horizon,0.24,1.2,4,legacy_need2,0.7310034059594455,0.220611572265625,0.3430952482369749,1.3566925360919413e-13,1.0155666565831769e-16,0,0.07857259114583333,0.07857259114583333,74.15625,0.4689965940405501,0.6123853418111387,2.25,0.5865431204687805,0.32370206130322504,183.36453266598252,35.59500000000002,0.0,0.6091695049662046,0.28591270686414577
long_horizon,0.24,1.2,4,fixed_forager,0.5684930338040384,0.56451416015625,0.009227717080243905,1.4011014570769476e-13,1.3778178456104137e-16,0,0.21523030598958334,0.22017415364583334,172.4375,0.6315069661959561,0.045239334427532696,6.677083333333333,0.0020577677734832938,0.0018320069376255251,143.29588047776178,82.77000000000005,0.0,0.47374419483669866,0.007689764233536588
long_horizon,0.24,1.2,4,fixed_floor,1.1959432422645673,0.0,1.1933582086525871,1.4549472737712676e-13,1.3778178456104137e-16,0,0.016764322916666664,0.036478678385416664,29.197916666666668,0.004056757735433648,2.228604758496136,3.4791666666666665,0.7422299703125095,0.14581497937718743,300.3112668398127,14.015000000000004,0.0,0.9966193685538061,0.9944651738771559
long_horizon,0.24,1.2,4,selected,1.1939288793244578,0.0,1.182943518820571,1.2563561302414428e-13,8.345077855505979e-17,0,0.0078125,0.08955891927083333,70.04166666666667,0.006071120675542835,4.125348482219347,4.625,0.7345060137344147,0.2465655282655148,301.1352333206558,33.62,0.0,0.9949407327703815,0.9857862656838092
long_horizon,0.24,1.2,4,focal_aggressive_selected,1.1801065264295183,0.005615234375,1.1866801226759487,1.4238610290817633e-13,1.189968395158087e-16,0,0.022359212239583332,0.15289306640625,117.40625,0.019893473570481934,7.556153084333845,7.75,0.7402937542034156,0.18613415127514346,299.8132994038746,56.355,0.0,0.983422105357932,0.9889001022299573
long_horizon,0.24,1.2,4,all_aggressive,0.08667633681904556,0.982635498046875,0.010373800820938167,1.203759314449826e-13,1.149658518780527e-16,0,0.3571370442708333,0.3868204752604167,303.0729166666667,1.1133236631809522,0.043000736162636985,8.895833333333332,0.0038247627448014816,0.0035890981559924344,23.74664988776193,145.474999999999,0.0,0.07223028068253796,0.008644834017448474
keyed_priority,0.24,1.2,4,legacy_need2,1.0853662641433517,0.1051025390625,0.7790145271288873,1.3566925360919413e-13,1.0155666565831769e-16,0,0.035074869791666664,0.035074869791666664,14.59375,0.1146337358566436,1.0506286406983882,1.7395833333333333,0.3944215865924502,0.11642935693101325,135.76960029129702,7.005000000000002,0.0,0.9044718867861264,0.6491787726074061
keyed_priority,0.24,1.2,4,fixed_forager,1.0921227796623905,0.14703369140625,0.7799350043812746,1.4011014570769476e-13,1.3778178456104137e-16,0,0.046875,0.0570068359375,23.322916666666664,0.10787722033760497,0.42022610063479804,2.6875,0.0743895312860519,0.008221777709807056,136.39352621757143,11.195000000000004,0.0,0.9101023163853255,0.6499458369843956
keyed_priority,0.24,1.2,4,fixed_floor,1.1978914723950167,0.0,1.1954572098044174,1.3922196728799463e-13,1.3778178456104137e-16,0,0.007771809895833333,0.021728515625,9.479166666666668,0.0021085276049775926,2.401190152783856,1.9791666666666665,0.7454618069104355,0.06672909839276615,150.4902810216704,4.550000000000001,0.0,0.998242893662514,0.9962143415036812
keyed_priority,0.24,1.2,4,selected,1.1994101980214205,0.0,1.1979920445539514,1.1533829447074595e-13,8.345077855505979e-17,0,0.0011800130208333333,0.0345458984375,14.53125,0.0005898019785738421,4.790438771771909,1.9895833333333335,0.7395814759794413,0.06629805787284007,151.90044463604465,6.975000000000001,0.0,0.9995084983511837,0.9983267037949595
keyed_priority,0.24,1.2,4,focal_aggressive_selected,1.1829162909634072,0.01123046875,1.1647042885234007,1.3464229731141586e-13,1.189968395158087e-16,0,0.0191650390625,0.12825520833333334,50.375,0.017083709036587184,6.962383443505287,4.770833333333333,0.7334501649310747,0.2666387432815756,151.24724274129284,24.180000000000014,0.0,0.9857635758028394,0.9705869071028339
keyed_priority,0.24,1.2,4,all_aggressive,0.1627449239331643,0.9654541015625,0.009562842648377236,1.1392276011434888e-13,1.0394005595546746e-16,0,0.3109944661458333,0.3701171875,146.6875,1.0372550760668318,0.04735107445156643,6.729166666666667,0.0015804188387087215,0.0013630250010187488,20.88675996800405,70.41000000000005,0.0,0.1356207699443036,0.007969035540314364
lower_stock,0.24,1.2,4,legacy_need2,0.723429940225647,0.2745361328125,0.4800658015175507,9.549652735252323e-14,1.0792285992930745e-16,0,0.0997314453125,0.0997314453125,46.104166666666664,0.4765700597743501,0.9694097352268228,1.9895833333333333,0.5388210024473478,0.28132855250123734,90.65610992636402,22.13000000000001,0.0,0.6028582835213725,0.40005483459795893
lower_stock,0.24,1.2,4,fixed_forager,0.4608140815479832,0.6771240234375,0.008704583718921587,8.379408278358369e-14,1.0278145326899719e-16,0,0.2597249348958333,0.2702229817708333,106.28125,0.739185918452016,0.04536887268065268,5.0,0.0019689711086297123,0.0017442740694314184,57.864195305615105,51.015000000000036,0.0,0.38401173462331933,0.00725381976576799
lower_stock,0.24,1.2,4,fixed_floor,1.195710789389219,0.0,1.1946629800653872,1.3816725541460073e-13,1.2608008322886217e-16,0,0.017415364583333332,0.041748046875,17.3125,0.0042892106107754995,2.480000008,2.833333333333333,0.7409167355233677,0.09658575363661152,150.33218551427376,8.310000000000002,0.0,0.9964256578243491,0.9955524833878227
lower_stock,0.24,1.2,4,selected,1.1959317440610062,0.0,1.1964541916472105,1.2943812688348544e-13,1.0066862816829628e-16,0,0.005574544270833333,0.10791015625,42.916666666666664,0.0040682559389881015,4.685363906974647,3.427083333333333,0.7312861740607315,0.18557512110587768,151.69088508731153,20.60000000000001,0.0,0.9966097867175052,0.9970451597060087
lower_stock,0.24,1.2,4,focal_aggressive_selected,1.1657167503926984,0.0179443359375,1.1952601896925479,1.313116282375404e-13,6.573717645569686e-17,0,0.0350341796875,0.20536295572916669,80.29166666666667,0.034283249607296076,7.252887212619798,6.739583333333333,0.7294722565387483,0.3051960290941147,149.52597974521763,38.54000000000003,0.0,0.9714306253272487,0.9960501580771233
lower_stock,0.24,1.2,4,all_aggressive,0.09623469310634702,0.9818115234375,0.01077631992457367,6.705747068735946e-14,1.1356250468020206e-16,0,0.35502115885416663,0.38850911458333337,153.44791666666666,1.1037653068936484,0.04415347191557051,6.364583333333333,0.0022559843741186895,0.002029748004953717,12.611849750436114,73.65500000000006,0.0,0.08019557758862253,0.008980266603811392
additive,0.24,1.2,4,legacy_need2,1.1999999999999942,0.0,1.2000000000000015,1.3922196728799463e-13,1.0998600464586967e-16,0,0.0,0.0,0.3333333333333333,0.0,2.480000008,1,0.8863789396745992,0.0,150.70367347330654,0.16,0.0,0.9999999999999952,1.0000000000000013
additive,0.24,1.2,4,fixed_forager,1.1999999999999942,0.0,1.2000000000000015,1.3655743202889425e-13,9.450671807762829e-17,0,0.0,0.0,0.3333333333333333,0.0,2.480000008,1,0.895014272636304,0.0,150.70367347330654,0.16,0.0,0.9999999999999952,1.0000000000000013
additive,0.24,1.2,4,fixed_floor,1.1999999999999942,0.0,1.2000000000000015,1.3655743202889425e-13,9.450671807762829e-17,0,0.0,0.0,0.3333333333333333,0.0,2.480000008,1,0.895014272636304,0.0,150.70367347330654,0.16,0.0,0.9999999999999952,1.0000000000000013
additive,0.24,1.2,4,selected,1.1999999999999942,0.0,1.2000000000000015,1.084687895058778e-13,8.247862767765165e-17,0,0.0,0.0003255208333333333,0.47916666666666663,0.0,4.880000008,1.0208333333333333,0.8384357598092386,0.015210697099543268,151.88061224881676,0.23,0.0,0.9999999999999952,1.0000000000000013
additive,0.24,1.2,4,focal_aggressive_selected,1.1999999999999942,0.00579833984375,1.2000000000000015,1.5476508963274682e-13,1.3091800607074564e-16,0,0.0,0.0005696614583333333,0.5729166666666666,0.0,7.960000007666666,1.0520833333333335,0.8434180760524284,0.015210697099543268,153.3901020445719,0.275,0.0,0.9999999999999952,1.0000000000000013
additive,0.24,1.2,4,all_aggressive,1.199427422008799,0.18524169921875,1.1996036446182605,3.7550518250384357e-13,1.1023966127320812e-16,0,0.000732421875,0.30326334635416663,117.46875,0.0005725779911952812,71.8406561921161,3.2083333333333335,0.5464454320548653,0.2175388173414444,185.75189447822277,56.38500000000003,0.0,0.9995228516739992,0.9996697038485505
small_inventory,0.24,1.2,4,legacy_need2,1.083741087010125,0.10205078125,0.7688263013064994,1.3566925360919413e-13,1.0155666565831769e-16,0,0.03812662760416667,0.03812662760416667,15.552083333333334,0.11625891298987048,1.1523840450677971,1.8541666666666667,0.434660068680618,0.16999568871613946,135.62505011575252,7.465000000000002,0.0,0.9031175725084375,0.6406885844220829
small_inventory,0.24,1.2,4,fixed_forager,1.097343792622324,0.1407470703125,0.8000469785583701,1.4011014570769476e-13,1.3778178456104137e-16,0,0.050537109375,0.058186848958333336,23.645833333333336,0.10265620737767137,0.7945284117452657,2.5104166666666665,0.10540982372069824,0.00277712004141434,137.23467232149966,11.350000000000005,0.0,0.9144531605186034,0.6667058154653085
small_inventory,0.24,1.2,4,fixed_floor,1.1978914723950167,0.0,1.1954572098044174,1.3922196728799463e-13,1.3778178456104137e-16,0,0.007771809895833333,0.021728515625,9.479166666666668,0.0021085276049775926,2.401190152783856,1.9791666666666665,0.7454618069104355,0.06672909839276615,150.4902810216704,4.550000000000001,0.0,0.998242893662514,0.9962143415036812
small_inventory,0.24,1.2,4,selected,1.1994101980214205,0.0,1.1979920445539514,1.1533829447074595e-13,8.345077855505979e-17,0,0.0011800130208333333,0.0345458984375,14.53125,0.0005898019785738421,4.790438771771909,1.9895833333333335,0.7395814759794413,0.06629805787284007,151.90044463604465,6.975000000000001,0.0,0.9995084983511837,0.9983267037949595
small_inventory,0.24,1.2,4,focal_aggressive_selected,1.1997877192926014,0.0,1.199352276616931,1.1379786002407855e-13,8.841186185034391e-17,0,0.0008138020833333333,0.0328369140625,13.895833333333332,0.0002122807073926824,4.851363197685345,2.0,0.7416075985821434,0.06507773264331936,151.97139722608668,6.670000000000002,4.440892098500626e-16,0.9998230994105012,0.9994602305141091
small_inventory,0.24,1.2,4,all_aggressive,1.054346549486884,0.197509765625,0.6337936042446211,1.1556033907567098e-13,9.435271355654673e-17,0,0.06013997395833333,0.08662923177083333,34.927083333333336,0.14565345051311177,0.44827582230830776,2.9791666666666665,0.018618943474338307,0.001794945257559231,131.78426162822143,16.765000000000008,1.4210854715202004e-14,0.8786221245724034,0.5281613368705176
