panel,renewal_rate,need,paired_configurations,contrast,outcome,max,mean,min,n,negative,positive
grid,0.12,0.8,4,all_aggressive_minus_selected,consumption_per_agent_tick,-0.5931702460895683,-0.5999527111609395,-0.6048942945108896,4,4,0
grid,0.12,0.8,4,all_aggressive_minus_selected,depleted_patch_time_fraction,0.970458984375,0.9700927734375,0.969482421875,4,0,4
grid,0.12,0.8,4,all_aggressive_minus_selected,late_consumption_per_agent_tick,-0.6902473064280235,-0.7011333302252644,-0.7219146604653013,4,4,0
grid,0.12,0.8,4,all_aggressive_minus_selected,max_ledger_residual,2.7478019859472624e-14,2.942091015256665e-15,-2.1815882433884326e-14,4,0,0
grid,0.12,0.8,4,all_aggressive_minus_selected,max_relative_ledger_residual,2.7696095399638536e-17,-5.018682262406191e-18,-2.5486407361457267e-17,4,0,0
grid,0.12,0.8,4,all_aggressive_minus_selected,max_unaffordable_known_returns,0,0,0,4,0,0
grid,0.12,0.8,4,all_aggressive_minus_selected,mean_hungry_off_site_agent_fraction,0.23795572916666663,0.21944173177083331,0.20475260416666669,4,0,4
grid,0.12,0.8,4,all_aggressive_minus_selected,mean_off_site_agent_fraction,0.08772786458333331,0.068115234375,0.059244791666666685,4,0,4
grid,0.12,0.8,4,all_aggressive_minus_selected,movement_steps_per_agent,37.83333333333334,30.781249999999993,27.208333333333314,4,0,4
grid,0.12,0.8,4,all_aggressive_minus_selected,shortfall_per_agent_tick,0.6048942945108888,0.5999527111609386,0.5931702460895675,4,0,4
grid,0.12,0.8,4,all_aggressive_minus_selected,terminal_inventory_per_agent,-2.001198673897836,-2.265083318699278,-2.4307115020439314,4,4,0
grid,0.12,0.8,4,all_aggressive_minus_selected,terminal_mean_known_sites,-1.9999999999999991,-3.802083333333333,-5.208333333333333,4,4,0
grid,0.12,0.8,4,all_aggressive_minus_selected,terminal_stock_fraction,-0.5941736353516373,-0.6062057446205714,-0.6178397907981718,4,4,0
grid,0.12,0.8,4,all_aggressive_minus_selected,terminal_unoccupied_stock_fraction,-0.1916148105242914,-0.26601003110048943,-0.3118328346582735,4,4,0
grid,0.12,0.8,4,all_aggressive_minus_selected,total_harvest_cost,-75.2492325971468,-76.0346215718692,-76.60241417472533,4,4,0
grid,0.12,0.8,4,all_aggressive_minus_selected,total_movement_cost,18.160000000000018,14.775000000000013,13.06000000000001,4,0,4
grid,0.12,0.8,4,all_aggressive_minus_selected,total_waste,0.0,0.0,0.0,4,0,0
grid,0.12,1.2,4,all_aggressive_minus_selected,consumption_per_agent_tick,-0.6480084357915794,-0.6533711603900907,-0.6615985109121514,4,4,0
grid,0.12,1.2,4,all_aggressive_minus_selected,depleted_patch_time_fraction,0.970458984375,0.9703369140625,0.97021484375,4,0,4
grid,0.12,1.2,4,all_aggressive_minus_selected,late_consumption_per_agent_tick,-0.7085677569844814,-0.7396307001391401,-0.7609072227520339,4,4,0
grid,0.12,1.2,4,all_aggressive_minus_selected,max_ledger_residual,3.441691376337985e-14,8.645861804268407e-15,-1.4654943925052066e-14,4,0,0
grid,0.12,1.2,4,all_aggressive_minus_selected,max_relative_ledger_residual,2.791034838498094e-17,1.6295045105157614e-17,-3.695568912855132e-18,4,0,0
grid,0.12,1.2,4,all_aggressive_minus_selected,max_unaffordable_known_returns,0,0,0,4,0,0
grid,0.12,1.2,4,all_aggressive_minus_selected,mean_hungry_off_site_agent_fraction,0.003092447916666685,-0.005777994791666657,-0.01171875,4,3,1
grid,0.12,1.2,4,all_aggressive_minus_selected,mean_off_site_agent_fraction,-0.14127604166666663,-0.154541015625,-0.16243489583333337,4,4,0
grid,0.12,1.2,4,all_aggressive_minus_selected,movement_steps_per_agent,-42.916666666666686,-47.67708333333334,-50.95833333333334,4,4,0
grid,0.12,1.2,4,all_aggressive_minus_selected,shortfall_per_agent_tick,0.6615985109121484,0.6533711603900878,0.6480084357915763,4,0,4
grid,0.12,1.2,4,all_aggressive_minus_selected,terminal_inventory_per_agent,-1.3158801271187608,-1.6308519950763785,-1.777960126575038,4,4,0
grid,0.12,1.2,4,all_aggressive_minus_selected,terminal_mean_known_sites,-8.375,-8.875,-9.375,4,4,0
grid,0.12,1.2,4,all_aggressive_minus_selected,terminal_stock_fraction,-0.5493473019733797,-0.5591668135991195,-0.5680137401250765,4,4,0
grid,0.12,1.2,4,all_aggressive_minus_selected,terminal_unoccupied_stock_fraction,-0.24018261335175653,-0.300453168305864,-0.3236754507966191,4,4,0
grid,0.12,1.2,4,all_aggressive_minus_selected,total_harvest_cost,-82.62234433757706,-83.19056851670534,-84.08739538969633,4,4,0
grid,0.12,1.2,4,all_aggressive_minus_selected,total_movement_cost,-20.59999999999995,-22.884999999999945,-24.459999999999923,4,4,0
grid,0.12,1.2,4,all_aggressive_minus_selected,total_waste,0.0,0.0,0.0,4,0,0
grid,0.12,1.6,4,all_aggressive_minus_selected,consumption_per_agent_tick,-0.6484699371085778,-0.6558280875543021,-0.6619805888693885,4,4,0
grid,0.12,1.6,4,all_aggressive_minus_selected,depleted_patch_time_fraction,0.970458984375,0.969482421875,0.967041015625,4,0,4
grid,0.12,1.6,4,all_aggressive_minus_selected,late_consumption_per_agent_tick,-0.7491989365575153,-0.7583553807258673,-0.7663901540941496,4,4,0
grid,0.12,1.6,4,all_aggressive_minus_selected,max_ledger_residual,2.3037127760971998e-14,-8.382183835919932e-15,-3.114175584073564e-14,4,0,0
grid,0.12,1.6,4,all_aggressive_minus_selected,max_relative_ledger_residual,3.1937997690800454e-17,-8.326520183659899e-18,-4.989083280803578e-17,4,0,0
grid,0.12,1.6,4,all_aggressive_minus_selected,max_unaffordable_known_returns,0,0,0,4,0,0
grid,0.12,1.6,4,all_aggressive_minus_selected,mean_hungry_off_site_agent_fraction,-0.11848958333333331,-0.13370768229166669,-0.14436848958333337,4,4,0
grid,0.12,1.6,4,all_aggressive_minus_selected,mean_off_site_agent_fraction,-0.2255859375,-0.23828125000000003,-0.24479166666666669,4,4,0
grid,0.12,1.6,4,all_aggressive_minus_selected,movement_steps_per_agent,-70.33333333333334,-75.52083333333334,-77.625,4,4,0
grid,0.12,1.6,4,all_aggressive_minus_selected,shortfall_per_agent_tick,0.6619805888693951,0.6558280875543088,0.6484699371085845,4,0,4
grid,0.12,1.6,4,all_aggressive_minus_selected,terminal_inventory_per_agent,-0.2842576208592585,-0.6181084713734313,-0.9338337778099666,4,4,0
grid,0.12,1.6,4,all_aggressive_minus_selected,terminal_mean_known_sites,-9.125,-9.479166666666666,-9.833333333333332,4,4,0
grid,0.12,1.6,4,all_aggressive_minus_selected,terminal_stock_fraction,-0.553582796873081,-0.566121230592702,-0.5733821207077059,4,4,0
grid,0.12,1.6,4,all_aggressive_minus_selected,terminal_unoccupied_stock_fraction,-0.29231379201352553,-0.37952141103596115,-0.4355524538415376,4,4,0
grid,0.12,1.6,4,all_aggressive_minus_selected,total_harvest_cost,-82.52798580127657,-83.27535455605317,-84.1138330958151,4,4,0
grid,0.12,1.6,4,all_aggressive_minus_selected,total_movement_cost,-33.75999999999979,-36.24999999999977,-37.25999999999976,4,4,0
grid,0.12,1.6,4,all_aggressive_minus_selected,total_waste,0.0,0.0,0.0,4,0,0
grid,0.24,0.8,4,all_aggressive_minus_selected,consumption_per_agent_tick,-0.6343871284557627,-0.6351828232586358,-0.6356778499200457,4,4,0
grid,0.24,0.8,4,all_aggressive_minus_selected,depleted_patch_time_fraction,0.96435546875,0.9638671875,0.96337890625,4,0,4
grid,0.24,0.8,4,all_aggressive_minus_selected,late_consumption_per_agent_tick,-0.7825737048591767,-0.7878687687740225,-0.7914184558741935,4,4,0
grid,0.24,0.8,4,all_aggressive_minus_selected,max_ledger_residual,1.3711254354120683e-14,-2.229119666630197e-14,-4.7253867485608225e-14,4,0,0
grid,0.24,0.8,4,all_aggressive_minus_selected,max_relative_ledger_residual,5.977421323196434e-17,-8.568508189791769e-18,-4.7382952996976753e-17,4,0,0
grid,0.24,0.8,4,all_aggressive_minus_selected,max_unaffordable_known_returns,0,0,0,4,0,0
grid,0.24,0.8,4,all_aggressive_minus_selected,mean_hungry_off_site_agent_fraction,0.3033854166666667,0.30025227864583337,0.2975260416666667,4,0,4
grid,0.24,0.8,4,all_aggressive_minus_selected,mean_off_site_agent_fraction,0.4046223958333333,0.4014485677083333,0.3995768229166667,4,0,4
grid,0.24,0.8,4,all_aggressive_minus_selected,movement_steps_per_agent,158.95833333333331,157.77083333333331,157.0,4,0,4
grid,0.24,0.8,4,all_aggressive_minus_selected,shortfall_per_agent_tick,0.6356778499200433,0.6351828232586335,0.6343871284557604,4,0,4
grid,0.24,0.8,4,all_aggressive_minus_selected,terminal_inventory_per_agent,-3.185064259919398,-3.221674015474694,-3.239718146584946,4,4,0
grid,0.24,0.8,4,all_aggressive_minus_selected,terminal_mean_known_sites,6.208333333333333,5.791666666666667,5.291666666666667,4,0,4
grid,0.24,0.8,4,all_aggressive_minus_selected,terminal_stock_fraction,-0.8763844213664354,-0.876793044036,-0.8773125679557612,4,4,0
grid,0.24,0.8,4,all_aggressive_minus_selected,terminal_unoccupied_stock_fraction,0.002378659197247415,0.001791554116526543,0.0011297191617896873,4,0,4
grid,0.24,0.8,4,all_aggressive_minus_selected,total_harvest_cost,-79.5640012136792,-79.67660086678492,-79.7427220866066,4,4,0
grid,0.24,0.8,4,all_aggressive_minus_selected,total_movement_cost,76.30000000000005,75.73000000000006,75.36000000000006,4,0,4
grid,0.24,0.8,4,all_aggressive_minus_selected,total_waste,0.0,0.0,0.0,4,0,0
grid,0.24,1.2,4,all_aggressive_minus_selected,consumption_per_agent_tick,-1.0350664616957739,-1.0360960716272063,-1.0372542885505611,4,4,0
grid,0.24,1.2,4,all_aggressive_minus_selected,depleted_patch_time_fraction,0.9658203125,0.9654541015625,0.965087890625,4,0,4
grid,0.24,1.2,4,all_aggressive_minus_selected,late_consumption_per_agent_tick,-1.186968770417479,-1.1888644491068174,-1.1907986972478528,4,4,0
grid,0.24,1.2,4,all_aggressive_minus_selected,max_ledger_residual,4.468647674116255e-14,5.037636974236648e-15,-3.630429290524262e-14,4,0,0
grid,0.24,1.2,4,all_aggressive_minus_selected,max_relative_ledger_residual,6.862367453415164e-17,3.151507332299291e-17,-1.2239052634176144e-18,4,0,0
grid,0.24,1.2,4,all_aggressive_minus_selected,max_unaffordable_known_returns,0,0,0,4,0,0
grid,0.24,1.2,4,all_aggressive_minus_selected,mean_hungry_off_site_agent_fraction,0.33447265625,0.3291829427083333,0.32486979166666663,4,0,4
grid,0.24,1.2,4,all_aggressive_minus_selected,mean_off_site_agent_fraction,0.37109375,0.3550618489583333,0.33837890625,4,0,4
grid,0.24,1.2,4,all_aggressive_minus_selected,movement_steps_per_agent,145.54166666666669,139.17708333333334,132.91666666666666,4,0,4
grid,0.24,1.2,4,all_aggressive_minus_selected,shortfall_per_agent_tick,1.0372542885505631,1.0360960716272083,1.0350664616957759,4,0,4
grid,0.24,1.2,4,all_aggressive_minus_selected,terminal_inventory_per_agent,-4.58892279465636,-4.742083771756909,-4.8313087545752,4,4,0
grid,0.24,1.2,4,all_aggressive_minus_selected,terminal_mean_known_sites,4.708333333333333,4.322916666666667,3.916666666666667,4,0,4
grid,0.24,1.2,4,all_aggressive_minus_selected,terminal_stock_fraction,-0.7341524468413477,-0.7378556206832654,-0.7420558109888173,4,4,0
grid,0.24,1.2,4,all_aggressive_minus_selected,terminal_unoccupied_stock_fraction,0.002425133926612,-0.06483154740513125,-0.11094752487438546,4,3,1
grid,0.24,1.2,4,all_aggressive_minus_selected,total_harvest_cost,-130.73183164834077,-130.8730464204036,-131.0000917536011,4,4,0
grid,0.24,1.2,4,all_aggressive_minus_selected,total_movement_cost,69.86000000000006,66.80500000000005,63.800000000000054,4,0,4
grid,0.24,1.2,4,all_aggressive_minus_selected,total_waste,0.0,0.0,0.0,4,0,0
grid,0.24,1.6,4,all_aggressive_minus_selected,consumption_per_agent_tick,-1.1797055894956796,-1.2117501050628974,-1.2335246133057614,4,4,0
grid,0.24,1.6,4,all_aggressive_minus_selected,depleted_patch_time_fraction,0.966064453125,0.965576171875,0.964599609375,4,0,4
grid,0.24,1.6,4,all_aggressive_minus_selected,late_consumption_per_agent_tick,-1.311918107886749,-1.3472490836782067,-1.394982825006396,4,4,0
grid,0.24,1.6,4,all_aggressive_minus_selected,max_ledger_residual,5.329070518200751e-15,-1.3572476476042539e-14,-3.3084646133829665e-14,4,0,0
grid,0.24,1.6,4,all_aggressive_minus_selected,max_relative_ledger_residual,4.534505721107696e-17,1.8694242641910748e-17,-1.6696514447173763e-17,4,0,0
grid,0.24,1.6,4,all_aggressive_minus_selected,max_unaffordable_known_returns,0,0,0,4,0,0
grid,0.24,1.6,4,all_aggressive_minus_selected,mean_hungry_off_site_agent_fraction,0.1923828125,0.172119140625,0.15934244791666666,4,0,4
grid,0.24,1.6,4,all_aggressive_minus_selected,mean_off_site_agent_fraction,-0.03043619791666663,-0.05415852864583333,-0.06966145833333337,4,4,0
grid,0.24,1.6,4,all_aggressive_minus_selected,movement_steps_per_agent,-7.833333333333343,-15.645833333333329,-19.916666666666657,4,4,0
grid,0.24,1.6,4,all_aggressive_minus_selected,shortfall_per_agent_tick,1.2335246133057618,1.2117501050628983,1.1797055894956812,4,0,4
grid,0.24,1.6,4,all_aggressive_minus_selected,terminal_inventory_per_agent,-2.3880189068311033,-3.2162322368783824,-4.11099511932379,4,4,0
grid,0.24,1.6,4,all_aggressive_minus_selected,terminal_mean_known_sites,-1.0,-2.1770833333333335,-3.833333333333334,4,4,0
grid,0.24,1.6,4,all_aggressive_minus_selected,terminal_stock_fraction,-0.6564951604765429,-0.6821303693650564,-0.7086796578251572,4,4,0
grid,0.24,1.6,4,all_aggressive_minus_selected,terminal_unoccupied_stock_fraction,-0.23345059643479632,-0.34217161184234546,-0.46053413686423406,4,4,0
grid,0.24,1.6,4,all_aggressive_minus_selected,total_harvest_cost,-150.11091887194337,-153.6671881467657,-156.25793917951202,4,4,0
grid,0.24,1.6,4,all_aggressive_minus_selected,total_movement_cost,-3.759999999999991,-7.509999999999987,-9.559999999999988,4,4,0
grid,0.24,1.6,4,all_aggressive_minus_selected,total_waste,0.0,0.0,0.0,4,0,0
grid,0.36,0.8,4,all_aggressive_minus_selected,consumption_per_agent_tick,-0.5797779621524403,-0.5857423910953121,-0.593587080868938,4,4,0
grid,0.36,0.8,4,all_aggressive_minus_selected,depleted_patch_time_fraction,0.95654296875,0.9503173828125,0.946044921875,4,0,4
grid,0.36,0.8,4,all_aggressive_minus_selected,late_consumption_per_agent_tick,-0.7814352345030389,-0.7843684084332718,-0.7875554202256395,4,4,0
grid,0.36,0.8,4,all_aggressive_minus_selected,max_ledger_residual,1.7263968032921184e-14,-2.815456201510358e-15,-2.992051051364797e-14,4,0,0
grid,0.36,0.8,4,all_aggressive_minus_selected,max_relative_ledger_residual,3.871957916906899e-17,-6.6329559225134766e-18,-5.624396116741635e-17,4,0,0
grid,0.36,0.8,4,all_aggressive_minus_selected,max_unaffordable_known_returns,0,0,0,4,0,0
grid,0.36,0.8,4,all_aggressive_minus_selected,mean_hungry_off_site_agent_fraction,0.3040364583333333,0.2970784505208333,0.29296875,4,0,4
grid,0.36,0.8,4,all_aggressive_minus_selected,mean_off_site_agent_fraction,0.4326171875,0.4283854166666667,0.4256184895833333,4,0,4
grid,0.36,0.8,4,all_aggressive_minus_selected,movement_steps_per_agent,169.25,167.85416666666666,166.375,4,0,4
grid,0.36,0.8,4,all_aggressive_minus_selected,shortfall_per_agent_tick,0.593587080868935,0.5857423910953091,0.5797779621524373,4,0,4
grid,0.36,0.8,4,all_aggressive_minus_selected,terminal_inventory_per_agent,-3.2314907128054116,-3.237330771564368,-3.2427962404447452,4,4,0
grid,0.36,0.8,4,all_aggressive_minus_selected,terminal_mean_known_sites,6.291666666666667,5.947916666666667,5.75,4,0,4
grid,0.36,0.8,4,all_aggressive_minus_selected,terminal_stock_fraction,-0.9326427106382147,-0.9343936081654138,-0.9359080605379538,4,4,0
grid,0.36,0.8,4,all_aggressive_minus_selected,terminal_unoccupied_stock_fraction,0.004422146145552327,0.002727468875720153,0.0010380630974055536,4,0,4
grid,0.36,0.8,4,all_aggressive_minus_selected,total_harvest_cost,-72.63227624400494,-73.38626917157453,-74.35579909304693,4,4,0
grid,0.36,0.8,4,all_aggressive_minus_selected,total_movement_cost,81.24000000000007,80.57000000000006,79.86000000000006,4,0,4
grid,0.36,0.8,4,all_aggressive_minus_selected,total_waste,0.0,0.0,0.0,4,0,0
grid,0.36,1.2,4,all_aggressive_minus_selected,consumption_per_agent_tick,-0.9777285641575965,-0.9855628709939055,-0.9942221026340948,4,4,0
grid,0.36,1.2,4,all_aggressive_minus_selected,depleted_patch_time_fraction,0.95654296875,0.9527587890625,0.948974609375,4,0,4
grid,0.36,1.2,4,all_aggressive_minus_selected,late_consumption_per_agent_tick,-1.160259860765265,-1.1764229709790757,-1.1834584140819586,4,4,0
grid,0.36,1.2,4,all_aggressive_minus_selected,max_ledger_residual,1.787459069646502e-14,6.342149028171207e-15,-1.1879386363489175e-14,4,0,0
grid,0.36,1.2,4,all_aggressive_minus_selected,max_relative_ledger_residual,5.4222135932044787e-17,1.670688958189877e-17,-1.4502491263477562e-17,4,0,0
grid,0.36,1.2,4,all_aggressive_minus_selected,max_unaffordable_known_returns,0,0,0,4,0,0
grid,0.36,1.2,4,all_aggressive_minus_selected,mean_hungry_off_site_agent_fraction,0.32666015625,0.31778971354166663,0.3118489583333333,4,0,4
grid,0.36,1.2,4,all_aggressive_minus_selected,mean_off_site_agent_fraction,0.4002278645833333,0.39404296875,0.3898111979166667,4,0,4
grid,0.36,1.2,4,all_aggressive_minus_selected,movement_steps_per_agent,157.70833333333331,155.125,153.45833333333331,4,0,4
grid,0.36,1.2,4,all_aggressive_minus_selected,shortfall_per_agent_tick,0.9942221026340972,0.9855628709939079,0.977728564157599,4,0,4
grid,0.36,1.2,4,all_aggressive_minus_selected,terminal_inventory_per_agent,-4.822230188008254,-4.830037859031878,-4.836507252471011,4,4,0
grid,0.36,1.2,4,all_aggressive_minus_selected,terminal_mean_known_sites,6.125,5.802083333333334,5.416666666666667,4,0,4
grid,0.36,1.2,4,all_aggressive_minus_selected,terminal_stock_fraction,-0.8878056511543088,-0.889939426872081,-0.8914976216780164,4,4,0
grid,0.36,1.2,4,all_aggressive_minus_selected,terminal_unoccupied_stock_fraction,0.005697544267019548,0.0029043602548678147,0.0011329243625178664,4,0,4
grid,0.36,1.2,4,all_aggressive_minus_selected,total_harvest_cost,-123.43730481232386,-124.42365689802814,-125.48728107435187,4,4,0
grid,0.36,1.2,4,all_aggressive_minus_selected,total_movement_cost,75.70000000000006,74.46000000000006,73.66000000000005,4,0,4
grid,0.36,1.2,4,all_aggressive_minus_selected,total_waste,0.0,0.0,0.0,4,0,0
grid,0.36,1.6,4,all_aggressive_minus_selected,consumption_per_agent_tick,-1.3761967491323497,-1.3837657254396223,-1.3919703689858225,4,4,0
grid,0.36,1.6,4,all_aggressive_minus_selected,depleted_patch_time_fraction,0.956787109375,0.951171875,0.9462890625,4,0,4
grid,0.36,1.6,4,all_aggressive_minus_selected,late_consumption_per_agent_tick,-1.5710164646585578,-1.5804633921926605,-1.5860623103136473,4,4,0
grid,0.36,1.6,4,all_aggressive_minus_selected,max_ledger_residual,1.4988010832439613e-14,-1.0658141036401503e-14,-4.2299497238218464e-14,4,0,0
grid,0.36,1.6,4,all_aggressive_minus_selected,max_relative_ledger_residual,5.810905872417239e-17,2.403147513585949e-17,-1.6402267840621182e-17,4,0,0
grid,0.36,1.6,4,all_aggressive_minus_selected,max_unaffordable_known_returns,0,0,0,4,0,0
grid,0.36,1.6,4,all_aggressive_minus_selected,mean_hungry_off_site_agent_fraction,0.3430989583333333,0.33719889322916663,0.33251953125,4,0,4
grid,0.36,1.6,4,all_aggressive_minus_selected,mean_off_site_agent_fraction,0.3922526041666667,0.3868001302083333,0.380859375,4,0,4
grid,0.36,1.6,4,all_aggressive_minus_selected,movement_steps_per_agent,154.29166666666666,152.30208333333331,149.875,4,0,4
grid,0.36,1.6,4,all_aggressive_minus_selected,shortfall_per_agent_tick,1.3919703689858194,1.3837657254396192,1.3761967491323464,4,0,4
grid,0.36,1.6,4,all_aggressive_minus_selected,terminal_inventory_per_agent,-5.952064195473541,-6.309626867431,-6.436792228688477,4,4,0
grid,0.36,1.6,4,all_aggressive_minus_selected,terminal_mean_known_sites,5.875,5.677083333333333,5.458333333333333,4,0,4
grid,0.36,1.6,4,all_aggressive_minus_selected,terminal_stock_fraction,-0.774863618425421,-0.81196988597904,-0.8247580093863217,4,4,0
grid,0.36,1.6,4,all_aggressive_minus_selected,terminal_unoccupied_stock_fraction,0.0024772031673703293,0.002177250696071378,0.0019501641592804056,4,0,4
grid,0.36,1.6,4,all_aggressive_minus_selected,total_harvest_cost,-174.19578303380007,-175.10576861060005,-176.22059103137624,4,4,0
grid,0.36,1.6,4,all_aggressive_minus_selected,total_movement_cost,74.06000000000006,73.10500000000006,71.94000000000005,4,0,4
grid,0.36,1.6,4,all_aggressive_minus_selected,total_waste,0.0,0.0,0.0,4,0,0
long_horizon,0.24,1.2,4,all_aggressive_minus_selected,consumption_per_agent_tick,-1.0970790865221367,-1.1072525425054123,-1.1126122413493067,4,4,0
long_horizon,0.24,1.2,4,all_aggressive_minus_selected,depleted_patch_time_fraction,0.9827880859375,0.982635498046875,0.9822998046875,4,0,4
long_horizon,0.24,1.2,4,all_aggressive_minus_selected,late_consumption_per_agent_tick,-1.1403676232231335,-1.1725697179996328,-1.1885711031052144,4,4,0
long_horizon,0.24,1.2,4,all_aggressive_minus_selected,max_ledger_residual,4.468647674116255e-14,-5.259681579161679e-15,-4.6407322429331543e-14,4,0,0
long_horizon,0.24,1.2,4,all_aggressive_minus_selected,max_relative_ledger_residual,6.862367453415164e-17,3.151507332299291e-17,-1.2239052634176144e-18,4,0,0
long_horizon,0.24,1.2,4,all_aggressive_minus_selected,max_unaffordable_known_returns,0,0,0,4,0,0
long_horizon,0.24,1.2,4,all_aggressive_minus_selected,mean_hungry_off_site_agent_fraction,0.3582356770833333,0.3493245442708333,0.3311360677083333,4,0,4
long_horizon,0.24,1.2,4,all_aggressive_minus_selected,mean_off_site_agent_fraction,0.3372395833333333,0.2972615559895833,0.24804687500000003,4,0,4
long_horizon,0.24,1.2,4,all_aggressive_minus_selected,movement_steps_per_agent,263.5,233.03125,196.25,4,0,4
long_horizon,0.24,1.2,4,all_aggressive_minus_selected,shortfall_per_agent_tick,1.1126122413493038,1.1072525425054094,1.0970790865221343,4,0,4
long_horizon,0.24,1.2,4,all_aggressive_minus_selected,terminal_inventory_per_agent,-2.687426897931196,-4.08234774605671,-4.830402087222971,4,4,0
long_horizon,0.24,1.2,4,all_aggressive_minus_selected,terminal_mean_known_sites,5.375,4.270833333333333,2.291666666666667,4,0,4
long_horizon,0.24,1.2,4,all_aggressive_minus_selected,terminal_stock_fraction,-0.6983465947960812,-0.7306812509896132,-0.7458065518671568,4,4,0
long_horizon,0.24,1.2,4,all_aggressive_minus_selected,terminal_unoccupied_stock_fraction,-0.05328156585380542,-0.2429764301095224,-0.502482964596226,4,4,0
long_horizon,0.24,1.2,4,all_aggressive_minus_selected,total_harvest_cost,-274.51440940274153,-277.3885834328939,-278.656959107165,4,4,0
long_horizon,0.24,1.2,4,all_aggressive_minus_selected,total_movement_cost,126.47999999999895,111.85499999999901,94.19999999999905,4,0,4
long_horizon,0.24,1.2,4,all_aggressive_minus_selected,total_waste,0.0,0.0,0.0,4,0,0
keyed_priority,0.24,1.2,4,all_aggressive_minus_selected,consumption_per_agent_tick,-1.035353509399365,-1.036665274088256,-1.0375733262722182,4,4,0
keyed_priority,0.24,1.2,4,all_aggressive_minus_selected,depleted_patch_time_fraction,0.9658203125,0.9654541015625,0.965087890625,4,0,4
keyed_priority,0.24,1.2,4,all_aggressive_minus_selected,late_consumption_per_agent_tick,-1.1854247504119062,-1.188429201905574,-1.1918553900510367,4,4,0
keyed_priority,0.24,1.2,4,all_aggressive_minus_selected,max_ledger_residual,1.687538997430238e-14,-1.4155343563970746e-15,-1.2156942119645464e-14,4,0,0
keyed_priority,0.24,1.2,4,all_aggressive_minus_selected,max_relative_ledger_residual,6.862367453415164e-17,2.048927740040768e-17,-1.2239052634176144e-18,4,0,0
keyed_priority,0.24,1.2,4,all_aggressive_minus_selected,max_unaffordable_known_returns,0,0,0,4,0,0
keyed_priority,0.24,1.2,4,all_aggressive_minus_selected,mean_hungry_off_site_agent_fraction,0.3125,0.309814453125,0.3046875,4,0,4
keyed_priority,0.24,1.2,4,all_aggressive_minus_selected,mean_off_site_agent_fraction,0.3538411458333333,0.3355712890625,0.3155924479166667,4,0,4
keyed_priority,0.24,1.2,4,all_aggressive_minus_selected,movement_steps_per_agent,139.16666666666669,132.15625,124.62500000000001,4,0,4
keyed_priority,0.24,1.2,4,all_aggressive_minus_selected,shortfall_per_agent_tick,1.03757332627222,1.0366652740882578,1.035353509399367,4,0,4
keyed_priority,0.24,1.2,4,all_aggressive_minus_selected,terminal_inventory_per_agent,-4.591683701383063,-4.743087697320343,-4.834966259542116,4,4,0
keyed_priority,0.24,1.2,4,all_aggressive_minus_selected,terminal_mean_known_sites,4.958333333333333,4.739583333333333,4.416666666666666,4,0,4
keyed_priority,0.24,1.2,4,all_aggressive_minus_selected,terminal_stock_fraction,-0.7346705432851425,-0.7380010571407327,-0.7417927186936331,4,4,0
keyed_priority,0.24,1.2,4,all_aggressive_minus_selected,terminal_unoccupied_stock_fraction,0.0014241879051216121,-0.06493503287182133,-0.11143305083314735,4,3,1
keyed_priority,0.24,1.2,4,all_aggressive_minus_selected,total_harvest_cost,-130.85206432609732,-131.01368466804058,-131.1271617438726,4,4,0
keyed_priority,0.24,1.2,4,all_aggressive_minus_selected,total_movement_cost,66.80000000000005,63.435000000000045,59.82000000000004,4,0,4
keyed_priority,0.24,1.2,4,all_aggressive_minus_selected,total_waste,0.0,0.0,0.0,4,0,0
lower_stock,0.24,1.2,4,all_aggressive_minus_selected,consumption_per_agent_tick,-1.0988640951918198,-1.099697050954659,-1.1011585081129605,4,4,0
lower_stock,0.24,1.2,4,all_aggressive_minus_selected,depleted_patch_time_fraction,0.98193359375,0.9818115234375,0.981689453125,4,0,4
lower_stock,0.24,1.2,4,all_aggressive_minus_selected,late_consumption_per_agent_tick,-1.1808145823779463,-1.1856778717226368,-1.190342056521251,4,4,0
lower_stock,0.24,1.2,4,all_aggressive_minus_selected,max_ledger_residual,-4.107825191113079e-14,-6.238065619612598e-14,-8.737455203799982e-14,4,0,0
lower_stock,0.24,1.2,4,all_aggressive_minus_selected,max_relative_ledger_residual,4.851176210830421e-17,1.2893876511905777e-17,-5.608557155096875e-17,4,0,0
lower_stock,0.24,1.2,4,all_aggressive_minus_selected,max_unaffordable_known_returns,0,0,0,4,0,0
lower_stock,0.24,1.2,4,all_aggressive_minus_selected,mean_hungry_off_site_agent_fraction,0.3528645833333333,0.3494466145833333,0.34375,4,0,4
lower_stock,0.24,1.2,4,all_aggressive_minus_selected,mean_off_site_agent_fraction,0.3077799479166667,0.28059895833333337,0.26123046875,4,0,4
lower_stock,0.24,1.2,4,all_aggressive_minus_selected,movement_steps_per_agent,121.49999999999999,110.53125,102.45833333333334,4,0,4
lower_stock,0.24,1.2,4,all_aggressive_minus_selected,shortfall_per_agent_tick,1.1011585081129613,1.0996970509546604,1.0988640951918212,4,0,4
lower_stock,0.24,1.2,4,all_aggressive_minus_selected,terminal_inventory_per_agent,-4.526455712308191,-4.641210435059077,-4.84053554539267,4,4,0
lower_stock,0.24,1.2,4,all_aggressive_minus_selected,terminal_mean_known_sites,3.3749999999999996,2.9375,2.2916666666666665,4,0,4
lower_stock,0.24,1.2,4,all_aggressive_minus_selected,terminal_stock_fraction,-0.7155072913168581,-0.7290301896866128,-0.7394085470915555,4,4,0
lower_stock,0.24,1.2,4,all_aggressive_minus_selected,terminal_unoccupied_stock_fraction,-0.1067588001057711,-0.18354537310092395,-0.2521969101832743,4,4,0
lower_stock,0.24,1.2,4,all_aggressive_minus_selected,total_harvest_cost,-138.94480689430472,-139.0790353368754,-139.1434433330031,4,4,0
lower_stock,0.24,1.2,4,all_aggressive_minus_selected,total_movement_cost,58.32000000000004,53.05500000000004,49.180000000000035,4,0,4
lower_stock,0.24,1.2,4,all_aggressive_minus_selected,total_waste,0.0,0.0,0.0,4,0,0
additive,0.24,1.2,4,all_aggressive_minus_selected,consumption_per_agent_tick,0.0,-0.0005725779911952555,-0.002290311964781022,4,1,0
additive,0.24,1.2,4,all_aggressive_minus_selected,depleted_patch_time_fraction,0.202392578125,0.18524169921875,0.15869140625,4,0,4
additive,0.24,1.2,4,all_aggressive_minus_selected,late_consumption_per_agent_tick,0.0,-0.00039635538174104257,-0.0015854215269641703,4,1,0
additive,0.24,1.2,4,all_aggressive_minus_selected,max_ledger_residual,3.29625216011209e-13,2.670363929979658e-13,2.0505819264826641e-13,4,0,0
additive,0.24,1.2,4,all_aggressive_minus_selected,max_relative_ledger_residual,5.3887621338384514e-17,2.776103359555647e-17,-6.618872442257739e-18,4,0,0
additive,0.24,1.2,4,all_aggressive_minus_selected,max_unaffordable_known_returns,0,0,0,4,0,0
additive,0.24,1.2,4,all_aggressive_minus_selected,mean_hungry_off_site_agent_fraction,0.0029296875,0.000732421875,0.0,4,0,1
additive,0.24,1.2,4,all_aggressive_minus_selected,mean_off_site_agent_fraction,0.3419596354166667,0.3029378255208333,0.2610677083333333,4,0,4
additive,0.24,1.2,4,all_aggressive_minus_selected,movement_steps_per_agent,131.79166666666666,116.98958333333333,101.16666666666667,4,0,4
additive,0.24,1.2,4,all_aggressive_minus_selected,shortfall_per_agent_tick,0.002290311964781125,0.0005725779911952812,0.0,4,0,1
additive,0.24,1.2,4,all_aggressive_minus_selected,terminal_inventory_per_agent,73.01325443942983,66.9606561841161,62.24115667904965,4,0,4
additive,0.24,1.2,4,all_aggressive_minus_selected,terminal_mean_known_sites,2.625,2.1875,1.7083333333333335,4,0,4
additive,0.24,1.2,4,all_aggressive_minus_selected,terminal_stock_fraction,-0.11752952095876856,-0.2919903277543733,-0.40924628754040965,4,4,0
additive,0.24,1.2,4,all_aggressive_minus_selected,terminal_unoccupied_stock_fraction,0.26976254120446297,0.2023281202419011,0.13617123778079748,4,0,4
additive,0.24,1.2,4,all_aggressive_minus_selected,total_harvest_cost,36.9007776846189,33.871282229406006,31.64832163871847,4,0,4
additive,0.24,1.2,4,all_aggressive_minus_selected,total_movement_cost,63.26000000000005,56.15500000000004,48.56000000000003,4,0,4
additive,0.24,1.2,4,all_aggressive_minus_selected,total_waste,0.0,0.0,0.0,4,0,0
small_inventory,0.24,1.2,4,all_aggressive_minus_selected,consumption_per_agent_tick,-0.11403896443018802,-0.1450636485345364,-0.2248067967152092,4,4,0
small_inventory,0.24,1.2,4,all_aggressive_minus_selected,depleted_patch_time_fraction,0.2646484375,0.197509765625,0.16552734375,4,0,4
small_inventory,0.24,1.2,4,all_aggressive_minus_selected,late_consumption_per_agent_tick,-0.45603921790094504,-0.5641984403093302,-0.8387979911255106,4,4,0
small_inventory,0.24,1.2,4,all_aggressive_minus_selected,max_ledger_residual,7.605027718682322e-15,2.220446049250313e-16,-7.93809462606987e-15,4,0,0
small_inventory,0.24,1.2,4,all_aggressive_minus_selected,max_relative_ledger_residual,4.3370707962552695e-17,1.0901935001486952e-17,-3.9145552024465554e-17,4,0,0
small_inventory,0.24,1.2,4,all_aggressive_minus_selected,max_unaffordable_known_returns,0,0,0,4,0,0
small_inventory,0.24,1.2,4,all_aggressive_minus_selected,mean_hungry_off_site_agent_fraction,0.0869140625,0.0589599609375,0.042805989583333336,4,0,4
small_inventory,0.24,1.2,4,all_aggressive_minus_selected,mean_off_site_agent_fraction,0.09586588541666666,0.05208333333333333,0.023763020833333336,4,0,4
small_inventory,0.24,1.2,4,all_aggressive_minus_selected,movement_steps_per_agent,37.75,20.395833333333332,9.333333333333332,4,0,4
small_inventory,0.24,1.2,4,all_aggressive_minus_selected,shortfall_per_agent_tick,0.22480679671521153,0.14506364853453793,0.11403896443018914,4,0,4
small_inventory,0.24,1.2,4,all_aggressive_minus_selected,terminal_inventory_per_agent,-3.32132105984741,-4.342162949463601,-4.8342638669668085,4,4,0
small_inventory,0.24,1.2,4,all_aggressive_minus_selected,terminal_mean_known_sites,1.8333333333333335,0.9895833333333333,0.4166666666666665,4,0,4
small_inventory,0.24,1.2,4,all_aggressive_minus_selected,terminal_stock_fraction,-0.668974830736059,-0.720962532505103,-0.7409737166813561,4,4,0
small_inventory,0.24,1.2,4,all_aggressive_minus_selected,terminal_unoccupied_stock_fraction,0.001253464853388894,-0.06450311261528084,-0.11005353503487592,4,3,1
small_inventory,0.24,1.2,4,all_aggressive_minus_selected,total_harvest_cost,-15.702185773376101,-20.116183007823203,-30.186026363785317,4,4,0
small_inventory,0.24,1.2,4,all_aggressive_minus_selected,total_movement_cost,18.12000000000001,9.790000000000006,4.480000000000002,4,0,4
small_inventory,0.24,1.2,4,all_aggressive_minus_selected,total_waste,1.4210854715202004e-14,1.4210854715202004e-14,1.4210854715202004e-14,4,0,0
