cohort,method,parameter,unit,n_qualified_cases,n_all_cases,reference_failed,mean_gap_reference_sd,mean_gap_reference_sd_lo95,mean_gap_reference_sd_hi95,width_ratio,width_ratio_lo95,width_ratio_hi95,endpoint_gap_prior_width,endpoint_gap_prior_width_lo95,endpoint_gap_prior_width_hi95,reference_mean_mcse_sd,reference_mean_mcse_sd_lo95,reference_mean_mcse_sd_hi95
prior_predictive,prior,r,independent_case,128,128,0,27.716097857446847,23.891726034741936,31.506301013250592,28.82601383629128,27.005352686096717,30.595439630877078,0.6838264481453992,0.657461052611918,0.708644428733505,0.027444786437697134,0.02710374966810218,0.02779401300809166
prior_predictive,prior,b,independent_case,128,128,0,14.89634179967405,12.986082515603366,17.010708431607526,16.458438770410968,15.405481609327293,17.55611678129751,0.6639184638594308,0.6399604959873669,0.6885496180592395,0.02708644480539778,0.026757601287423213,0.027423047488135045
prior_predictive,prior,g,independent_case,128,128,0,5.557986207608316,4.716284969487315,6.446327034214948,5.852766274633199,5.430222973181939,6.274650985473208,0.5927756133742912,0.5661929758142017,0.6188838436014746,0.027217819832222042,0.026850059234066446,0.027599704714787003
prior_predictive,published,r,independent_case,128,128,0,0.044695212683817036,0.03906945644322659,0.05077302720342438,0.9999245040506204,0.9931058858890153,1.0065972564518373,0.0012178679744612216,0.0010748087134125714,0.0013688664853864726,0.027444786437697134,0.02710374966810218,0.02779401300809166
prior_predictive,published,b,independent_case,128,128,0,0.04369293203177553,0.03772028983336889,0.050097540025330595,1.0016819153098093,0.9950793854594374,1.007775225019053,0.0019219270930069666,0.001705042011219783,0.002154308215450978,0.02708644480539778,0.026757601287423213,0.027423047488135045
prior_predictive,published,g,independent_case,128,128,0,0.04696741657438683,0.04073914938444415,0.05285953370240217,1.0023077696063398,0.9957263865247595,1.008682320441625,0.005654629668261021,0.004967645030351576,0.0064219122720680635,0.027217819832222042,0.026850059234066446,0.027599704714787003
prior_predictive,higher_compute,r,independent_case,128,128,0,0.024810753964911524,0.021201817987785556,0.028534152433848336,1.002799171021852,0.9981645525479033,1.007040355999027,0.0007221082602469788,0.0006416806189008686,0.0008057962549749576,0.027444786437697134,0.02710374966810218,0.02779401300809166
prior_predictive,higher_compute,b,independent_case,128,128,0,0.02575796388273123,0.022690445695240927,0.02904025529156806,1.0029304533452728,0.9986187077475314,1.0072662707186408,0.0012758911628790665,0.001142828402765909,0.001419300086703233,0.02708644480539778,0.026757601287423213,0.027423047488135045
prior_predictive,higher_compute,g,independent_case,128,128,0,0.025911405811373113,0.022535200297232175,0.029611304488718942,1.0035674821742506,0.9994871785949706,1.0075844564018837,0.003585453906491127,0.003157621547831821,0.004037336991221202,0.027217819832222042,0.026850059234066446,0.027599704714787003
ecological,prior,r,independent_case,64,64,0,33.13367806017537,27.99103331268926,38.8861949975543,54.54019193129288,52.138336169603235,56.796391666987105,0.6060586568875246,0.5844024985558146,0.6296769483358285,0.026412239891780154,0.02613033038047407,0.02670552167120311
ecological,prior,b,independent_case,64,64,0,23.196448570887817,19.777304611668637,26.858050824915715,31.91924382175783,30.65793460834053,33.19343131004495,0.6340234159892748,0.6050084909612335,0.6643109721741268,0.026310105809114442,0.026001510266884895,0.026626914465502773
ecological,prior,g,independent_case,64,64,0,5.789023801074394,5.001936919638693,6.6290202214120395,7.764147552281816,7.468232586760349,8.081022997426063,0.5977145579809042,0.5705934143296226,0.6261414079262039,0.026329195444707854,0.02603211914029547,0.026658973300406612
ecological,published,r,independent_case,64,64,0,0.03964599013495181,0.03340722086612406,0.04606650144874728,0.9991958709848313,0.9891067459925065,1.0093355072840713,0.0005451085026656743,0.00047146793577415043,0.0006152776957971853,0.026412239891780154,0.02613033038047407,0.02670552167120311
ecological,published,b,independent_case,64,64,0,0.04117428121267801,0.03460978177031452,0.04855352813307428,0.9899635573180912,0.9813288047579996,0.9985353889653158,0.0009435200022867407,0.000819165132533995,0.0010709968021209327,0.026310105809114442,0.026001510266884895,0.026626914465502773
ecological,published,g,independent_case,64,64,0,0.04644819444098895,0.03851046313078237,0.05516965807568057,0.9987765645821433,0.9868601323818134,1.0120365297488543,0.004314593729822032,0.0035739547718718345,0.00516160328818493,0.026329195444707854,0.02603211914029547,0.026658973300406612
ecological,higher_compute,r,independent_case,64,64,0,0.03021876329749976,0.025140245244264472,0.03598023731795746,1.0038130958936353,0.9978839873778564,1.0096698323505706,0.00037253222923068485,0.0003249855445380545,0.0004226719761349847,0.026412239891780154,0.02613033038047407,0.02670552167120311
ecological,higher_compute,b,independent_case,64,64,0,0.02500287720649222,0.020715832206479833,0.029709782059329438,0.9986481330413638,0.9924435264422345,1.004744699755725,0.0006042523336488075,0.0005312923477251361,0.000681929995506425,0.026310105809114442,0.026001510266884895,0.026626914465502773
ecological,higher_compute,g,independent_case,64,64,0,0.030071725865496893,0.025336104591855584,0.034633676201825614,1.00163036292594,0.9951580142720322,1.0082519788540616,0.002718114299339442,0.0023121346443477665,0.0031375011913318224,0.026329195444707854,0.02603211914029547,0.026658973300406612
