society,unit,condition,public_fraction,decisions,total_including_failed,fraction,failed_plans
all,independent_arena,prior,0.0,72,72,1.0,0
all,independent_arena,prior,0.5,0,72,0.0,0
all,independent_arena,prior,1.0,0,72,0.0,0
all,independent_arena,learned,0.0,37,72,0.5138888888888888,0
all,independent_arena,learned,0.5,3,72,0.041666666666666664,0
all,independent_arena,learned,1.0,32,72,0.4444444444444444,0
all,independent_arena,known,0.0,33,72,0.4583333333333333,0
all,independent_arena,known,0.5,5,72,0.06944444444444445,0
all,independent_arena,known,1.0,34,72,0.4722222222222222,0
0,independent_arena,prior,0.0,24,24,1.0,0
0,independent_arena,prior,0.5,0,24,0.0,0
0,independent_arena,prior,1.0,0,24,0.0,0
0,independent_arena,learned,0.0,13,24,0.5416666666666666,0
0,independent_arena,learned,0.5,1,24,0.041666666666666664,0
0,independent_arena,learned,1.0,10,24,0.4166666666666667,0
0,independent_arena,known,0.0,11,24,0.4583333333333333,0
0,independent_arena,known,0.5,3,24,0.125,0
0,independent_arena,known,1.0,10,24,0.4166666666666667,0
1,independent_arena,prior,0.0,24,24,1.0,0
1,independent_arena,prior,0.5,0,24,0.0,0
1,independent_arena,prior,1.0,0,24,0.0,0
1,independent_arena,learned,0.0,10,24,0.4166666666666667,0
1,independent_arena,learned,0.5,1,24,0.041666666666666664,0
1,independent_arena,learned,1.0,13,24,0.5416666666666666,0
1,independent_arena,known,0.0,11,24,0.4583333333333333,0
1,independent_arena,known,0.5,1,24,0.041666666666666664,0
1,independent_arena,known,1.0,12,24,0.5,0
2,independent_arena,prior,0.0,24,24,1.0,0
2,independent_arena,prior,0.5,0,24,0.0,0
2,independent_arena,prior,1.0,0,24,0.0,0
2,independent_arena,learned,0.0,14,24,0.5833333333333334,0
2,independent_arena,learned,0.5,1,24,0.041666666666666664,0
2,independent_arena,learned,1.0,9,24,0.375,0
2,independent_arena,known,0.0,11,24,0.4583333333333333,0
2,independent_arena,known,0.5,1,24,0.041666666666666664,0
2,independent_arena,known,1.0,12,24,0.5,0
