society,unit,condition,metric,mean,lo95,hi95,n_arenas,valid_arenas
all,independent_arena,prior,budget_absolute_error,0.773477273750992,0.5868535085308916,0.9613460558367206,24,24
all,independent_arena,prior,utility_absolute_error,2.5705176196136077,1.753153260170882,3.5170686549908163,24,24
all,independent_arena,prior,menu_forecast_mae,2.583180410222266,1.7581859090951413,3.532452557122751,24,24
all,independent_arena,prior,investment_advantage_absolute_error,0.0785266990959741,0.0635622953267523,0.09550813834368475,24,24
all,independent_arena,learned,budget_absolute_error,0.19204376456074676,0.15547803923655415,0.22913606373680778,24,24
all,independent_arena,learned,utility_absolute_error,0.19637222814970987,0.15541115036992603,0.24840541682498055,24,24
all,independent_arena,learned,menu_forecast_mae,0.1947500912875572,0.1522921396330867,0.2491161978094358,24,24
all,independent_arena,learned,investment_advantage_absolute_error,0.03266501175618444,0.025947311219873134,0.03982373605974983,24,24
all,independent_arena,known,budget_absolute_error,0.18641413132711704,0.15150860893350873,0.22180619087513812,24,24
all,independent_arena,known,utility_absolute_error,0.12046746830707733,0.09440742740202544,0.1509242923732381,24,24
all,independent_arena,known,menu_forecast_mae,0.11824179910171713,0.09153199218685407,0.14873349793026797,24,24
all,independent_arena,known,investment_advantage_absolute_error,0.014914521081728476,0.008991259708738129,0.02140587507626575,24,24
0,independent_arena,prior,budget_absolute_error,0.800739711684308,0.5959183663331314,1.0182502609143649,24,24
0,independent_arena,prior,utility_absolute_error,2.4517297408381324,1.6342194743735137,3.3842951205400564,24,24
0,independent_arena,prior,menu_forecast_mae,2.4690221470666778,1.6453645483417487,3.409206814891622,24,24
0,independent_arena,prior,investment_advantage_absolute_error,0.08230943500564185,0.06233531848397501,0.10659522984604337,24,24
0,independent_arena,learned,budget_absolute_error,0.21753928137296505,0.1649880809353455,0.27586143267857105,24,24
0,independent_arena,learned,utility_absolute_error,0.16968411599898733,0.12334789911301255,0.22730842056218742,24,24
0,independent_arena,learned,menu_forecast_mae,0.1699526436795632,0.12406949670151667,0.22741729832430574,24,24
0,independent_arena,learned,investment_advantage_absolute_error,0.03510191193588463,0.02254579552072977,0.04782072006450658,24,24
0,independent_arena,known,budget_absolute_error,0.202340125151806,0.15780538399129132,0.24926331450511532,24,24
0,independent_arena,known,utility_absolute_error,0.09459503964023981,0.07127741785040054,0.11877581465025759,24,24
0,independent_arena,known,menu_forecast_mae,0.09496308541915187,0.06987792470716012,0.11977619985993042,24,24
0,independent_arena,known,investment_advantage_absolute_error,0.01850864591392239,0.008175317178962733,0.0311547478271514,24,24
1,independent_arena,prior,budget_absolute_error,0.755668564871001,0.546999688319066,0.968363451285023,24,24
1,independent_arena,prior,utility_absolute_error,2.538510010953264,1.749197615006342,3.509379232153823,24,24
1,independent_arena,prior,menu_forecast_mae,2.5554578789198588,1.764695114132952,3.52429098082792,24,24
1,independent_arena,prior,investment_advantage_absolute_error,0.07973738704340327,0.06249933042285483,0.1002048715095686,24,24
1,independent_arena,learned,budget_absolute_error,0.21729009300906124,0.1609041087095536,0.27768489571812505,24,24
1,independent_arena,learned,utility_absolute_error,0.20998515284220018,0.15191980360810492,0.2845839708132762,24,24
1,independent_arena,learned,menu_forecast_mae,0.20745064651284262,0.15233033383450956,0.2791163937382737,24,24
1,independent_arena,learned,investment_advantage_absolute_error,0.033722766852156326,0.022166398724260124,0.0459508144629439,24,24
1,independent_arena,known,budget_absolute_error,0.21133244368606677,0.1519183492101286,0.2746279273714342,24,24
1,independent_arena,known,utility_absolute_error,0.16579891538232175,0.10060120829733946,0.25362798778514567,24,24
1,independent_arena,known,menu_forecast_mae,0.16302847093187886,0.09786462874943334,0.25023000319247457,24,24
1,independent_arena,known,investment_advantage_absolute_error,0.016524175526913282,0.008886439445507753,0.026620692097312375,24,24
2,independent_arena,prior,budget_absolute_error,0.7640235446976665,0.5483840024705635,0.9852426048675086,24,24
2,independent_arena,prior,utility_absolute_error,2.7213131070494256,1.8403986228761189,3.6662959720289785,24,24
2,independent_arena,prior,menu_forecast_mae,2.7250612046802605,1.836915830361349,3.6638397929049495,24,24
2,independent_arena,prior,investment_advantage_absolute_error,0.07353327523887716,0.05639654747674314,0.09468922830459094,24,24
2,independent_arena,learned,budget_absolute_error,0.14130191930021394,0.10251739652132236,0.18079222716497992,24,24
2,independent_arena,learned,utility_absolute_error,0.20944741560794208,0.14006018693326994,0.2859592939625423,24,24
2,independent_arena,learned,menu_forecast_mae,0.20684698367026585,0.1375693108081748,0.28531403647436593,24,24
2,independent_arena,learned,investment_advantage_absolute_error,0.02917035648051236,0.01826991666692425,0.04074606844292107,24,24
2,independent_arena,known,budget_absolute_error,0.14556982514347827,0.10271141909174256,0.19067307600800243,24,24
2,independent_arena,known,utility_absolute_error,0.10100844989867037,0.06961443992472868,0.13696230950462274,24,24
2,independent_arena,known,menu_forecast_mae,0.09673384095412067,0.0647070795580503,0.13251518951111588,24,24
2,independent_arena,known,investment_advantage_absolute_error,0.009710741804349757,0.0034746030415469713,0.01841377792324469,24,24
