society,unit,contrast,metric,mean,lo95,hi95,n_arenas,valid_arenas
all,independent_arena,learned_minus_prior,utility,0.021109864520044635,0.009014302164633614,0.03367801860981356,24,24
all,independent_arena,learned_minus_prior,consumption_per_member,0.0030279685439692137,0.0,0.00908390563190764,24,24
all,independent_arena,learned_minus_prior,focal_welfare,0.00014193602549856152,0.0,0.00042580807649568453,24,24
all,independent_arena,learned_minus_prior,terminal_wealth_per_member,0.09040947988037616,0.03764162162362302,0.14269152215483108,24,24
all,independent_arena,learned_minus_prior,regret,-0.021109864520044385,-0.033678018609813155,-0.009014302164633666,24,24
all,independent_arena,learned_minus_prior,shortfall_per_member,-0.0030279685439693247,-0.009083905631907974,0.0,24,24
all,independent_arena,learned_minus_prior,investment,1.8959165569533145,1.216724258548093,2.6025199189859185,24,24
all,independent_arena,learned_minus_prior,external_harm,0.0,0.0,0.0,24,24
all,independent_arena,learned_minus_prior,other_society_welfare,8.344400469433948e-05,0.0,0.00024888746645155185,24,24
all,independent_arena,learned_minus_prior,other_society_utility,0.009438380241177343,0.005193963199276353,0.014398836402124462,24,24
all,independent_arena,learned_minus_prior,utility_absolute_error,-2.3741453914638977,-3.284558895761833,-1.5868339037192145,24,24
all,independent_arena,learned_minus_prior,budget_absolute_error,-0.5814335091902451,-0.794511983903489,-0.3752842098608612,24,24
all,independent_arena,learned_minus_prior,menu_forecast_mae,-2.3884303189347085,-3.30063117711736,-1.594549711757259,24,24
all,independent_arena,known_minus_prior,utility,0.024981671353568363,0.0132392482434502,0.03674726430385269,24,24
all,independent_arena,known_minus_prior,consumption_per_member,0.0020740952941610638,-0.0013604647038691908,0.008262982938286978,24,24
all,independent_arena,known_minus_prior,focal_welfare,9.722321691379061e-05,-6.377178299387294e-05,0.0003873273252321813,24,24
all,independent_arena,known_minus_prior,terminal_wealth_per_member,0.11453788029703948,0.06047114390330371,0.16940077469127124,24,24
all,independent_arena,known_minus_prior,regret,-0.024981671353568408,-0.0367472643038525,-0.013239248243449334,24,24
all,independent_arena,known_minus_prior,shortfall_per_member,-0.0020740952941609176,-0.008262982938286811,0.001360464703869372,24,24
all,independent_arena,known_minus_prior,investment,2.103797877427564,1.2830852578457663,2.9063193167748294,24,24
all,independent_arena,known_minus_prior,external_harm,0.0,0.0,0.0,24,24
all,independent_arena,known_minus_prior,other_society_welfare,6.941135582405149e-05,0.0,0.00020823406747215445,24,24
all,independent_arena,known_minus_prior,other_society_utility,0.009650164292306437,0.005270360148476528,0.014075433338245465,24,24
all,independent_arena,known_minus_prior,utility_absolute_error,-2.4500501513065305,-3.3672966750658375,-1.646987607609186,24,24
all,independent_arena,known_minus_prior,budget_absolute_error,-0.5870631424238749,-0.7955894361445554,-0.37825381711891404,24,24
all,independent_arena,known_minus_prior,menu_forecast_mae,-2.4649386111205485,-3.384273302120043,-1.6566170061145844,24,24
all,independent_arena,learned_minus_known,utility,-0.0038718068335237277,-0.0076629013814112435,-0.000590127915940376,24,24
all,independent_arena,learned_minus_known,consumption_per_member,0.0009538732498081496,0.0,0.002587978851550895,24,24
all,independent_arena,learned_minus_known,focal_welfare,4.471280858477089e-05,0.0,0.00012131150866647826,24,24
all,independent_arena,learned_minus_known,terminal_wealth_per_member,-0.024128400416663327,-0.04292482073382142,-0.006880824914078184,24,24
all,independent_arena,learned_minus_known,regret,0.003871806833524024,0.0005901279159406636,0.007662901381411573,24,24
all,independent_arena,learned_minus_known,shortfall_per_member,-0.0009538732498084068,-0.0025879788515514993,0.0,24,24
all,independent_arena,learned_minus_known,investment,-0.2078813204742491,-0.529438858286351,0.07471906485473631,24,24
all,independent_arena,learned_minus_known,external_harm,0.0,0.0,0.0,24,24
all,independent_arena,learned_minus_known,other_society_welfare,1.403264887028799e-05,0.0,4.0653398979397425e-05,24,24
all,independent_arena,learned_minus_known,other_society_utility,-0.0002117840511290936,-0.0016671073602360716,0.0011441210143165973,24,24
all,independent_arena,learned_minus_known,utility_absolute_error,0.07590475984263255,0.04589173573382031,0.11164953855442325,24,24
all,independent_arena,learned_minus_known,budget_absolute_error,0.005629633233629738,-0.004077134666799885,0.016205851820491765,24,24
all,independent_arena,learned_minus_known,menu_forecast_mae,0.07650829218584008,0.04628906187439441,0.11291508205968578,24,24
0,independent_arena,learned_minus_prior,utility,0.019932428749232994,0.005122924010466501,0.03519001308848265,24,24
0,independent_arena,learned_minus_prior,consumption_per_member,0.002882010277363456,0.0,0.008646030832090368,24,24
0,independent_arena,learned_minus_prior,focal_welfare,0.000135094231751412,0.0,0.000405282695254236,24,24
0,independent_arena,learned_minus_prior,terminal_wealth_per_member,0.08525209235934804,0.019005993417430433,0.15439290292706154,24,24
0,independent_arena,learned_minus_prior,regret,-0.019932428749232994,-0.03519001308848265,-0.005122924010466509,24,24
0,independent_arena,learned_minus_prior,shortfall_per_member,-0.0028820102773634837,-0.008646030832090451,0.0,24,24
0,independent_arena,learned_minus_prior,investment,1.7080461326324416,0.9592541377407037,2.5613660735100705,24,24
0,independent_arena,learned_minus_prior,external_harm,0.0,0.0,0.0,24,24
0,independent_arena,learned_minus_prior,other_society_welfare,8.202907177455125e-05,0.0,0.00024175357242927262,24,24
0,independent_arena,learned_minus_prior,other_society_utility,0.008912674985444605,0.0044828405151983095,0.013726982698432961,24,24
0,independent_arena,learned_minus_prior,utility_absolute_error,-2.2820456248391454,-3.1792031660987776,-1.4966212716441587,24,24
0,independent_arena,learned_minus_prior,budget_absolute_error,-0.583200430311343,-0.8073844715102615,-0.3674763818174154,24,24
0,independent_arena,learned_minus_prior,menu_forecast_mae,-2.299069503387115,-3.2025437687074274,-1.5111698095104367,24,24
0,independent_arena,known_minus_prior,utility,0.02415506304584521,0.01099286422356982,0.03734260369880472,24,24
0,independent_arena,known_minus_prior,consumption_per_member,2.0390527938118908e-05,-0.006102210402672581,0.006183262751226604,24,24
0,independent_arena,known_minus_prior,focal_welfare,9.558059971039496e-07,-0.0002860411126252658,0.000289840441463754,24,24
0,independent_arena,known_minus_prior,terminal_wealth_per_member,0.12067336258953647,0.05749314838853306,0.1853943986488038,24,24
0,independent_arena,known_minus_prior,regret,-0.02415506304584521,-0.03734260369880472,-0.010992864223569826,24,24
0,independent_arena,known_minus_prior,shortfall_per_member,-2.0390527938217207e-05,-0.006183262751226826,0.00610221040267241,24,24
0,independent_arena,known_minus_prior,investment,1.9282041163009171,1.1310134946521397,2.7429223315744964,24,24
0,independent_arena,known_minus_prior,external_harm,0.0,0.0,0.0,24,24
0,independent_arena,known_minus_prior,other_society_welfare,3.9931125163682656e-05,0.0,0.00011979337549104796,24,24
0,independent_arena,known_minus_prior,other_society_utility,0.008380397481032956,0.004774958464855761,0.011921510044342394,24,24
0,independent_arena,known_minus_prior,utility_absolute_error,-2.3571347011978925,-3.283778176710112,-1.5412748351522636,24,24
0,independent_arena,known_minus_prior,budget_absolute_error,-0.5983995865325021,-0.8242304521262567,-0.3786603422038519,24,24
0,independent_arena,known_minus_prior,menu_forecast_mae,-2.3740590616475266,-3.307531587793958,-1.548805307238199,24,24
0,independent_arena,learned_minus_known,utility,-0.0042226342966122194,-0.013214000401368515,0.003119959127268053,24,24
0,independent_arena,learned_minus_known,consumption_per_member,0.002861619749425337,0.0,0.007763936554654756,24,24
0,independent_arena,learned_minus_known,focal_welfare,0.00013413842575430804,0.0,0.00036393452599943016,24,24
0,independent_arena,learned_minus_known,terminal_wealth_per_member,-0.03542127023018843,-0.08037322692129391,0.00032193016513324774,24,24
0,independent_arena,learned_minus_known,regret,0.0042226342966122194,-0.003119959127268061,0.01321400040136851,24,24
0,independent_arena,learned_minus_known,shortfall_per_member,-0.0028616197494252663,-0.007763936554654591,0.0,24,24
0,independent_arena,learned_minus_known,investment,-0.22015798366847517,-0.7823742431285794,0.25862248099950264,24,24
0,independent_arena,learned_minus_known,external_harm,0.0,0.0,0.0,24,24
0,independent_arena,learned_minus_known,other_society_welfare,4.2097946610868596e-05,0.0,0.00012196019693822464,24,24
0,independent_arena,learned_minus_known,other_society_utility,0.000532277504411649,-0.002270915581798139,0.003470970633318545,24,24
0,independent_arena,learned_minus_known,utility_absolute_error,0.07508907635874751,0.027584629696308642,0.13505583239046684,24,24
0,independent_arena,learned_minus_known,budget_absolute_error,0.015199156221159055,-0.004222835010992388,0.03630809451253949,24,24
0,independent_arena,learned_minus_known,menu_forecast_mae,0.07498955826041136,0.027168978974584528,0.13453759802684226,24,24
1,independent_arena,learned_minus_prior,utility,0.024471597291249186,0.007909757552448441,0.03994071873090689,24,24
1,independent_arena,learned_minus_prior,consumption_per_member,0.0022166927292211667,0.0,0.0066500781876634996,24,24
1,independent_arena,learned_minus_prior,focal_welfare,0.0001039074716822445,0.0,0.0003117224150467335,24,24
1,independent_arena,learned_minus_prior,terminal_wealth_per_member,0.11127452281014179,0.03160476868263276,0.1859416410041666,24,24
1,independent_arena,learned_minus_prior,regret,-0.024471597291249186,-0.03994071873090689,-0.007909757552448445,24,24
1,independent_arena,learned_minus_prior,shortfall_per_member,-0.0022166927292212035,-0.006650078187663611,0.0,24,24
1,independent_arena,learned_minus_prior,investment,2.285903165618722,1.4351903967180626,3.108011362265252,24,24
1,independent_arena,learned_minus_prior,external_harm,0.0,0.0,0.0,24,24
1,independent_arena,learned_minus_prior,other_society_welfare,0.00011831734264269866,0.0,0.000354952027928096,24,24
1,independent_arena,learned_minus_prior,other_society_utility,0.011108236323909596,0.0058701531347786174,0.017193552076677422,24,24
1,independent_arena,learned_minus_prior,utility_absolute_error,-2.3285248581110642,-3.2972290219473175,-1.5503495942074668,24,24
1,independent_arena,learned_minus_prior,budget_absolute_error,-0.5383784718619397,-0.7850533340380067,-0.3028304837163189,24,24
1,independent_arena,learned_minus_prior,menu_forecast_mae,-2.3480072324070163,-3.324015690433604,-1.5661657423187205,24,24
1,independent_arena,known_minus_prior,utility,0.027814345265204505,0.014517555578595128,0.041664444777374514,24,24
1,independent_arena,known_minus_prior,consumption_per_member,0.0022166927292211667,0.0,0.0066500781876634996,24,24
1,independent_arena,known_minus_prior,focal_welfare,0.0001039074716822445,0.0,0.0003117224150467335,24,24
1,independent_arena,known_minus_prior,terminal_wealth_per_member,0.12798826267991825,0.06716872701097451,0.19103264084761074,24,24
1,independent_arena,known_minus_prior,regret,-0.027814345265204505,-0.041664444777374514,-0.014517555578595133,24,24
1,independent_arena,known_minus_prior,shortfall_per_member,-0.0022166927292212035,-0.006650078187663611,0.0,24,24
1,independent_arena,known_minus_prior,investment,2.1594775039099847,1.2940816431789945,2.9839530078572367,24,24
1,independent_arena,known_minus_prior,external_harm,0.0,0.0,0.0,24,24
1,independent_arena,known_minus_prior,other_society_welfare,0.00011831734264269866,0.0,0.000354952027928096,24,24
1,independent_arena,known_minus_prior,other_society_utility,0.010468673404248877,0.005278806632364083,0.016565305298621578,24,24
1,independent_arena,known_minus_prior,utility_absolute_error,-2.3727110955709425,-3.296191099809582,-1.606042224635111,24,24
1,independent_arena,known_minus_prior,budget_absolute_error,-0.5443361211849342,-0.7924958260736331,-0.305764385853302,24,24
1,independent_arena,known_minus_prior,menu_forecast_mae,-2.3924294079879798,-3.314973568416978,-1.6193179233595214,24,24
1,independent_arena,learned_minus_known,utility,-0.0033427479739553214,-0.010028243921865965,0.0,24,24
1,independent_arena,learned_minus_known,consumption_per_member,0.0,0.0,0.0,24,24
1,independent_arena,learned_minus_known,focal_welfare,0.0,0.0,0.0,24,24
1,independent_arena,learned_minus_known,terminal_wealth_per_member,-0.01671373986977646,-0.05014121960932938,0.0,24,24
1,independent_arena,learned_minus_known,regret,0.0033427479739553214,0.0,0.010028243921865965,24,24
1,independent_arena,learned_minus_known,shortfall_per_member,0.0,0.0,0.0,24,24
1,independent_arena,learned_minus_known,investment,0.12642566170873765,0.0,0.37927698512621294,24,24
1,independent_arena,learned_minus_known,external_harm,0.0,0.0,0.0,24,24
1,independent_arena,learned_minus_known,other_society_welfare,0.0,0.0,0.0,24,24
1,independent_arena,learned_minus_known,other_society_utility,0.0006395629196607189,0.0,0.0019186887589821566,24,24
1,independent_arena,learned_minus_known,utility_absolute_error,0.04418623745987841,-0.012887391396663832,0.10017380813050689,24,24
1,independent_arena,learned_minus_known,budget_absolute_error,0.005957649322994492,-0.015509476846399797,0.028393099827830424,24,24
1,independent_arena,learned_minus_known,menu_forecast_mae,0.04442217558096376,-0.006523073631819469,0.09400237920228514,24,24
2,independent_arena,learned_minus_prior,utility,0.018925567519650983,0.007070982802876472,0.031876998433022455,24,24
2,independent_arena,learned_minus_prior,consumption_per_member,0.0039852026253234625,0.0,0.011955607875970387,24,24
2,independent_arena,learned_minus_prior,focal_welfare,0.00018680637306203265,0.0,0.000560419119186098,24,24
2,independent_arena,learned_minus_prior,terminal_wealth_per_member,0.07470182447163723,0.026078464494671705,0.13119844711090872,24,24
2,independent_arena,learned_minus_prior,regret,-0.018925567519650983,-0.031876998433022455,-0.007070982802876476,24,24
2,independent_arena,learned_minus_prior,shortfall_per_member,-0.0039852026253233514,-0.011955607875970053,0.0,24,24
2,independent_arena,learned_minus_prior,investment,1.6938003726087805,0.857474689024888,2.581426875487222,24,24
2,independent_arena,learned_minus_prior,external_harm,0.0,0.0,0.0,24,24
2,independent_arena,learned_minus_prior,other_society_welfare,4.998559966576851e-05,0.0,0.00014995679899730552,24,24
2,independent_arena,learned_minus_prior,other_society_utility,0.008294229414177382,0.003927375446529713,0.01306049692917988,24,24
2,independent_arena,learned_minus_prior,utility_absolute_error,-2.511865691441484,-3.4107409676327785,-1.666213056820206,24,24
2,independent_arena,learned_minus_prior,budget_absolute_error,-0.6227216253974527,-0.8590553666859583,-0.39843413105892755,24,24
2,independent_arena,learned_minus_prior,menu_forecast_mae,-2.5182142210099947,-3.4220847219303794,-1.6685434395036411,24,24
2,independent_arena,known_minus_prior,utility,0.022975605749655514,0.009859879540470263,0.03618977176370623,24,24
2,independent_arena,known_minus_prior,consumption_per_member,0.0039852026253234625,0.0,0.011955607875970387,24,24
2,independent_arena,known_minus_prior,focal_welfare,0.00018680637306203265,0.0,0.000560419119186098,24,24
2,independent_arena,known_minus_prior,terminal_wealth_per_member,0.09495201562166067,0.03838572556100688,0.15585410526663634,24,24
2,independent_arena,known_minus_prior,regret,-0.022975605749655514,-0.03618977176370623,-0.009859879540470271,24,24
2,independent_arena,known_minus_prior,shortfall_per_member,-0.0039852026253233514,-0.011955607875970053,0.0,24,24
2,independent_arena,known_minus_prior,investment,2.22371201207179,1.2966532347489554,3.094363587363816,24,24
2,independent_arena,known_minus_prior,external_harm,0.0,0.0,0.0,24,24
2,independent_arena,known_minus_prior,other_society_welfare,4.998559966576851e-05,0.0,0.00014995679899730552,24,24
2,independent_arena,known_minus_prior,other_society_utility,0.010101421991636736,0.005538738097203958,0.014856566077213399,24,24
2,independent_arena,known_minus_prior,utility_absolute_error,-2.6203046571507556,-3.5708443312614264,-1.746997224714942,24,24
2,independent_arena,known_minus_prior,budget_absolute_error,-0.6184537195541883,-0.8526136176523382,-0.3985514446184127,24,24
2,independent_arena,known_minus_prior,menu_forecast_mae,-2.62832736372614,-3.58543637894373,-1.742554322006019,24,24
2,independent_arena,learned_minus_known,utility,-0.004050038230004531,-0.0119036368736077,0.002506055064017243,24,24
2,independent_arena,learned_minus_known,consumption_per_member,0.0,0.0,0.0,24,24
2,independent_arena,learned_minus_known,focal_welfare,0.0,0.0,0.0,24,24
2,independent_arena,learned_minus_known,terminal_wealth_per_member,-0.02025019115002343,-0.059518184368038574,0.012530275320084846,24,24
2,independent_arena,learned_minus_known,regret,0.004050038230004531,-0.002506055064017243,0.0119036368736077,24,24
2,independent_arena,learned_minus_known,shortfall_per_member,0.0,0.0,0.0,24,24
2,independent_arena,learned_minus_known,investment,-0.5299116394630096,-1.0598232789260191,-0.09467708182238203,24,24
2,independent_arena,learned_minus_known,external_harm,0.0,0.0,0.0,24,24
2,independent_arena,learned_minus_known,other_society_welfare,0.0,0.0,0.0,24,24
2,independent_arena,learned_minus_known,other_society_utility,-0.0018071925774593527,-0.0036960804531047664,-0.00029646471750810477,24,24
2,independent_arena,learned_minus_known,utility_absolute_error,0.1084389657092717,0.04501499733403285,0.18526427486356511,24,24
2,independent_arena,learned_minus_known,budget_absolute_error,-0.004267905843264345,-0.020874312373154923,0.01063858936070883,24,24
2,independent_arena,learned_minus_known,menu_forecast_mae,0.11011314271614514,0.04364870796164485,0.19209362371156719,24,24
