arena_id,contrast,crps_difference,decomposition_residual,experiment_investment_difference,focal,frozen_total_utility_difference,status,total_utility_difference,update_value_difference
experiment-development-000,active_minus_random,0.0,0.0,0.0,0,0.0,ok,0.0,0.0
experiment-development-000,active_minus_fixed,-0.07517153548485167,0.0,0.0,0,0.004254494948430221,ok,-0.0004747291125539732,-0.004729224060984194
experiment-development-000,active_minus_redistribute,-0.3363529467437696,0.0,1.5029174667435394,0,-0.2783128293019743,ok,-0.17955098667225755,0.09876184262971677
experiment-development-000,active_minus_random,-0.22620191491304703,0.0,0.0,1,0.010388861998272603,ok,0.010388861998272603,0.0
experiment-development-000,active_minus_fixed,-0.09246085407080479,0.0,0.0,1,0.005194430999136301,ok,0.005194430999136301,0.0
experiment-development-000,active_minus_redistribute,-0.015575775341045928,0.0,1.5692475268951283,1,-0.20347719470352388,ok,-0.20347719470352388,0.0
experiment-development-000,active_minus_random,-0.00031853519667310315,0.0,0.0,2,0.00433362524254477,ok,0.00433362524254477,0.0
experiment-development-000,active_minus_fixed,-0.00031853519667310315,0.0,0.0,2,0.00433362524254477,ok,0.00433362524254477,0.0
experiment-development-000,active_minus_redistribute,-0.007171079569983502,0.0,1.5666885535247994,2,-0.23949054820854343,ok,-0.23949054820854343,0.0
experiment-development-001,active_minus_random,0.08468462402114207,0.0,0.0,0,0.0045859060104120886,ok,0.00013217279008514993,-0.004453733220326939
experiment-development-001,active_minus_fixed,0.016335333958511944,0.0,0.0,0,0.0003882101023364726,ok,0.017315465057592405,0.016927254955255933
experiment-development-001,active_minus_redistribute,0.09133265579351602,0.0,1.670649168424967,0,0.21500506159809518,ok,0.25501592012187757,0.04001085852378239
experiment-development-001,active_minus_random,0.0,0.0,0.0,1,0.0,ok,0.0,0.0
experiment-development-001,active_minus_fixed,-0.001537225923003871,0.0,0.0,1,0.023530224795500487,ok,0.023530224795500487,0.0
experiment-development-001,active_minus_redistribute,-0.004467028015242819,0.0,2.1811844970090997,1,0.20332585399403413,ok,0.20332585399403413,0.0
experiment-development-001,active_minus_random,-0.04790277629982753,0.0,0.0,2,0.0059740610418757,ok,0.0059740610418757,0.0
experiment-development-001,active_minus_fixed,-0.04790277629982753,0.0,0.0,2,0.0059740610418757,ok,0.0059740610418757,0.0
experiment-development-001,active_minus_redistribute,0.17873292487393666,0.0,1.4282716475043282,2,0.20081148195458098,ok,0.20081148195458098,0.0
experiment-development-002,active_minus_random,-0.058185565576076737,0.0,0.0,0,0.0009228320012653057,ok,0.0009228320012653057,0.0
experiment-development-002,active_minus_fixed,-0.03491659963315946,0.0,0.0,0,0.00046141600063265287,ok,0.00046141600063265287,0.0
experiment-development-002,active_minus_redistribute,-0.05726675143957316,0.0,2.931447539470274,0,-0.2086241420405912,ok,-0.2086241420405912,0.0
experiment-development-002,active_minus_random,0.0,0.0,0.0,1,0.0,ok,0.0,0.0
experiment-development-002,active_minus_fixed,-0.02808499183547508,0.0,0.0,1,-0.0013525970204639748,ok,0.09852265711099051,0.09987525413145448
experiment-development-002,active_minus_redistribute,0.010971147770382439,0.0,2.8549394724807224,1,-0.08576121652654223,ok,-0.08576121652654223,0.0
experiment-development-002,active_minus_random,0.0,0.0,0.0,2,0.0,ok,0.0,0.0
experiment-development-002,active_minus_fixed,-0.019532505805221922,0.0,0.0,2,0.0015555820166923695,ok,0.0015555820166923695,0.0
experiment-development-002,active_minus_redistribute,-0.13555285194535088,0.0,3.283381846142843,2,-0.09552028653172329,ok,-0.09552028653172329,0.0
experiment-development-003,active_minus_random,-0.00394559236851344,0.0,0.0,0,0.005276877238173938,ok,0.005276877238173938,0.0
experiment-development-003,active_minus_fixed,-0.00394559236851344,0.0,0.0,0,0.005276877238173938,ok,0.005276877238173938,0.0
experiment-development-003,active_minus_redistribute,0.1847602789848527,0.0,2.8876180341892166,0,0.08849098594151172,ok,0.08849098594151172,0.0
experiment-development-003,active_minus_random,0.011766498364777223,0.0,0.0,1,0.005556219394051709,ok,0.005556219394051709,0.0
experiment-development-003,active_minus_fixed,0.011766498364777223,0.0,0.0,1,0.005556219394051709,ok,0.005556219394051709,0.0
experiment-development-003,active_minus_redistribute,-0.04703435833138325,0.0,3.167861237788242,1,0.0997037271702439,ok,0.0997037271702439,0.0
experiment-development-003,active_minus_random,-0.0035075604285152995,0.0,0.0,2,0.006338683112609544,ok,0.006338683112609544,0.0
experiment-development-003,active_minus_fixed,-0.0035075604285152995,0.0,0.0,2,0.006338683112609544,ok,0.006338683112609544,0.0
experiment-development-003,active_minus_redistribute,-0.004526429733884785,0.0,3.613980497695708,2,0.11374466824577212,ok,0.11374466824577212,0.0
experiment-development-004,active_minus_random,-0.004664857793623356,0.0,0.0,0,0.004179983471750859,ok,0.004179983471750859,0.0
experiment-development-004,active_minus_fixed,-0.002470637503183881,0.0,0.0,0,0.002089991735878982,ok,0.002089991735878982,0.0
experiment-development-004,active_minus_redistribute,-0.015192987670238467,0.0,4.411365553536112,0,-0.12833563728353425,ok,-0.12833563728353425,0.0
experiment-development-004,active_minus_random,-0.006693225989046758,0.0,0.0,1,0.0020654881761714705,ok,0.0020654881761714705,0.0
experiment-development-004,active_minus_fixed,-0.006693225989046758,0.0,0.0,1,0.0020654881761714705,ok,0.0020654881761714705,0.0
experiment-development-004,active_minus_redistribute,-0.009638201893801601,0.0,4.359645655624945,1,-0.1268309997788677,ok,-0.1268309997788677,0.0
experiment-development-004,active_minus_random,0.0,0.0,0.0,2,0.0,ok,0.0,0.0
experiment-development-004,active_minus_fixed,-0.1363778854870713,0.0,0.0,2,0.002107556579673542,ok,0.1464277162109653,0.14432015963129174
experiment-development-004,active_minus_redistribute,-0.11614092087839323,0.0,4.448439837402314,2,-0.12941420395163306,ok,-0.12941420395163306,0.0
experiment-development-005,active_minus_random,0.0,0.0,0.0,0,0.0,ok,0.0,0.0
experiment-development-005,active_minus_fixed,-0.003437061451202872,0.0,0.0,0,0.009191021233831975,ok,0.009191021233831975,0.0
experiment-development-005,active_minus_redistribute,-0.0082902695884845,0.0,5.240232222195112,0,0.16492852576941885,ok,0.16492852576941885,0.0
experiment-development-005,active_minus_random,0.04980446659369342,0.0,0.0,1,0.008305686165925863,ok,-0.10028922249706085,-0.10859490866298671
experiment-development-005,active_minus_fixed,0.04980446659369342,0.0,0.0,1,0.008305686165925863,ok,-0.10028922249706085,-0.10859490866298671
experiment-development-005,active_minus_redistribute,-0.09058471107586386,0.0,4.545045881594508,1,0.1392828228836933,ok,0.1392828228836933,0.0
experiment-development-005,active_minus_random,0.0,0.0,0.0,2,0.0,ok,0.0,0.0
experiment-development-005,active_minus_fixed,-0.047200501192276034,0.0,0.0,2,0.008060604744095201,ok,0.12301083340700814,0.11495022866291293
experiment-development-005,active_minus_redistribute,-0.0906744976232029,0.0,4.410932181091215,2,0.1351729117232452,ok,0.2501231403861581,0.11495022866291293
