id,control,capacity,stubborn_count,seed,arm,horizon,need,individuals,political_cost,forfeited,institution_activations,institution_free_ticks,population_n,population_consumption_per_tick,population_late_consumption_per_tick,population_consumption_need_fraction,population_late_consumption_need_fraction,population_shortfall_per_tick,population_shortfall_gini,population_shortfall_per_tick_p90,population_shortfall_per_tick_max,population_message_cost,population_ever_members,population_terminal_members,population_entry_count,population_exit_count,population_actual_violations,population_observed_violations,eligible_n,eligible_consumption_per_tick,eligible_late_consumption_per_tick,eligible_consumption_need_fraction,eligible_late_consumption_need_fraction,eligible_shortfall_per_tick,eligible_shortfall_gini,eligible_shortfall_per_tick_p90,eligible_shortfall_per_tick_max,eligible_message_cost,eligible_ever_members,eligible_terminal_members,eligible_entry_count,eligible_exit_count,eligible_actual_violations,eligible_observed_violations,stubborn_n,stubborn_consumption_per_tick,stubborn_late_consumption_per_tick,stubborn_consumption_need_fraction,stubborn_late_consumption_need_fraction,stubborn_shortfall_per_tick,stubborn_shortfall_gini,stubborn_shortfall_per_tick_p90,stubborn_shortfall_per_tick_max,stubborn_message_cost,stubborn_ever_members,stubborn_terminal_members,stubborn_entry_count,stubborn_exit_count,stubborn_actual_violations,stubborn_observed_violations,terminal_active_bond,terminal_active_institutions,terminal_book_wealth,terminal_cache,terminal_custody_total,terminal_depleted_patch_fraction,terminal_inventory,terminal_mature_claim,terminal_pooled_treasury,terminal_released_claim,terminal_stock,terminal_stock_fraction,propose_success,endorse_success,refuse_success,join_success,exit_success,monitor_success,monitor_failure,sanction_success,sanction_failure,pay_success
fixed_floor-cap8-k00-s93001-charter_enforced,fixed_floor,8.0,0,93001,charter_enforced,256,1.2,24,58.65,0.0,8,2,24,1.19346082486255,1.1862931485373023,0.9945506873854584,0.9885776237810853,0.006539175137449894,0.6140378627630365,0.017340372723254505,0.03381786529296985,0.0,19,19,19,0,73,0,24,1.19346082486255,1.1862931485373023,0.9945506873854584,0.9885776237810853,0.006539175137449894,0.6140378627630365,0.017340372723254505,0.03381786529296985,0.0,19,19,19,0,73,0,0,,,,,,,,,0.0,0,0,0,0,0,0,19.0,8,81.370000192,0.0,21.950000000000003,0.0,59.420000192,0.0,2.950000000000001,0.0,468.09863311399624,0.7314041142406191,39,16,0,3,0,1095,0,0,0,577
fixed_floor-cap8-k00-s93001-charter_unmonitored,fixed_floor,8.0,0,93001,charter_unmonitored,256,1.2,24,4.4,0.0,8,2,24,1.1966285262553547,1.1932849383547524,0.997190438546129,0.9944041152956269,0.0033714737446452606,0.5308795450528119,0.008035940633109024,0.010471565694683865,0.0,16,16,16,0,54,0,24,1.1966285262553547,1.1932849383547524,0.997190438546129,0.9944041152956269,0.0033714737446452606,0.5308795450528119,0.008035940633109024,0.010471565694683865,0.0,16,16,16,0,54,0,0,,,,,,,,,0.0,0,0,0,0,0,0,16.0,8,68.32000019200001,0.0,16.0,0.0,52.320000192,0.0,0.0,0.0,481.9048989101047,0.7529764045470386,44,16,0,0,0,0,0,0,0,0
fixed_floor-cap8-k00-s93001-decentralized,fixed_floor,8.0,0,93001,decentralized,256,1.2,24,0.0,0.0,0,256,24,1.1968613695380932,1.194296875,0.9973844746150778,0.9952473958333333,0.0031386304619066495,0.5068384996411853,0.006562791625370177,0.009687500000000002,0.0,0,0,0,0,0,0,24,1.1968613695380932,1.194296875,0.9973844746150778,0.9952473958333333,0.0031386304619066495,0.5068384996411853,0.006562791625370177,0.009687500000000002,0.0,0,0,0,0,0,0,0,,,,,,,,,0.0,0,0,0,0,0,0,0.0,0,54.680000192,0.0,0.0,0.0,54.680000192,0.0,0.0,0.0,469.110000260926,0.7329843754076968,0,0,0,0,0,0,0,0,0,0
fixed_floor-cap8-k00-s93001-frozen,fixed_floor,8.0,0,93001,frozen,256,1.2,24,0.0,0.0,0,256,24,1.1968613695380932,1.194296875,0.9973844746150778,0.9952473958333333,0.0031386304619066495,0.5068384996411853,0.006562791625370177,0.009687500000000002,0.0,0,0,0,0,0,0,24,1.1968613695380932,1.194296875,0.9973844746150778,0.9952473958333333,0.0031386304619066495,0.5068384996411853,0.006562791625370177,0.009687500000000002,0.0,0,0,0,0,0,0,0,,,,,,,,,0.0,0,0,0,0,0,0,0.0,0,54.680000192,0.0,0.0,0.0,54.680000192,0.0,0.0,0.0,469.110000260926,0.7329843754076968,0,0,0,0,0,0,0,0,0,0
fixed_floor-cap8-k00-s93002-charter_enforced,fixed_floor,8.0,0,93002,charter_enforced,256,1.2,24,34.95,0.0,8,2,24,1.1982504846988367,1.1976090627672458,0.9985420705823639,0.9980075523060382,0.0017495153011633869,0.724636662940605,0.0054296875000000005,0.011838713720241284,0.0,17,17,17,0,51,1,24,1.1982504846988367,1.1976090627672458,0.9985420705823639,0.9980075523060382,0.0017495153011633869,0.724636662940605,0.0054296875000000005,0.011838713720241284,0.0,17,17,17,0,51,1,0,,,,,,,,,0.0,0,0,0,0,0,0,17.0,8,79.270000192,0.0,19.75,0.0,59.520000192000005,0.0,2.750000000000001,0.0,472.70603139454334,0.738603174053974,62,16,0,1,0,575,0,0,0,315
fixed_floor-cap8-k00-s93002-charter_unmonitored,fixed_floor,8.0,0,93002,charter_unmonitored,256,1.2,24,5.0,0.0,8,2,24,1.1985976839081656,1.1955886522993293,0.9988314032568048,0.9963238769161079,0.001402316091834301,0.8923078047230447,0.0005781250000000006,0.020583801766306104,0.0,18,18,18,0,46,0,24,1.1985976839081656,1.1955886522993293,0.9988314032568048,0.9963238769161079,0.001402316091834301,0.8923078047230447,0.0005781250000000006,0.020583801766306104,0.0,18,18,18,0,46,0,0,,,,,,,,,0.0,0,0,0,0,0,0,18.0,8,77.520000192,0.0,18.0,0.0,59.520000192000005,0.0,0.0,0.0,469.44341870554024,0.7335053417274067,50,16,0,2,0,0,0,0,0,0
fixed_floor-cap8-k00-s93002-decentralized,fixed_floor,8.0,0,93002,decentralized,256,1.2,24,0.0,0.0,0,256,24,1.1996940104166667,1.1990885416666666,0.9997450086805556,0.9992404513888888,0.0003059895833333348,0.8289007092198573,0.0003125000000000055,0.004843750000000003,0.0,0,0,0,0,0,0,24,1.1996940104166667,1.1990885416666666,0.9997450086805556,0.9992404513888888,0.0003059895833333348,0.8289007092198573,0.0003125000000000055,0.004843750000000003,0.0,0,0,0,0,0,0,0,,,,,,,,,0.0,0,0,0,0,0,0,0.0,0,59.520000192000005,0.0,0.0,0.0,59.520000192000005,0.0,0.0,0.0,477.21439012055157,0.7456474845633618,0,0,0,0,0,0,0,0,0,0
fixed_floor-cap8-k00-s93002-frozen,fixed_floor,8.0,0,93002,frozen,256,1.2,24,0.0,0.0,0,256,24,1.1996940104166667,1.1990885416666666,0.9997450086805556,0.9992404513888888,0.0003059895833333348,0.8289007092198573,0.0003125000000000055,0.004843750000000003,0.0,0,0,0,0,0,0,24,1.1996940104166667,1.1990885416666666,0.9997450086805556,0.9992404513888888,0.0003059895833333348,0.8289007092198573,0.0003125000000000055,0.004843750000000003,0.0,0,0,0,0,0,0,0,,,,,,,,,0.0,0,0,0,0,0,0,0.0,0,59.520000192000005,0.0,0.0,0.0,59.520000192000005,0.0,0.0,0.0,477.21439012055157,0.7456474845633618,0,0,0,0,0,0,0,0,0,0
fixed_floor-cap8-k00-s93003-charter_enforced,fixed_floor,8.0,0,93003,charter_enforced,256,1.2,24,55.050000000000004,0.0,8,2,24,1.1952026908807114,1.1893257409288993,0.9960022424005928,0.9911047841074162,0.004797309119288611,0.6689707353833845,0.013445455917866358,0.027865413260069843,0.0,18,18,18,0,68,2,24,1.1952026908807114,1.1893257409288993,0.9960022424005928,0.9911047841074162,0.004797309119288611,0.6689707353833845,0.013445455917866358,0.027865413260069843,0.0,18,18,18,0,68,2,0,,,,,,,,,0.0,0,0,0,0,0,0,18.0,8,79.90758671602744,0.0,20.650000000000002,0.0,59.25758671602744,0.0,2.6500000000000017,0.0,463.2076478109663,0.7237619497046348,41,16,1,2,0,1019,0,0,0,536
fixed_floor-cap8-k00-s93003-charter_unmonitored,fixed_floor,8.0,0,93003,charter_unmonitored,256,1.2,24,2.3,0.0,8,2,24,1.1994401041666667,1.1988802083333332,0.9995334201388889,0.9990668402777778,0.0005598958333333341,0.8129844961240306,0.0006250000000000006,0.005156250000000001,0.0,16,16,16,0,51,0,24,1.1994401041666667,1.1988802083333332,0.9995334201388889,0.9990668402777778,0.0005598958333333341,0.8129844961240306,0.0006250000000000006,0.005156250000000001,0.0,16,16,16,0,51,0,0,,,,,,,,,0.0,0,0,0,0,0,0,16.0,8,75.520000192,0.0,16.0,0.0,59.520000192000005,0.0,0.0,0.0,472.88711801473625,0.7388861218980254,23,16,0,0,0,0,0,0,0,0
fixed_floor-cap8-k00-s93003-decentralized,fixed_floor,8.0,0,93003,decentralized,256,1.2,24,0.0,0.0,0,256,24,1.1994401041666667,1.1988802083333332,0.9995334201388889,0.9990668402777778,0.0005598958333333342,0.8129844961240305,0.0006250000000000006,0.005156250000000001,0.0,0,0,0,0,0,0,24,1.1994401041666667,1.1988802083333332,0.9995334201388889,0.9990668402777778,0.0005598958333333342,0.8129844961240305,0.0006250000000000006,0.005156250000000001,0.0,0,0,0,0,0,0,0,,,,,,,,,0.0,0,0,0,0,0,0,0.0,0,59.520000192000005,0.0,0.0,0.0,59.520000192000005,0.0,0.0,0.0,473.6027289242233,0.7400042639440989,0,0,0,0,0,0,0,0,0,0
fixed_floor-cap8-k00-s93003-frozen,fixed_floor,8.0,0,93003,frozen,256,1.2,24,0.0,0.0,0,256,24,1.1994401041666667,1.1988802083333332,0.9995334201388889,0.9990668402777778,0.0005598958333333342,0.8129844961240305,0.0006250000000000006,0.005156250000000001,0.0,0,0,0,0,0,0,24,1.1994401041666667,1.1988802083333332,0.9995334201388889,0.9990668402777778,0.0005598958333333342,0.8129844961240305,0.0006250000000000006,0.005156250000000001,0.0,0,0,0,0,0,0,0,,,,,,,,,0.0,0,0,0,0,0,0,0.0,0,59.520000192000005,0.0,0.0,0.0,59.520000192000005,0.0,0.0,0.0,473.6027289242233,0.7400042639440989,0,0,0,0,0,0,0,0,0,0
fixed_floor-cap8-k00-s93004-charter_enforced,fixed_floor,8.0,0,93004,charter_enforced,256,1.2,24,57.199999999999996,0.0,8,2,24,1.194565014636711,1.1861493768690443,0.9954708455305926,0.9884578140575369,0.005434985363288894,0.6095778560040597,0.01409960031943539,0.022342013107742857,0.0,17,17,17,0,69,0,24,1.194565014636711,1.1861493768690443,0.9954708455305926,0.9884578140575369,0.005434985363288894,0.6095778560040597,0.01409960031943539,0.022342013107742857,0.0,17,17,17,0,69,0,0,,,,,,,,,0.0,0,0,0,0,0,0,17.0,8,78.24463362525515,0.0,19.700000000000003,0.0,58.544633625255145,0.0,2.700000000000001,0.0,472.7842305756694,0.7387253602744834,71,16,0,1,0,1002,0,0,0,528
fixed_floor-cap8-k00-s93004-charter_unmonitored,fixed_floor,8.0,0,93004,charter_unmonitored,256,1.2,24,6.9,0.0,8,2,24,1.1970541004289237,1.1974479166666665,0.9975450836907698,0.9978732638888889,0.00294589957107627,0.602528121282155,0.00844423779408132,0.010000000000000004,0.0,17,17,17,0,54,0,24,1.1970541004289237,1.1974479166666665,0.9975450836907698,0.9978732638888889,0.00294589957107627,0.602528121282155,0.00844423779408132,0.010000000000000004,0.0,17,17,17,0,54,0,0,,,,,,,,,0.0,0,0,0,0,0,0,17.0,8,76.520000192,0.0,17.0,0.0,59.520000192000005,0.0,0.0,0.0,465.9563034420316,0.7280567241281743,69,16,0,1,0,0,0,0,0,0
fixed_floor-cap8-k00-s93004-decentralized,fixed_floor,8.0,0,93004,decentralized,256,1.2,24,0.0,0.0,0,256,24,1.1974697894518247,1.19828125,0.997891491209854,0.9985677083333333,0.002530210548175295,0.6713754998362371,0.008351287209344933,0.01,0.0,0,0,0,0,0,0,24,1.1974697894518247,1.19828125,0.997891491209854,0.9985677083333333,0.002530210548175295,0.6713754998362371,0.008351287209344933,0.01,0.0,0,0,0,0,0,0,0,,,,,,,,,0.0,0,0,0,0,0,0,0.0,0,59.520000192000005,0.0,0.0,0.0,59.520000192000005,0.0,0.0,0.0,473.9733508460663,0.7405833606969786,0,0,0,0,0,0,0,0,0,0
fixed_floor-cap8-k00-s93004-frozen,fixed_floor,8.0,0,93004,frozen,256,1.2,24,0.0,0.0,0,256,24,1.1974697894518247,1.19828125,0.997891491209854,0.9985677083333333,0.002530210548175295,0.6713754998362371,0.008351287209344933,0.01,0.0,0,0,0,0,0,0,24,1.1974697894518247,1.19828125,0.997891491209854,0.9985677083333333,0.002530210548175295,0.6713754998362371,0.008351287209344933,0.01,0.0,0,0,0,0,0,0,0,,,,,,,,,0.0,0,0,0,0,0,0,0.0,0,59.520000192000005,0.0,0.0,0.0,59.520000192000005,0.0,0.0,0.0,473.9733508460663,0.7405833606969786,0,0,0,0,0,0,0,0,0,0
fixed_floor-cap8-k06-s93001-charter_enforced,fixed_floor,8.0,6,93001,charter_enforced,256,1.2,24,22.500000000000004,0.0,5,2,24,1.1875732970592079,1.1657274386682774,0.9896444142160066,0.9714395322235646,0.012426702940792041,0.7284794406555484,0.038154725483129384,0.06469058774547043,0.0,13,13,13,0,56,0,18,1.1834310627456106,1.1543032515577034,0.9861925522880088,0.9619193762980862,0.016568937254389387,0.6379725875407313,0.04454509178966471,0.06469058774547043,0.0,13,13,13,0,56,0,6,1.2,1.2,1.0,1.0,0.0,0.0,0.0,0.0,0.0,0,0,0,0,0,0,13.0,5,100.54000014399999,0.0,15.1,0.0,85.440000144,0.0,2.1,0.0,468.46535451520106,0.7319771164300016,50,10,4,3,0,350,0,0,0,196
fixed_floor-cap8-k06-s93001-charter_unmonitored,fixed_floor,8.0,6,93001,charter_unmonitored,256,1.2,24,6.4,0.0,7,2,24,1.1931006897177312,1.181015625,0.9942505747647761,0.9841796875,0.006899310282268711,0.848162969310402,0.013078937576616472,0.06136549006811839,0.0,14,14,14,0,40,0,18,1.1908009196236418,1.1746874999999999,0.9923340996863681,0.97890625,0.009199080376358281,0.7975506257472027,0.029076498382188842,0.06136549006811839,0.0,14,14,14,0,40,0,6,1.2,1.2,1.0,1.0,0.0,0.0,0.0,0.0,0.0,0,0,0,0,0,0,14.0,7,93.300000144,0.0,14.0,0.0625,79.300000144,0.0,0.0,0.0,441.6321075551732,0.6900501680549581,64,14,5,0,0,0,0,0,0,0
fixed_floor-cap8-k06-s93001-decentralized,fixed_floor,8.0,6,93001,decentralized,256,1.2,24,0.0,0.0,0,256,24,1.1930142377303536,1.181015625,0.9941785314419614,0.9841796875,0.006985762269646243,0.8541295096239591,0.019545021663896725,0.05962132089837474,0.0,0,0,0,0,0,0,18,1.1906856503071384,1.1746874999999999,0.9922380419226153,0.97890625,0.009314349692861658,0.8055060128319453,0.035019331718546,0.05962132089837474,0.0,0,0,0,0,0,0,6,1.2,1.2,1.0,1.0,0.0,0.0,0.0,0.0,0.0,0,0,0,0,0,0,0.0,0,75.720000144,0.0,0.0,0.0625,75.720000144,0.0,0.0,0.0,446.0858344754857,0.6970091163679464,0,0,0,0,0,0,0,0,0,0
fixed_floor-cap8-k06-s93001-frozen,fixed_floor,8.0,6,93001,frozen,256,1.2,24,0.0,0.0,0,256,24,1.1930142377303536,1.181015625,0.9941785314419614,0.9841796875,0.006985762269646243,0.8541295096239591,0.019545021663896725,0.05962132089837474,0.0,0,0,0,0,0,0,18,1.1906856503071384,1.1746874999999999,0.9922380419226153,0.97890625,0.009314349692861658,0.8055060128319453,0.035019331718546,0.05962132089837474,0.0,0,0,0,0,0,0,6,1.2,1.2,1.0,1.0,0.0,0.0,0.0,0.0,0.0,0,0,0,0,0,0,0.0,0,75.720000144,0.0,0.0,0.0625,75.720000144,0.0,0.0,0.0,446.0858344754857,0.6970091163679464,0,0,0,0,0,0,0,0,0,0
fixed_floor-cap8-k06-s93002-charter_enforced,fixed_floor,8.0,6,93002,charter_enforced,256,1.2,24,35.45,0.0,7,2,24,1.1973708290342362,1.1949754025658765,0.9978090241951968,0.9958128354715639,0.00262917096576382,0.6473627933406757,0.006299258677356469,0.01185419318791957,0.0,16,16,16,0,54,1,18,1.1965972054255913,1.193300536754502,0.9971643378546595,0.9944171139620851,0.0034027945744086385,0.5539734890263612,0.007478243411644372,0.01185419318791957,0.0,16,16,16,0,54,1,6,1.1996916998601705,1.2,0.9997430832168088,1.0,0.0003083001398293652,0.8333333333333333,0.0009249004194880957,0.0018498008389761914,0.0,0,0,0,0,0,0,16.0,7,103.890000144,0.0,18.45,0.0,85.440000144,0.0,2.450000000000001,0.0,483.0328734164554,0.7547388647132116,35,14,2,2,0,639,0,0,0,344
fixed_floor-cap8-k06-s93002-charter_unmonitored,fixed_floor,8.0,6,93002,charter_unmonitored,256,1.2,24,2.8000000000000003,0.0,7,2,24,1.1972741836918213,1.192528483461499,0.9977284864098511,0.993773736217916,0.002725816308178709,0.7263276654389771,0.008124063373388668,0.017972814198637086,0.0,15,15,15,0,67,0,18,1.196468344969038,1.1900379779486656,0.9970569541408651,0.9916983149572214,0.0035316550309618237,0.6582049989525022,0.0086734908635874,0.017972814198637086,0.0,15,15,15,0,67,0,6,1.1996916998601705,1.2,0.9997430832168088,1.0,0.0003083001398293652,0.8333333333333333,0.0009249004194880957,0.0018498008389761914,0.0,0,0,0,0,0,0,15.0,7,100.440000144,0.0,15.0,0.0,85.440000144,0.0,0.0,0.0,478.4531702038212,0.7475830784434706,28,14,2,1,0,0,0,0,0,0
fixed_floor-cap8-k06-s93002-decentralized,fixed_floor,8.0,6,93002,decentralized,256,1.2,24,0.0,0.0,0,256,24,1.1975880062034252,1.1940315458316062,0.9979900051695211,0.9950262881930052,0.002411993796574683,0.7286060496185137,0.006678640827297328,0.017920167655453376,0.0,0,0,0,0,0,0,18,1.1968867749845102,1.1920420611088083,0.9974056458204252,0.9933683842573402,0.0031132250154897886,0.6634035472289413,0.006957420786923355,0.017920167655453376,0.0,0,0,0,0,0,0,6,1.1996916998601705,1.2,0.9997430832168088,1.0,0.0003083001398293652,0.8333333333333333,0.0009249004194880957,0.0018498008389761914,0.0,0,0,0,0,0,0,0.0,0,84.220000144,0.0,0.0,0.0,84.220000144,0.0,0.0,0.0,474.90342663186743,0.7420366041122929,0,0,0,0,0,0,0,0,0,0
fixed_floor-cap8-k06-s93002-frozen,fixed_floor,8.0,6,93002,frozen,256,1.2,24,0.0,0.0,0,256,24,1.1975880062034252,1.1940315458316062,0.9979900051695211,0.9950262881930052,0.002411993796574683,0.7286060496185137,0.006678640827297328,0.017920167655453376,0.0,0,0,0,0,0,0,18,1.1968867749845102,1.1920420611088083,0.9974056458204252,0.9933683842573402,0.0031132250154897886,0.6634035472289413,0.006957420786923355,0.017920167655453376,0.0,0,0,0,0,0,0,6,1.1996916998601705,1.2,0.9997430832168088,1.0,0.0003083001398293652,0.8333333333333333,0.0009249004194880957,0.0018498008389761914,0.0,0,0,0,0,0,0,0.0,0,84.220000144,0.0,0.0,0.0,84.220000144,0.0,0.0,0.0,474.90342663186743,0.7420366041122929,0,0,0,0,0,0,0,0,0,0
fixed_floor-cap8-k06-s93003-charter_enforced,fixed_floor,8.0,6,93003,charter_enforced,256,1.2,24,26.400000000000002,0.0,6,2,24,1.1668088069447604,1.0758247678581572,0.9723406724539669,0.8965206398817978,0.03319119305523963,0.7306065628271122,0.07929703022076338,0.18971900208248624,0.0,16,16,16,0,52,2,18,1.1763133201872722,1.1167060008545768,0.9802611001560602,0.9305883340454807,0.023686679812727745,0.6464114363216931,0.07627121071432842,0.080588092754886,0.0,16,16,16,0,52,2,6,1.1382952672172246,0.9531810688688989,0.9485793893476873,0.794317557390749,0.06170473278277529,0.6708125792756099,0.18511419834832588,0.18971900208248624,0.0,0,0,0,0,0,0,16.0,6,89.120000144,0.0,18.4,0.125,70.720000144,0.0,2.400000000000001,0.0,412.50332652047206,0.6445364476882376,34,12,0,4,0,460,0,0,0,254
fixed_floor-cap8-k06-s93003-charter_unmonitored,fixed_floor,8.0,6,93003,charter_unmonitored,256,1.2,24,2.9,0.0,6,2,24,1.1802795247281113,1.1238003905791116,0.9835662706067594,0.9365003254825931,0.019720475271888725,0.8594072969741327,0.02739348931458697,0.19264747169715515,0.0,15,15,15,0,53,0,18,1.194599662744481,1.1819750398668134,0.9954997189537342,0.9849791998890112,0.005400337255518879,0.7341236644960466,0.015916707332201574,0.030024010087196226,0.0,15,15,15,0,53,0,6,1.1373191106790017,0.949276442716007,0.9477659255658348,0.7910637022633391,0.06268088932099826,0.6707480131894556,0.18804266796299476,0.19264747169715515,0.0,0,0,0,0,0,0,15.0,6,76.10000016,0.0,15.0,0.125,61.10000016,0.0,0.0,0.0,404.48427145970527,0.6320066741557895,29,12,0,3,0,0,0,0,0,0
fixed_floor-cap8-k06-s93003-decentralized,fixed_floor,8.0,6,93003,decentralized,256,1.2,24,0.0,0.0,0,256,24,1.1800177015957785,1.1211385147164474,0.9833480846631488,0.9342820955970396,0.019982298404221444,0.8987029471063603,0.008414359794662167,0.2285455349270474,0.0,0,0,0,0,0,0,18,1.1982392389269143,1.1943805668187686,0.998532699105762,0.9953171390156406,0.0017607610730855884,0.7325421819867909,0.005242484794662172,0.009687499999999998,0.0,0,0,0,0,0,0,6,1.125353089602371,0.9014123584094839,0.9377942413353091,0.7511769653412366,0.07464691039762901,0.6700937667075506,0.22394073119288704,0.2285455349270474,0.0,0,0,0,0,0,0,0.0,0,71.96000015999999,0.0,0.0,0.125,71.96000015999999,0.0,0.0,0.0,397.13535403284004,0.6205239906763126,0,0,0,0,0,0,0,0,0,0
fixed_floor-cap8-k06-s93003-frozen,fixed_floor,8.0,6,93003,frozen,256,1.2,24,0.0,0.0,0,256,24,1.1800177015957785,1.1211385147164474,0.9833480846631488,0.9342820955970396,0.019982298404221444,0.8987029471063603,0.008414359794662167,0.2285455349270474,0.0,0,0,0,0,0,0,18,1.1982392389269143,1.1943805668187686,0.998532699105762,0.9953171390156406,0.0017607610730855884,0.7325421819867909,0.005242484794662172,0.009687499999999998,0.0,0,0,0,0,0,0,6,1.125353089602371,0.9014123584094839,0.9377942413353091,0.7511769653412366,0.07464691039762901,0.6700937667075506,0.22394073119288704,0.2285455349270474,0.0,0,0,0,0,0,0,0.0,0,71.96000015999999,0.0,0.0,0.125,71.96000015999999,0.0,0.0,0.0,397.13535403284004,0.6205239906763126,0,0,0,0,0,0,0,0,0,0
fixed_floor-cap8-k06-s93004-charter_enforced,fixed_floor,8.0,6,93004,charter_enforced,256,1.2,24,41.65,0.0,7,2,24,1.1953151207564228,1.1878850161134482,0.9960959339636856,0.9899041800945402,0.004684879243577289,0.7154113942112043,0.016048806379521503,0.028046257468284094,0.0,15,15,15,0,65,1,18,1.193849425584232,1.1842304131206047,0.9948745213201934,0.9868586776005039,0.006150574415767939,0.6345867365199921,0.016835753673417147,0.028046257468284094,0.0,15,15,15,0,65,1,6,1.1997122062729946,1.1988488250919787,0.9997601718941622,0.9990406875766489,0.0002877937270053397,0.8333333333333333,0.0008633811810160191,0.0017267623620320382,0.0,0,0,0,0,0,0,15.0,7,97.99000014399999,0.0,17.35,0.0,80.640000144,0.0,2.3500000000000014,0.0,463.2002386478553,0.723750372887274,31,14,0,1,0,771,0,0,0,409
fixed_floor-cap8-k06-s93004-charter_unmonitored,fixed_floor,8.0,6,93004,charter_unmonitored,256,1.2,24,2.9,0.0,7,2,24,1.1979165653554695,1.198267715686787,0.9982638044628913,0.9985564297389891,0.002083434644530441,0.7305775534654175,0.0068462478791719485,0.010156250000000002,0.0,16,16,16,0,44,0,18,1.197318018382961,1.198074012551723,0.9977650153191343,0.9983950104597692,0.002681981617038808,0.662043670745234,0.008346247879171952,0.010156250000000002,0.0,16,16,16,0,44,0,6,1.1997122062729946,1.1988488250919787,0.9997601718941622,0.9990406875766489,0.0002877937270053397,0.8333333333333333,0.0008633811810160191,0.0017267623620320382,0.0,0,0,0,0,0,0,16.0,7,101.440000144,0.0,16.0,0.0,85.440000144,0.0,0.0,0.0,464.50742849786826,0.7257928570279192,29,14,0,2,0,0,0,0,0,0
fixed_floor-cap8-k06-s93004-decentralized,fixed_floor,8.0,6,93004,decentralized,256,1.2,24,0.0,0.0,0,256,24,1.197503456816809,1.1949639392899785,0.9979195473473409,0.9958032827416488,0.0024965431831908986,0.7300005920675945,0.009458514522753923,0.012799580572027378,0.0,0,0,0,0,0,0,18,1.1967672069980806,1.1936689773559785,0.9973060058317338,0.9947241477966487,0.003232793001919418,0.6603273674169047,0.009890625000000004,0.012799580572027378,0.0,0,0,0,0,0,0,6,1.1997122062729946,1.1988488250919787,0.9997601718941622,0.9990406875766489,0.0002877937270053397,0.8333333333333333,0.0008633811810160191,0.0017267623620320382,0.0,0,0,0,0,0,0,0.0,0,85.440000144,0.0,0.0,0.0,85.440000144,0.0,0.0,0.0,464.9476330260366,0.7264806766031822,0,0,0,0,0,0,0,0,0,0
fixed_floor-cap8-k06-s93004-frozen,fixed_floor,8.0,6,93004,frozen,256,1.2,24,0.0,0.0,0,256,24,1.197503456816809,1.1949639392899785,0.9979195473473409,0.9958032827416488,0.0024965431831908986,0.7300005920675945,0.009458514522753923,0.012799580572027378,0.0,0,0,0,0,0,0,18,1.1967672069980806,1.1936689773559785,0.9973060058317338,0.9947241477966487,0.003232793001919418,0.6603273674169047,0.009890625000000004,0.012799580572027378,0.0,0,0,0,0,0,0,6,1.1997122062729946,1.1988488250919787,0.9997601718941622,0.9990406875766489,0.0002877937270053397,0.8333333333333333,0.0008633811810160191,0.0017267623620320382,0.0,0,0,0,0,0,0,0.0,0,85.440000144,0.0,0.0,0.0,85.440000144,0.0,0.0,0.0,464.9476330260366,0.7264806766031822,0,0,0,0,0,0,0,0,0,0
fixed_floor-cap8-k24-s93001-all_stubborn,fixed_floor,8.0,24,93001,all_stubborn,256,1.2,24,0.0,0.0,0,256,24,1.0602927285434596,0.6455909672793665,0.8835772737862164,0.5379924727328054,0.1397072714565403,0.34335902859183004,0.23500652411514283,0.27507182179303696,0.0,0,0,0,0,0,0,0,,,,,,,,,0.0,0,0,0,0,0,0,24,1.0602927285434596,0.6455909672793665,0.8835772737862164,0.5379924727328054,0.1397072714565403,0.34335902859183004,0.23500652411514283,0.27507182179303696,0.0,0,0,0,0,0,0,0.0,0,40.427927071782015,0.0,0.0,0.9375,40.427927071782015,0.0,0.0,0.0,16.203024506677412,0.025317225791683457,0,0,0,0,0,0,0,0,0,0
fixed_floor-cap8-k24-s93002-all_stubborn,fixed_floor,8.0,24,93002,all_stubborn,256,1.2,24,0.0,0.0,0,256,24,1.118774569280865,0.8754065772632895,0.9323121410673876,0.7295054810527413,0.08122543071913495,0.44779237477862643,0.17285376426905333,0.1973313752542871,0.0,0,0,0,0,0,0,0,,,,,,,,,0.0,0,0,0,0,0,0,24,1.118774569280865,0.8754065772632895,0.9323121410673876,0.7295054810527413,0.08122543071913495,0.44779237477862643,0.17285376426905333,0.1973313752542871,0.0,0,0,0,0,0,0,0.0,0,52.16795165166878,0.0,0.0,0.8125,52.16795165166878,0.0,0.0,0.0,87.26289977575696,0.13634828089962026,0,0,0,0,0,0,0,0,0,0
fixed_floor-cap8-k24-s93003-all_stubborn,fixed_floor,8.0,24,93003,all_stubborn,256,1.2,24,0.0,0.0,0,256,24,1.073329407473598,0.6933176298943923,0.8944411728946651,0.5777646915786603,0.12667059252640192,0.43902205955286805,0.26152184069535583,0.27592994835495094,0.0,0,0,0,0,0,0,0,,,,,,,,,0.0,0,0,0,0,0,0,24,1.073329407473598,0.6933176298943923,0.8944411728946651,0.5777646915786603,0.12667059252640192,0.43902205955286805,0.26152184069535583,0.27592994835495094,0.0,0,0,0,0,0,0,0.0,0,48.46572589258251,0.0,0.0,0.8125,48.46572589258251,0.0,0.0,0.0,53.509576996349686,0.08360871405679639,0,0,0,0,0,0,0,0,0,0
fixed_floor-cap8-k24-s93004-all_stubborn,fixed_floor,8.0,24,93004,all_stubborn,256,1.2,24,0.0,0.0,0,256,24,1.0602790508579099,0.6485311788763409,0.883565875714925,0.5404426490636175,0.13972094914209007,0.4265993800890726,0.2826242820350417,0.29069517362906433,0.0,0,0,0,0,0,0,0,,,,,,,,,0.0,0,0,0,0,0,0,24,1.0602790508579099,0.6485311788763409,0.883565875714925,0.5404426490636175,0.13972094914209007,0.4265993800890726,0.2826242820350417,0.29069517362906433,0.0,0,0,0,0,0,0,0.0,0,49.809985211630156,0.0,0.0,0.8125,49.809985211630156,0.0,0.0,0.0,72.38648285845973,0.11310387946634333,0,0,0,0,0,0,0,0,0,0
fixed_floor-cap80-k00-s93001-charter_enforced,fixed_floor,80.0,0,93001,charter_enforced,256,1.2,24,58.65,0.0,8,2,24,1.19346082486255,1.1862931485373023,0.9945506873854584,0.9885776237810853,0.006539175137449894,0.6140378627630365,0.017340372723254505,0.03381786529296985,0.0,19,19,19,0,73,0,24,1.19346082486255,1.1862931485373023,0.9945506873854584,0.9885776237810853,0.006539175137449894,0.6140378627630365,0.017340372723254505,0.03381786529296985,0.0,19,19,19,0,73,0,0,,,,,,,,,0.0,0,0,0,0,0,0,19.0,8,81.370000192,0.0,21.950000000000003,0.0,59.420000192,0.0,2.950000000000001,0.0,468.09863311399624,0.7314041142406191,39,16,0,3,0,1095,0,0,0,577
fixed_floor-cap80-k00-s93001-charter_unmonitored,fixed_floor,80.0,0,93001,charter_unmonitored,256,1.2,24,4.4,0.0,8,2,24,1.1966285262553547,1.1932849383547524,0.997190438546129,0.9944041152956269,0.0033714737446452606,0.5308795450528119,0.008035940633109024,0.010471565694683865,0.0,16,16,16,0,54,0,24,1.1966285262553547,1.1932849383547524,0.997190438546129,0.9944041152956269,0.0033714737446452606,0.5308795450528119,0.008035940633109024,0.010471565694683865,0.0,16,16,16,0,54,0,0,,,,,,,,,0.0,0,0,0,0,0,0,16.0,8,68.32000019200001,0.0,16.0,0.0,52.320000192,0.0,0.0,0.0,481.9048989101047,0.7529764045470386,44,16,0,0,0,0,0,0,0,0
fixed_floor-cap80-k00-s93001-decentralized,fixed_floor,80.0,0,93001,decentralized,256,1.2,24,0.0,0.0,0,256,24,1.1968613695380932,1.194296875,0.9973844746150778,0.9952473958333333,0.0031386304619066495,0.5068384996411853,0.006562791625370177,0.009687500000000002,0.0,0,0,0,0,0,0,24,1.1968613695380932,1.194296875,0.9973844746150778,0.9952473958333333,0.0031386304619066495,0.5068384996411853,0.006562791625370177,0.009687500000000002,0.0,0,0,0,0,0,0,0,,,,,,,,,0.0,0,0,0,0,0,0,0.0,0,54.680000192,0.0,0.0,0.0,54.680000192,0.0,0.0,0.0,469.110000260926,0.7329843754076968,0,0,0,0,0,0,0,0,0,0
fixed_floor-cap80-k00-s93001-frozen,fixed_floor,80.0,0,93001,frozen,256,1.2,24,0.0,0.0,0,256,24,1.1968613695380932,1.194296875,0.9973844746150778,0.9952473958333333,0.0031386304619066495,0.5068384996411853,0.006562791625370177,0.009687500000000002,0.0,0,0,0,0,0,0,24,1.1968613695380932,1.194296875,0.9973844746150778,0.9952473958333333,0.0031386304619066495,0.5068384996411853,0.006562791625370177,0.009687500000000002,0.0,0,0,0,0,0,0,0,,,,,,,,,0.0,0,0,0,0,0,0,0.0,0,54.680000192,0.0,0.0,0.0,54.680000192,0.0,0.0,0.0,469.110000260926,0.7329843754076968,0,0,0,0,0,0,0,0,0,0
fixed_floor-cap80-k00-s93002-charter_enforced,fixed_floor,80.0,0,93002,charter_enforced,256,1.2,24,34.95,0.0,8,2,24,1.1982504846988367,1.1976090627672458,0.9985420705823639,0.9980075523060382,0.0017495153011633869,0.724636662940605,0.0054296875000000005,0.011838713720241284,0.0,17,17,17,0,51,1,24,1.1982504846988367,1.1976090627672458,0.9985420705823639,0.9980075523060382,0.0017495153011633869,0.724636662940605,0.0054296875000000005,0.011838713720241284,0.0,17,17,17,0,51,1,0,,,,,,,,,0.0,0,0,0,0,0,0,17.0,8,79.270000192,0.0,19.75,0.0,59.520000192000005,0.0,2.750000000000001,0.0,472.70603139454334,0.738603174053974,62,16,0,1,0,575,0,0,0,315
fixed_floor-cap80-k00-s93002-charter_unmonitored,fixed_floor,80.0,0,93002,charter_unmonitored,256,1.2,24,5.0,0.0,8,2,24,1.1985976839081656,1.1955886522993293,0.9988314032568048,0.9963238769161079,0.001402316091834301,0.8923078047230447,0.0005781250000000006,0.020583801766306104,0.0,18,18,18,0,46,0,24,1.1985976839081656,1.1955886522993293,0.9988314032568048,0.9963238769161079,0.001402316091834301,0.8923078047230447,0.0005781250000000006,0.020583801766306104,0.0,18,18,18,0,46,0,0,,,,,,,,,0.0,0,0,0,0,0,0,18.0,8,77.520000192,0.0,18.0,0.0,59.520000192000005,0.0,0.0,0.0,469.44341870554024,0.7335053417274067,50,16,0,2,0,0,0,0,0,0
fixed_floor-cap80-k00-s93002-decentralized,fixed_floor,80.0,0,93002,decentralized,256,1.2,24,0.0,0.0,0,256,24,1.1996940104166667,1.1990885416666666,0.9997450086805556,0.9992404513888888,0.0003059895833333348,0.8289007092198573,0.0003125000000000055,0.004843750000000003,0.0,0,0,0,0,0,0,24,1.1996940104166667,1.1990885416666666,0.9997450086805556,0.9992404513888888,0.0003059895833333348,0.8289007092198573,0.0003125000000000055,0.004843750000000003,0.0,0,0,0,0,0,0,0,,,,,,,,,0.0,0,0,0,0,0,0,0.0,0,59.520000192000005,0.0,0.0,0.0,59.520000192000005,0.0,0.0,0.0,477.21439012055157,0.7456474845633618,0,0,0,0,0,0,0,0,0,0
fixed_floor-cap80-k00-s93002-frozen,fixed_floor,80.0,0,93002,frozen,256,1.2,24,0.0,0.0,0,256,24,1.1996940104166667,1.1990885416666666,0.9997450086805556,0.9992404513888888,0.0003059895833333348,0.8289007092198573,0.0003125000000000055,0.004843750000000003,0.0,0,0,0,0,0,0,24,1.1996940104166667,1.1990885416666666,0.9997450086805556,0.9992404513888888,0.0003059895833333348,0.8289007092198573,0.0003125000000000055,0.004843750000000003,0.0,0,0,0,0,0,0,0,,,,,,,,,0.0,0,0,0,0,0,0,0.0,0,59.520000192000005,0.0,0.0,0.0,59.520000192000005,0.0,0.0,0.0,477.21439012055157,0.7456474845633618,0,0,0,0,0,0,0,0,0,0
fixed_floor-cap80-k00-s93003-charter_enforced,fixed_floor,80.0,0,93003,charter_enforced,256,1.2,24,55.050000000000004,0.0,8,2,24,1.1952026908807114,1.1893257409288993,0.9960022424005928,0.9911047841074162,0.004797309119288611,0.6689707353833845,0.013445455917866358,0.027865413260069843,0.0,18,18,18,0,68,2,24,1.1952026908807114,1.1893257409288993,0.9960022424005928,0.9911047841074162,0.004797309119288611,0.6689707353833845,0.013445455917866358,0.027865413260069843,0.0,18,18,18,0,68,2,0,,,,,,,,,0.0,0,0,0,0,0,0,18.0,8,79.90758671602744,0.0,20.650000000000002,0.0,59.25758671602744,0.0,2.6500000000000017,0.0,463.2076478109663,0.7237619497046348,41,16,1,2,0,1019,0,0,0,536
fixed_floor-cap80-k00-s93003-charter_unmonitored,fixed_floor,80.0,0,93003,charter_unmonitored,256,1.2,24,2.3,0.0,8,2,24,1.1994401041666667,1.1988802083333332,0.9995334201388889,0.9990668402777778,0.0005598958333333341,0.8129844961240306,0.0006250000000000006,0.005156250000000001,0.0,16,16,16,0,51,0,24,1.1994401041666667,1.1988802083333332,0.9995334201388889,0.9990668402777778,0.0005598958333333341,0.8129844961240306,0.0006250000000000006,0.005156250000000001,0.0,16,16,16,0,51,0,0,,,,,,,,,0.0,0,0,0,0,0,0,16.0,8,75.520000192,0.0,16.0,0.0,59.520000192000005,0.0,0.0,0.0,472.88711801473625,0.7388861218980254,23,16,0,0,0,0,0,0,0,0
fixed_floor-cap80-k00-s93003-decentralized,fixed_floor,80.0,0,93003,decentralized,256,1.2,24,0.0,0.0,0,256,24,1.1994401041666667,1.1988802083333332,0.9995334201388889,0.9990668402777778,0.0005598958333333342,0.8129844961240305,0.0006250000000000006,0.005156250000000001,0.0,0,0,0,0,0,0,24,1.1994401041666667,1.1988802083333332,0.9995334201388889,0.9990668402777778,0.0005598958333333342,0.8129844961240305,0.0006250000000000006,0.005156250000000001,0.0,0,0,0,0,0,0,0,,,,,,,,,0.0,0,0,0,0,0,0,0.0,0,59.520000192000005,0.0,0.0,0.0,59.520000192000005,0.0,0.0,0.0,473.6027289242233,0.7400042639440989,0,0,0,0,0,0,0,0,0,0
fixed_floor-cap80-k00-s93003-frozen,fixed_floor,80.0,0,93003,frozen,256,1.2,24,0.0,0.0,0,256,24,1.1994401041666667,1.1988802083333332,0.9995334201388889,0.9990668402777778,0.0005598958333333342,0.8129844961240305,0.0006250000000000006,0.005156250000000001,0.0,0,0,0,0,0,0,24,1.1994401041666667,1.1988802083333332,0.9995334201388889,0.9990668402777778,0.0005598958333333342,0.8129844961240305,0.0006250000000000006,0.005156250000000001,0.0,0,0,0,0,0,0,0,,,,,,,,,0.0,0,0,0,0,0,0,0.0,0,59.520000192000005,0.0,0.0,0.0,59.520000192000005,0.0,0.0,0.0,473.6027289242233,0.7400042639440989,0,0,0,0,0,0,0,0,0,0
fixed_floor-cap80-k00-s93004-charter_enforced,fixed_floor,80.0,0,93004,charter_enforced,256,1.2,24,57.199999999999996,0.0,8,2,24,1.194565014636711,1.1861493768690443,0.9954708455305926,0.9884578140575369,0.005434985363288894,0.6095778560040597,0.01409960031943539,0.022342013107742857,0.0,17,17,17,0,69,0,24,1.194565014636711,1.1861493768690443,0.9954708455305926,0.9884578140575369,0.005434985363288894,0.6095778560040597,0.01409960031943539,0.022342013107742857,0.0,17,17,17,0,69,0,0,,,,,,,,,0.0,0,0,0,0,0,0,17.0,8,78.24463362525515,0.0,19.700000000000003,0.0,58.544633625255145,0.0,2.700000000000001,0.0,472.7842305756694,0.7387253602744834,71,16,0,1,0,1002,0,0,0,528
fixed_floor-cap80-k00-s93004-charter_unmonitored,fixed_floor,80.0,0,93004,charter_unmonitored,256,1.2,24,6.9,0.0,8,2,24,1.1970541004289237,1.1974479166666665,0.9975450836907698,0.9978732638888889,0.00294589957107627,0.602528121282155,0.00844423779408132,0.010000000000000004,0.0,17,17,17,0,54,0,24,1.1970541004289237,1.1974479166666665,0.9975450836907698,0.9978732638888889,0.00294589957107627,0.602528121282155,0.00844423779408132,0.010000000000000004,0.0,17,17,17,0,54,0,0,,,,,,,,,0.0,0,0,0,0,0,0,17.0,8,76.520000192,0.0,17.0,0.0,59.520000192000005,0.0,0.0,0.0,465.9563034420316,0.7280567241281743,69,16,0,1,0,0,0,0,0,0
fixed_floor-cap80-k00-s93004-decentralized,fixed_floor,80.0,0,93004,decentralized,256,1.2,24,0.0,0.0,0,256,24,1.1974697894518247,1.19828125,0.997891491209854,0.9985677083333333,0.002530210548175295,0.6713754998362371,0.008351287209344933,0.01,0.0,0,0,0,0,0,0,24,1.1974697894518247,1.19828125,0.997891491209854,0.9985677083333333,0.002530210548175295,0.6713754998362371,0.008351287209344933,0.01,0.0,0,0,0,0,0,0,0,,,,,,,,,0.0,0,0,0,0,0,0,0.0,0,59.520000192000005,0.0,0.0,0.0,59.520000192000005,0.0,0.0,0.0,473.9733508460663,0.7405833606969786,0,0,0,0,0,0,0,0,0,0
fixed_floor-cap80-k00-s93004-frozen,fixed_floor,80.0,0,93004,frozen,256,1.2,24,0.0,0.0,0,256,24,1.1974697894518247,1.19828125,0.997891491209854,0.9985677083333333,0.002530210548175295,0.6713754998362371,0.008351287209344933,0.01,0.0,0,0,0,0,0,0,24,1.1974697894518247,1.19828125,0.997891491209854,0.9985677083333333,0.002530210548175295,0.6713754998362371,0.008351287209344933,0.01,0.0,0,0,0,0,0,0,0,,,,,,,,,0.0,0,0,0,0,0,0,0.0,0,59.520000192000005,0.0,0.0,0.0,59.520000192000005,0.0,0.0,0.0,473.9733508460663,0.7405833606969786,0,0,0,0,0,0,0,0,0,0
fixed_floor-cap80-k06-s93001-charter_enforced,fixed_floor,80.0,6,93001,charter_enforced,256,1.2,24,10.05,0.0,7,2,24,0.6987022432290432,0.7409444715909286,0.582251869357536,0.6174537263257738,0.5012977567709568,0.3047561521898652,0.8560705741246399,1.039906596621612,0.0,18,18,18,0,48,0,18,0.6332065527773519,0.6143846642325759,0.52767212731446,0.5119872201938133,0.566793447222648,0.2670530071624357,0.9147316281861192,1.039906596621612,0.0,18,18,18,0,48,0,6,0.8951893145841171,1.1206238936659865,0.7459910954867642,0.9338532447216554,0.30481068541588285,0.2907404114142414,0.4692913805795502,0.479427255286206,0.0,0,0,0,0,0,0,18.0,7,487.78559981861315,0.0,20.65,0.125,467.1355998186132,0.0,2.6500000000000004,0.0,336.6986259071032,0.5260916029798487,12,14,2,4,0,177,0,0,0,115
fixed_floor-cap80-k06-s93001-charter_unmonitored,fixed_floor,80.0,6,93001,charter_unmonitored,256,1.2,24,1.3,0.0,8,2,24,0.8114092047787103,0.8883511053785544,0.6761743373155918,0.740292587815462,0.38859079522128975,0.4933624438443799,1.0244212832608268,1.074424953180646,0.0,18,18,18,0,41,0,18,0.838705847416901,0.9798307169397145,0.6989215395140842,0.8165255974497622,0.36129415258309894,0.44131725020633655,0.7684243585292894,1.074424953180646,0.0,18,18,18,0,41,0,6,0.7295192768641378,0.6139122706950741,0.6079327307201148,0.5115935589125619,0.47048072313586226,0.5189016153780261,1.0183155265235468,1.0335799183667467,0.0,0,0,0,0,0,0,18.0,8,278.620000168,0.0,18.0,0.25,260.620000168,0.0,0.0,0.0,367.8349795657487,0.5747421555714823,13,16,2,2,0,0,0,0,0,0
fixed_floor-cap80-k06-s93001-decentralized,fixed_floor,80.0,6,93001,decentralized,256,1.2,24,0.0,0.0,0,256,24,0.6774817558004893,0.5498297521292647,0.564568129833741,0.4581914601077206,0.5225182441995108,0.48100880684961417,1.074378078180646,1.08765625,0.0,0,0,0,0,0,0,18,0.7832143506808416,0.7257804611080737,0.652678625567368,0.6048170509233948,0.4167856493191584,0.5920567126895455,1.0769880922264523,1.08765625,0.0,0,0,0,0,0,0,6,0.3602839711594324,0.021977625192837805,0.3002366426328603,0.018314687660698173,0.8397160288405676,0.10227162164347428,1.0128387219540662,1.028103113797266,0.0,0,0,0,0,0,0,0.0,0,27.760000192000003,0.0,0.0,0.4375,27.760000192000003,0.0,0.0,0.0,291.6257934646378,0.45566530228849655,0,0,0,0,0,0,0,0,0,0
fixed_floor-cap80-k06-s93001-frozen,fixed_floor,80.0,6,93001,frozen,256,1.2,24,0.0,0.0,0,256,24,0.6774817558004893,0.5498297521292647,0.564568129833741,0.4581914601077206,0.5225182441995108,0.48100880684961417,1.074378078180646,1.08765625,0.0,0,0,0,0,0,0,18,0.7832143506808416,0.7257804611080737,0.652678625567368,0.6048170509233948,0.4167856493191584,0.5920567126895455,1.0769880922264523,1.08765625,0.0,0,0,0,0,0,0,6,0.3602839711594324,0.021977625192837805,0.3002366426328603,0.018314687660698173,0.8397160288405676,0.10227162164347428,1.0128387219540662,1.028103113797266,0.0,0,0,0,0,0,0,0.0,0,27.760000192000003,0.0,0.0,0.4375,27.760000192000003,0.0,0.0,0.0,291.6257934646378,0.45566530228849655,0,0,0,0,0,0,0,0,0,0
fixed_floor-cap80-k06-s93002-charter_enforced,fixed_floor,80.0,6,93002,charter_enforced,256,1.2,24,8.1,0.0,7,2,24,0.6897684253048326,0.631720503009059,0.5748070210873606,0.5264337525075492,0.5102315746951673,0.35086443824341634,0.869822373144945,1.12984375,0.0,16,16,16,0,45,0,18,0.6692527996836428,0.6405307414929199,0.5577106664030358,0.5337756179107666,0.5307472003163571,0.3519389724708481,0.9171900141208253,1.12984375,0.0,16,16,16,0,45,0,6,0.7513153021684021,0.6052897875574766,0.6260960851403351,0.5044081562978971,0.44868469783159787,0.32596528187919166,0.7577927113588443,0.8736482540048554,0.0,0,0,0,0,0,0,16.0,7,81.7157348563909,0.0,18.4,0.375,63.31573485639089,0.0,2.4000000000000004,0.0,310.4530708062977,0.4850829231348402,11,14,0,2,0,140,0,0,0,94
fixed_floor-cap80-k06-s93002-charter_unmonitored,fixed_floor,80.0,6,93002,charter_unmonitored,256,1.2,24,2.1,0.0,7,2,24,0.784212030586691,0.6667372854425212,0.6535100254889091,0.5556144045354343,0.41578796941330903,0.4998720506877191,0.945197141122547,1.12984375,0.0,15,15,15,0,58,0,18,0.8958312768617595,0.8765169431368665,0.7465260640514662,0.7304307859473887,0.30416872313824056,0.5668809688761055,0.9015181198852923,1.12984375,0.0,15,15,15,0,58,0,6,0.4493542917614855,0.037398312359485396,0.37446190980123795,0.031165260299571163,0.7506457082385144,0.17370944633000307,0.9425705150001508,0.9491370803061414,0.0,0,0,0,0,0,0,15.0,7,38.120000192,0.0,15.0,0.4375,23.120000192000003,0.0,0.0,0.0,277.7672858781306,0.4340113841845791,21,14,0,1,0,0,0,0,0,0
fixed_floor-cap80-k06-s93002-decentralized,fixed_floor,80.0,6,93002,decentralized,256,1.2,24,0.0,0.0,0,256,24,0.5737459518768523,0.31502289590376953,0.4781216265640436,0.26251907991980794,0.6262540481231477,0.3166291950410813,1.0384375,1.1263363270054587,0.0,0,0,0,0,0,0,18,0.5882025437210685,0.39999999999999997,0.49016878643422374,0.3333333333333333,0.6117974562789316,0.3582131565919124,1.087280959999247,1.1263363270054587,0.0,0,0,0,0,0,0,6,0.530376176344204,0.06009158361507807,0.4419801469535033,0.05007631967923172,0.669623823655796,0.1586409430143097,0.8503128481466339,0.8620984571163686,0.0,0,0,0,0,0,0,0.0,0,15.400000192000002,0.0,0.0,0.625,15.400000192000002,0.0,0.0,0.0,192.76761742366418,0.3011994022244753,0,0,0,0,0,0,0,0,0,0
fixed_floor-cap80-k06-s93002-frozen,fixed_floor,80.0,6,93002,frozen,256,1.2,24,0.0,0.0,0,256,24,0.5737459518768523,0.31502289590376953,0.4781216265640436,0.26251907991980794,0.6262540481231477,0.3166291950410813,1.0384375,1.1263363270054587,0.0,0,0,0,0,0,0,18,0.5882025437210685,0.39999999999999997,0.49016878643422374,0.3333333333333333,0.6117974562789316,0.3582131565919124,1.087280959999247,1.1263363270054587,0.0,0,0,0,0,0,0,6,0.530376176344204,0.06009158361507807,0.4419801469535033,0.05007631967923172,0.669623823655796,0.1586409430143097,0.8503128481466339,0.8620984571163686,0.0,0,0,0,0,0,0,0.0,0,15.400000192000002,0.0,0.0,0.625,15.400000192000002,0.0,0.0,0.0,192.76761742366418,0.3011994022244753,0,0,0,0,0,0,0,0,0,0
fixed_floor-cap80-k06-s93003-charter_enforced,fixed_floor,80.0,6,93003,charter_enforced,256,1.2,24,13.200000000000001,0.0,6,2,24,0.7374856139238039,0.7259221157085415,0.6145713449365032,0.6049350964237846,0.4625143860761961,0.4406772239872409,0.976314484364022,1.11578125,0.0,17,17,17,0,50,0,18,0.7285745200554513,0.7069697625861054,0.6071454333795429,0.5891414688217546,0.4714254799445486,0.4209578277463976,1.0021880271862122,1.11578125,0.0,17,17,17,0,50,0,6,0.7642188955288612,0.7827791750758497,0.6368490796073843,0.6523159792298748,0.43578110447113866,0.47459109480508715,0.9588925961504059,0.9773359412855023,0.0,0,0,0,0,0,0,17.0,6,281.02000016799997,0.0,19.2,0.25,261.820000168,0.0,2.2000000000000006,0.0,378.1648557564995,0.5908825871195305,15,12,0,5,0,234,0,0,0,139
fixed_floor-cap80-k06-s93003-charter_unmonitored,fixed_floor,80.0,6,93003,charter_unmonitored,256,1.2,24,1.7,0.0,6,2,24,0.7397978432625176,0.6857695834453068,0.6164982027187648,0.571474652871089,0.4602021567374823,0.45797510150547205,1.005239789771112,1.0818125482743963,0.0,16,16,16,0,59,0,18,0.7657993602394952,0.6898826558444551,0.6381661335329127,0.5749022132037126,0.4342006397605047,0.47229083568899544,1.003347361153935,1.0818125482743963,0.0,16,16,16,0,59,0,6,0.6617932923315849,0.6734303662478621,0.5514944102763208,0.5611919718732185,0.538206707668415,0.3902166321513631,0.9991361324165424,1.0143952758029668,0.0,0,0,0,0,0,0,16.0,6,276.1911016672991,0.0,16.0,0.4375,260.1911016672991,0.0,0.0,0.0,250.72212660829982,0.3917533228254685,17,12,0,4,0,0,0,0,0,0
fixed_floor-cap80-k06-s93003-decentralized,fixed_floor,80.0,6,93003,decentralized,256,1.2,24,0.0,0.0,0,256,24,0.6774089686480718,0.6205037305352135,0.5645074738733932,0.5170864421126778,0.5225910313519282,0.39103933266492213,0.9695904000127911,1.11578125,0.0,0,0,0,0,0,0,18,0.7063095310050821,0.702382570343795,0.5885912758375684,0.5853188086198292,0.4936904689949178,0.42162691903097255,1.0122814638971729,1.11578125,0.0,0,0,0,0,0,0,6,0.5907072815770408,0.3748672111094687,0.49225606798086735,0.3123893425912239,0.6092927184229592,0.22925530344260764,0.8377233523126814,0.923790916709304,0.0,0,0,0,0,0,0,0.0,0,90.800000184,0.0,0.0,0.5,90.800000184,0.0,0.0,0.0,261.84080011289353,0.40912625017639614,0,0,0,0,0,0,0,0,0,0
fixed_floor-cap80-k06-s93003-frozen,fixed_floor,80.0,6,93003,frozen,256,1.2,24,0.0,0.0,0,256,24,0.6774089686480718,0.6205037305352135,0.5645074738733932,0.5170864421126778,0.5225910313519282,0.39103933266492213,0.9695904000127911,1.11578125,0.0,0,0,0,0,0,0,18,0.7063095310050821,0.702382570343795,0.5885912758375684,0.5853188086198292,0.4936904689949178,0.42162691903097255,1.0122814638971729,1.11578125,0.0,0,0,0,0,0,0,6,0.5907072815770408,0.3748672111094687,0.49225606798086735,0.3123893425912239,0.6092927184229592,0.22925530344260764,0.8377233523126814,0.923790916709304,0.0,0,0,0,0,0,0,0.0,0,90.800000184,0.0,0.0,0.5,90.800000184,0.0,0.0,0.0,261.84080011289353,0.40912625017639614,0,0,0,0,0,0,0,0,0,0
fixed_floor-cap80-k06-s93004-charter_enforced,fixed_floor,80.0,6,93004,charter_enforced,256,1.2,24,17.7,0.0,8,2,24,0.7151166952749852,0.5604325757411437,0.5959305793958211,0.4670271464509531,0.4848833047250148,0.41248346225505095,0.8755783618632144,1.0595065944400361,0.0,17,17,17,0,64,0,18,0.7149684086320913,0.6079083411432278,0.5958070071934095,0.5065902842860232,0.48503159136790863,0.4120792451878524,0.9422721148265741,1.0595065944400361,0.0,17,17,17,0,64,0,6,0.7155615552036667,0.4180052795348915,0.5963012960030556,0.34833773294574294,0.4844384447963332,0.38147567473416144,0.8249969000006243,0.8250909364998391,0.0,0,0,0,0,0,0,17.0,8,199.7124488615519,0.0,19.3,0.3125,180.4124488615519,0.0,2.3000000000000007,0.0,374.24661771400264,0.5847603401781292,10,16,0,1,0,334,0,0,0,190
fixed_floor-cap80-k06-s93004-charter_unmonitored,fixed_floor,80.0,6,93004,charter_unmonitored,256,1.2,24,1.1,0.0,8,2,24,0.8065086025074708,0.9658963102422089,0.672090502089559,0.8049135918685074,0.3934913974925292,0.37849510129553715,0.7169294578296542,0.8890581853541336,0.0,17,17,17,0,39,0,18,0.7815699392014408,1.0194864818005254,0.6513082826678673,0.8495720681671044,0.41843006079855916,0.31157325929744306,0.6586888633923342,0.8890581853541336,0.0,17,17,17,0,39,0,6,0.8813245924255606,0.8051257955672597,0.7344371603546338,0.6709381629727165,0.3186754075744394,0.5268145327606144,0.7513158510114375,0.7653469482058268,0.0,0,0,0,0,0,0,17.0,8,363.54000016,0.0,17.0,0.125,346.54000016,0.0,0.0,0.0,420.5342221338414,0.6570847220841272,11,16,0,1,0,0,0,0,0,0
fixed_floor-cap80-k06-s93004-decentralized,fixed_floor,80.0,6,93004,decentralized,256,1.2,24,0.0,0.0,0,256,24,0.8086732662960773,0.9221306908394896,0.6738943885800643,0.7684422423662414,0.39132673370392274,0.47226479071882665,0.8458652925803777,0.9617622311498313,0.0,0,0,0,0,0,0,18,0.784602478474836,0.9408294855404387,0.6538353987290301,0.784024571283699,0.4153975215251639,0.440630289555803,0.8700901874506753,0.9617622311498313,0.0,0,0,0,0,0,0,6,0.8808856297598008,0.8660343067366425,0.7340713581331673,0.7216952556138687,0.3191143702401992,0.5403805391171377,0.7660965602762448,0.7948205613965225,0.0,0,0,0,0,0,0,0.0,0,337.053938958295,0.0,0.0,0.125,337.053938958295,0.0,0.0,0.0,426.07899150782225,0.6657484242309722,0,0,0,0,0,0,0,0,0,0
fixed_floor-cap80-k06-s93004-frozen,fixed_floor,80.0,6,93004,frozen,256,1.2,24,0.0,0.0,0,256,24,0.8086732662960773,0.9221306908394896,0.6738943885800643,0.7684422423662414,0.39132673370392274,0.47226479071882665,0.8458652925803777,0.9617622311498313,0.0,0,0,0,0,0,0,18,0.784602478474836,0.9408294855404387,0.6538353987290301,0.784024571283699,0.4153975215251639,0.440630289555803,0.8700901874506753,0.9617622311498313,0.0,0,0,0,0,0,0,6,0.8808856297598008,0.8660343067366425,0.7340713581331673,0.7216952556138687,0.3191143702401992,0.5403805391171377,0.7660965602762448,0.7948205613965225,0.0,0,0,0,0,0,0,0.0,0,337.053938958295,0.0,0.0,0.125,337.053938958295,0.0,0.0,0.0,426.07899150782225,0.6657484242309722,0,0,0,0,0,0,0,0,0,0
fixed_floor-cap80-k24-s93001-all_stubborn,fixed_floor,80.0,24,93001,all_stubborn,256,1.2,24,0.0,0.0,0,256,24,0.16545997724807232,0.009389078642407997,0.13788331437339363,0.007824232202006665,1.0345400227519277,0.02889068047037655,1.0823960037138491,1.0851816692921392,0.0,0,0,0,0,0,0,0,,,,,,,,,0.0,0,0,0,0,0,0,24,0.16545997724807232,0.009389078642407997,0.13788331437339363,0.007824232202006665,1.0345400227519277,0.02889068047037655,1.0823960037138491,1.0851816692921392,0.0,0,0,0,0,0,0,0.0,0,0.9633308438638594,0.0,0.0,1.0,0.9633308438638594,0.0,0.0,0.0,0.9298699619435397,0.0014529218155367807,0,0,0,0,0,0,0,0,0,0
fixed_floor-cap80-k24-s93002-all_stubborn,fixed_floor,80.0,24,93002,all_stubborn,256,1.2,24,0.0,0.0,0,256,24,0.16471848168946623,0.015754097799541424,0.13726540140788854,0.013128414832951187,1.0352815183105337,0.02554476330052588,1.0852761034990182,1.0926123095432485,0.0,0,0,0,0,0,0,0,,,,,,,,,0.0,0,0,0,0,0,0,24,0.16471848168946623,0.015754097799541424,0.13726540140788854,0.013128414832951187,1.0352815183105337,0.02554476330052588,1.0852761034990182,1.0926123095432485,0.0,0,0,0,0,0,0,0.0,0,1.1085797288554746,0.0,0.0,1.0,1.1085797288554746,0.0,0.0,0.0,1.7100571302671144,0.0026719642660423663,0,0,0,0,0,0,0,0,0,0
fixed_floor-cap80-k24-s93003-all_stubborn,fixed_floor,80.0,24,93003,all_stubborn,256,1.2,24,0.0,0.0,0,256,24,0.16610874309197432,0.012748739486499178,0.13842395257664525,0.01062394957208265,1.0338912569080256,0.02693402594793274,1.081342533154572,1.0866140431866878,0.0,0,0,0,0,0,0,0,,,,,,,,,0.0,0,0,0,0,0,0,24,0.16610874309197432,0.012748739486499178,0.13842395257664525,0.01062394957208265,1.0338912569080256,0.02693402594793274,1.081342533154572,1.0866140431866878,0.0,0,0,0,0,0,0,0.0,0,1.4545813451095988,0.0,0.0,1.0,1.4545813451095988,0.0,0.0,0.0,0.7168629174059374,0.0011200983084467772,0,0,0,0,0,0,0,0,0,0
fixed_floor-cap80-k24-s93004-all_stubborn,fixed_floor,80.0,24,93004,all_stubborn,256,1.2,24,0.0,0.0,0,256,24,0.16380278361619338,0.00829782685588643,0.13650231968016113,0.006914855713238693,1.0361972163838067,0.029228533957973955,1.0897815018155415,1.095783054227772,0.0,0,0,0,0,0,0,0,,,,,,,,,0.0,0,0,0,0,0,0,24,0.16380278361619338,0.00829782685588643,0.13650231968016113,0.006914855713238693,1.0361972163838067,0.029228533957973955,1.0897815018155415,1.095783054227772,0.0,0,0,0,0,0,0,0.0,0,1.052045373704321,0.0,0.0,1.0,1.052045373704321,0.0,0.0,0.0,1.9004455789201538,0.0029694462170627403,0,0,0,0,0,0,0,0,0,0
selected-cap8-k00-s93001-charter_enforced,selected,8.0,0,93001,charter_enforced,256,1.2,24,53.62,0.5,8,2,24,1.1984597811559234,1.194735075058451,0.9987164842966029,0.9956125625487091,0.00154021884407657,0.8752292835339794,0.0016368785167009416,0.02221736955755862,0.0,21,21,21,0,102,3,24,1.1984597811559234,1.194735075058451,0.9987164842966029,0.9956125625487091,0.00154021884407657,0.8752292835339794,0.0016368785167009416,0.02221736955755862,0.0,21,21,21,0,102,3,0,,,,,,,,,0.0,0,0,0,0,0,0,20.5,8,124.32690398078685,0.0,23.580000000000002,0.0,100.74690398078685,0.0,3.0800000000000014,0.0,462.8628118953724,0.7232231435865193,53,16,0,5,0,966,0,1,0,514
selected-cap8-k00-s93001-charter_unmonitored,selected,8.0,0,93001,charter_unmonitored,256,1.2,24,2.2,0.0,8,2,24,1.1986352415946395,1.1959927004430078,0.9988627013288662,0.9966605837025064,0.001364758405360476,0.8068042320828213,0.003269781327495281,0.012437466206330093,0.0,21,21,21,0,73,0,24,1.1986352415946395,1.1959927004430078,0.9988627013288662,0.9966605837025064,0.001364758405360476,0.8068042320828213,0.003269781327495281,0.012437466206330093,0.0,21,21,21,0,73,0,0,,,,,,,,,0.0,0,0,0,0,0,0,21.0,8,111.93313951843685,0.0,21.0,0.0,90.93313951843685,0.0,0.0,0.0,471.010990968153,0.7359546733877391,22,16,0,5,0,0,0,0,0,0
selected-cap8-k00-s93001-decentralized,selected,8.0,0,93001,decentralized,256,1.2,24,0.0,0.0,0,256,24,1.1994367882124735,1.1977471528498942,0.999530656843728,0.9981226273749119,0.0005632117875264493,0.890503670416446,0.0010852717117750543,0.008612290782875922,0.0,0,0,0,0,0,0,24,1.1994367882124735,1.1977471528498942,0.999530656843728,0.9981226273749119,0.0005632117875264493,0.890503670416446,0.0010852717117750543,0.008612290782875922,0.0,0,0,0,0,0,0,0,,,,,,,,,0.0,0,0,0,0,0,0,0.0,0,109.800000192,0.0,0.0,0.0,109.800000192,0.0,0.0,0.0,472.5221301691136,0.73831582838924,0,0,0,0,0,0,0,0,0,0
selected-cap8-k00-s93001-frozen,selected,8.0,0,93001,frozen,256,1.2,24,0.0,0.0,0,256,24,1.1994367882124735,1.1977471528498942,0.999530656843728,0.9981226273749119,0.0005632117875264493,0.890503670416446,0.0010852717117750543,0.008612290782875922,0.0,0,0,0,0,0,0,24,1.1994367882124735,1.1977471528498942,0.999530656843728,0.9981226273749119,0.0005632117875264493,0.890503670416446,0.0010852717117750543,0.008612290782875922,0.0,0,0,0,0,0,0,0,,,,,,,,,0.0,0,0,0,0,0,0,0.0,0,109.800000192,0.0,0.0,0.0,109.800000192,0.0,0.0,0.0,472.5221301691136,0.73831582838924,0,0,0,0,0,0,0,0,0,0
selected-cap8-k00-s93002-charter_enforced,selected,8.0,0,93002,charter_enforced,256,1.2,24,32.42,0.5,8,2,24,1.1989373294230352,1.1960120409809532,0.9991144411858628,0.996676700817461,0.0010626705769647012,0.9210114093471388,0.001280065336764571,0.016835608182251594,0.0,19,19,19,0,61,3,24,1.1989373294230352,1.1960120409809532,0.9991144411858628,0.996676700817461,0.0010626705769647012,0.9210114093471388,0.001280065336764571,0.016835608182251594,0.0,19,19,19,0,61,3,0,,,,,,,,,0.0,0,0,0,0,0,0,18.5,8,119.58072765812305,0.0,21.48,0.0,98.10072765812305,0.0,2.9800000000000004,0.0,483.70289089600794,0.7557857670250124,65,16,0,3,0,518,0,1,0,289
selected-cap8-k00-s93002-charter_unmonitored,selected,8.0,0,93002,charter_unmonitored,256,1.2,24,4.7,0.0,8,2,24,1.2,1.2,1.0,1.0,0.0,0.0,0.0,0.0,0.0,16,16,16,0,44,0,24,1.2,1.2,1.0,1.0,0.0,0.0,0.0,0.0,0.0,16,16,16,0,44,0,0,,,,,,,,,0.0,0,0,0,0,0,0,16.0,8,133.120000192,0.0,16.0,0.0,117.12000019199999,0.0,0.0,0.0,469.3224541234156,0.7333163345678368,47,16,0,0,0,0,0,0,0,0
selected-cap8-k00-s93002-decentralized,selected,8.0,0,93002,decentralized,256,1.2,24,0.0,0.0,0,256,24,1.1994950855500464,1.1979803422001853,0.999579237958372,0.9983169518334878,0.0005049144499536526,0.8645181861536692,0.001491929872419625,0.006458457108283499,0.0,0,0,0,0,0,0,24,1.1994950855500464,1.1979803422001853,0.999579237958372,0.9983169518334878,0.0005049144499536526,0.8645181861536692,0.001491929872419625,0.006458457108283499,0.0,0,0,0,0,0,0,0,,,,,,,,,0.0,0,0,0,0,0,0,0.0,0,112.27272098912441,0.0,0.0,0.0,112.27272098912441,0.0,0.0,0.0,463.4709981029139,0.724173434535803,0,0,0,0,0,0,0,0,0,0
selected-cap8-k00-s93002-frozen,selected,8.0,0,93002,frozen,256,1.2,24,0.0,0.0,0,256,24,1.1994950855500464,1.1979803422001853,0.999579237958372,0.9983169518334878,0.0005049144499536526,0.8645181861536692,0.001491929872419625,0.006458457108283499,0.0,0,0,0,0,0,0,24,1.1994950855500464,1.1979803422001853,0.999579237958372,0.9983169518334878,0.0005049144499536526,0.8645181861536692,0.001491929872419625,0.006458457108283499,0.0,0,0,0,0,0,0,0,,,,,,,,,0.0,0,0,0,0,0,0,0.0,0,112.27272098912441,0.0,0.0,0.0,112.27272098912441,0.0,0.0,0.0,463.4709981029139,0.724173434535803,0,0,0,0,0,0,0,0,0,0
selected-cap8-k00-s93003-charter_enforced,selected,8.0,0,93003,charter_enforced,256,1.2,24,62.67,0.5,8,2,24,1.19928456996479,1.1971382798591599,0.9994038083039917,0.9976152332159667,0.0007154300352100069,0.7955907521064282,0.001644780838136423,0.004999999999999999,0.0,19,19,19,0,94,4,24,1.19928456996479,1.1971382798591599,0.9994038083039917,0.9976152332159667,0.0007154300352100069,0.7955907521064282,0.001644780838136423,0.004999999999999999,0.0,19,19,19,0,94,4,0,,,,,,,,,0.0,0,0,0,0,0,0,18.5,8,123.910000192,0.0,21.43,0.0,102.48000019199999,0.0,2.930000000000001,0.0,480.8122908273054,0.7512692044176646,43,16,0,3,0,1167,0,1,0,613
selected-cap8-k00-s93003-charter_unmonitored,selected,8.0,0,93003,charter_unmonitored,256,1.2,24,2.9,0.0,8,2,24,1.1995903183472303,1.198605657880984,0.9996585986226919,0.9988380482341533,0.00040968165276973563,0.9183139959133366,0.0009541003463722127,0.006757638690054345,0.0,19,19,19,0,59,0,24,1.1995903183472303,1.198605657880984,0.9996585986226919,0.9988380482341533,0.00040968165276973563,0.9183139959133366,0.0009541003463722127,0.006757638690054345,0.0,19,19,19,0,59,0,0,,,,,,,,,0.0,0,0,0,0,0,0,19.0,8,136.120000192,0.0,19.0,0.0,117.12000019199999,0.0,0.0,0.0,465.8674585918412,0.7279179040497519,29,16,0,3,0,0,0,0,0,0
selected-cap8-k00-s93003-decentralized,selected,8.0,0,93003,decentralized,256,1.2,24,0.0,0.0,0,256,24,1.1998293047081283,1.1999904155263208,0.9998577539234403,0.9999920129386007,0.00017069529187165752,0.877498021528713,0.000848746142275617,0.001425665731670247,0.0,0,0,0,0,0,0,24,1.1998293047081283,1.1999904155263208,0.9998577539234403,0.9999920129386007,0.00017069529187165752,0.877498021528713,0.000848746142275617,0.001425665731670247,0.0,0,0,0,0,0,0,0,,,,,,,,,0.0,0,0,0,0,0,0,0.0,0,117.12000019199999,0.0,0.0,0.0,117.12000019199999,0.0,0.0,0.0,475.84091873293846,0.7435014355202163,0,0,0,0,0,0,0,0,0,0
selected-cap8-k00-s93003-frozen,selected,8.0,0,93003,frozen,256,1.2,24,0.0,0.0,0,256,24,1.1998293047081283,1.1999904155263208,0.9998577539234403,0.9999920129386007,0.00017069529187165752,0.877498021528713,0.000848746142275617,0.001425665731670247,0.0,0,0,0,0,0,0,24,1.1998293047081283,1.1999904155263208,0.9998577539234403,0.9999920129386007,0.00017069529187165752,0.877498021528713,0.000848746142275617,0.001425665731670247,0.0,0,0,0,0,0,0,0,,,,,,,,,0.0,0,0,0,0,0,0,0.0,0,117.12000019199999,0.0,0.0,0.0,117.12000019199999,0.0,0.0,0.0,475.84091873293846,0.7435014355202163,0,0,0,0,0,0,0,0,0,0
selected-cap8-k00-s93004-charter_enforced,selected,8.0,0,93004,charter_enforced,256,1.2,24,56.42,0.5,8,2,24,1.1963477339530444,1.1910329740217973,0.9969564449608703,0.9925274783514978,0.003652266046955652,0.8459671473742336,0.019729545741165873,0.025885910988840893,0.088,20,20,20,0,115,3,24,1.1963477339530444,1.1910329740217973,0.9969564449608703,0.9925274783514978,0.003652266046955652,0.8459671473742336,0.019729545741165873,0.025885910988840893,0.088,20,20,20,0,115,3,0,,,,,,,,,0.0,0,0,0,0,0,0,19.5,8,124.72037347366508,0.0,22.48,0.0,102.24037347366507,0.0,2.9800000000000018,0.0,468.5600750571992,0.7321251172768737,56,16,0,4,0,1016,0,1,0,538
selected-cap8-k00-s93004-charter_unmonitored,selected,8.0,0,93004,charter_unmonitored,256,1.2,24,4.7,0.0,8,2,24,1.1991947208622071,1.1977448630638812,0.9993289340518392,0.998120719219901,0.000805279137792911,0.8520822118304511,0.0017425092329806306,0.00798547261881437,0.0,21,21,21,0,83,0,24,1.1991947208622071,1.1977448630638812,0.9993289340518392,0.998120719219901,0.000805279137792911,0.8520822118304511,0.0017425092329806306,0.00798547261881437,0.0,21,21,21,0,83,0,0,,,,,,,,,0.0,0,0,0,0,0,0,21.0,8,124.70000019199999,0.0,21.0,0.0,103.70000019199999,0.0,0.0,0.0,473.3351735043784,0.7395862086005913,47,16,0,5,0,0,0,0,0,0
selected-cap8-k00-s93004-decentralized,selected,8.0,0,93004,decentralized,256,1.2,24,0.0,0.0,0,256,24,1.1977908552234884,1.1918075299365882,0.9981590460195737,0.9931729416138236,0.0022091447765115735,0.7514664537458265,0.004995908201003155,0.01568960286085839,0.0,0,0,0,0,0,0,24,1.1977908552234884,1.1918075299365882,0.9981590460195737,0.9931729416138236,0.0022091447765115735,0.7514664537458265,0.004995908201003155,0.01568960286085839,0.0,0,0,0,0,0,0,0,,,,,,,,,0.0,0,0,0,0,0,0,0.0,0,93.46114487146593,0.0,0.0,0.0,93.46114487146593,0.0,0.0,0.0,467.99949703579506,0.7312492141184298,0,0,0,0,0,0,0,0,0,0
selected-cap8-k00-s93004-frozen,selected,8.0,0,93004,frozen,256,1.2,24,0.0,0.0,0,256,24,1.1977908552234884,1.1918075299365882,0.9981590460195737,0.9931729416138236,0.0022091447765115735,0.7514664537458265,0.004995908201003155,0.01568960286085839,0.0,0,0,0,0,0,0,24,1.1977908552234884,1.1918075299365882,0.9981590460195737,0.9931729416138236,0.0022091447765115735,0.7514664537458265,0.004995908201003155,0.01568960286085839,0.0,0,0,0,0,0,0,0,,,,,,,,,0.0,0,0,0,0,0,0,0.0,0,93.46114487146593,0.0,0.0,0.0,93.46114487146593,0.0,0.0,0.0,467.99949703579506,0.7312492141184298,0,0,0,0,0,0,0,0,0,0
selected-cap8-k06-s93001-charter_enforced,selected,8.0,6,93001,charter_enforced,256,1.2,24,18.32,0.5,5,2,24,1.1918093901344273,1.175780582580353,0.9931744917786894,0.9798171521502942,0.008190609865572714,0.8041091029149415,0.035301470920805836,0.05272232168379563,0.0,13,13,13,0,48,2,18,1.189079186845903,1.1677074434404706,0.9908993223715858,0.9730895362003923,0.010920813154096952,0.7388121372199221,0.0425780923613641,0.05272232168379563,0.0,13,13,13,0,48,2,6,1.2,1.2,1.0,1.0,0.0,0.0,0.0,0.0,0.0,0,0,0,0,0,0,12.5,5,132.78618264911367,0.0,14.48,0.0,118.30618264911368,0.0,1.9800000000000002,0.0,461.8976245023889,0.7217150382849826,53,10,0,3,0,260,0,1,0,150
selected-cap8-k06-s93001-charter_unmonitored,selected,8.0,6,93001,charter_unmonitored,256,1.2,24,4.3,0.0,5,2,24,1.1935093655958506,1.176332079988869,0.9945911379965422,0.9802767333240575,0.006490634404149364,0.8481824667087757,0.015066733732576953,0.07763304416172334,0.085,14,14,14,0,77,0,18,1.1913458207944674,1.168442773318492,0.9927881839953896,0.9737023110987434,0.008654179205532485,0.7975766222783676,0.01895781174382699,0.07763304416172334,0.085,14,14,14,0,77,0,6,1.2,1.2,1.0,1.0,0.0,0.0,0.0,0.0,0.0,0,0,0,0,0,0,14.0,5,134.75904171364596,0.0,14.0,0.0,120.75904171364596,0.0,0.0,0.0,419.8875352457284,0.6560742738214506,43,10,0,4,0,0,0,0,0,0
selected-cap8-k06-s93001-decentralized,selected,8.0,6,93001,decentralized,256,1.2,24,0.0,0.0,0,256,24,1.1990786002869869,1.197556639708508,0.9992321669058224,0.9979638664237568,0.0009213997130130798,0.8399161661208806,0.004512046227659542,0.007164334096183903,0.0,0,0,0,0,0,0,18,1.198771467049316,1.1967421862780108,0.9989762225410966,0.9972851552316757,0.0012285329506841064,0.7865548881611741,0.004999999999999999,0.007164334096183903,0.0,0,0,0,0,0,0,6,1.2,1.2,1.0,1.0,0.0,0.0,0.0,0.0,0.0,0,0,0,0,0,0,0.0,0,125.73922953535157,0.0,0.0,0.0625,125.73922953535157,0.0,0.0,0.0,427.7356847405984,0.668337007407185,0,0,0,0,0,0,0,0,0,0
selected-cap8-k06-s93001-frozen,selected,8.0,6,93001,frozen,256,1.2,24,0.0,0.0,0,256,24,1.1990786002869869,1.197556639708508,0.9992321669058224,0.9979638664237568,0.0009213997130130798,0.8399161661208806,0.004512046227659542,0.007164334096183903,0.0,0,0,0,0,0,0,18,1.198771467049316,1.1967421862780108,0.9989762225410966,0.9972851552316757,0.0012285329506841064,0.7865548881611741,0.004999999999999999,0.007164334096183903,0.0,0,0,0,0,0,0,6,1.2,1.2,1.0,1.0,0.0,0.0,0.0,0.0,0.0,0,0,0,0,0,0,0.0,0,125.73922953535157,0.0,0.0,0.0625,125.73922953535157,0.0,0.0,0.0,427.7356847405984,0.668337007407185,0,0,0,0,0,0,0,0,0,0
selected-cap8-k06-s93002-charter_enforced,selected,8.0,6,93002,charter_enforced,256,1.2,24,30.220000000000002,0.5,7,2,24,1.1995739156168868,1.199260777036706,0.999644929680739,0.9993839808639218,0.000426084383113216,0.7851998365179027,0.0017018538134546206,0.0025377458979410085,0.0,16,16,16,0,63,1,18,1.1995346542024587,1.1990143693822748,0.9996122118353824,0.9991786411518957,0.00046534579754116623,0.7646056513551727,0.001645176963507872,0.0025377458979410085,0.0,16,16,16,0,63,1,6,1.1996916998601705,1.2,0.9997430832168088,1.0,0.0003083001398293652,0.8333333333333333,0.0009249004194880957,0.0018498008389761914,0.0,0,0,0,0,0,0,15.5,7,146.72000014399998,0.0,18.080000000000002,0.0,128.640000144,0.0,2.580000000000001,0.0,471.3634984681851,0.7365054663565392,34,14,0,2,0,536,0,1,0,294
selected-cap8-k06-s93002-charter_unmonitored,selected,8.0,6,93002,charter_unmonitored,256,1.2,24,2.8000000000000003,0.0,7,2,24,1.1970263498837834,1.1890153219113442,0.9975219582364863,0.9908461015927869,0.0029736501162165347,0.8547194480505852,0.0049700555509718525,0.04537932762975128,0.0,16,16,16,0,81,0,18,1.1961378998916543,1.185353762548459,0.9967815832430453,0.9877948021237158,0.003862100108345591,0.8250006483675448,0.005277544141234946,0.04537932762975128,0.0,16,16,16,0,81,0,6,1.1996916998601705,1.2,0.9997430832168088,1.0,0.0003083001398293652,0.8333333333333333,0.0009249004194880957,0.0018498008389761914,0.0,0,0,0,0,0,0,16.0,7,137.95589920935112,0.0,16.0,0.0,121.95589920935112,0.0,0.0,0.0,475.79373908409264,0.7434277173188948,28,14,0,2,0,0,0,0,0,0
selected-cap8-k06-s93002-decentralized,selected,8.0,6,93002,decentralized,256,1.2,24,0.0,0.0,0,256,24,1.1998634809862234,1.199866896314792,0.9998862341551862,0.9998890802623268,0.00013651901377650686,0.8962362604682507,0.0004725464510225041,0.0018498008389761914,0.0,0,0,0,0,0,0,18,1.1999207413615744,1.1998225284197228,0.9999339511346453,0.9998521070164357,7.925863842555405e-05,0.8654060778041163,0.0003260756602246191,0.0006280333804128497,0.0,0,0,0,0,0,0,6,1.1996916998601705,1.2,0.9997430832168088,1.0,0.0003083001398293652,0.8333333333333333,0.0009249004194880957,0.0018498008389761914,0.0,0,0,0,0,0,0,0.0,0,128.640000144,0.0,0.0,0.0,128.640000144,0.0,0.0,0.0,477.44481699176976,0.7460075265496402,0,0,0,0,0,0,0,0,0,0
selected-cap8-k06-s93002-frozen,selected,8.0,6,93002,frozen,256,1.2,24,0.0,0.0,0,256,24,1.1998634809862234,1.199866896314792,0.9998862341551862,0.9998890802623268,0.00013651901377650686,0.8962362604682507,0.0004725464510225041,0.0018498008389761914,0.0,0,0,0,0,0,0,18,1.1999207413615744,1.1998225284197228,0.9999339511346453,0.9998521070164357,7.925863842555405e-05,0.8654060778041163,0.0003260756602246191,0.0006280333804128497,0.0,0,0,0,0,0,0,6,1.1996916998601705,1.2,0.9997430832168088,1.0,0.0003083001398293652,0.8333333333333333,0.0009249004194880957,0.0018498008389761914,0.0,0,0,0,0,0,0,0.0,0,128.640000144,0.0,0.0,0.0,128.640000144,0.0,0.0,0.0,477.44481699176976,0.7460075265496402,0,0,0,0,0,0,0,0,0,0
selected-cap8-k06-s93003-charter_enforced,selected,8.0,6,93003,charter_enforced,256,1.2,24,32.27,0.5,7,2,24,1.180151411771913,1.1212394888317843,0.9834595098099275,0.9343662406931537,0.0198485882280871,0.903875604159802,0.021247164337559115,0.22386989138249674,0.0,17,17,17,0,74,6,18,1.1978980032123656,1.192437135174973,0.9982483360103047,0.9936976126458109,0.0021019967876343168,0.8828638570792832,0.0025253925530543436,0.029170004155336816,0.0,17,17,17,0,74,6,6,1.1269116374505546,0.9076465498022181,0.9390930312087955,0.7563721248351818,0.07308836254944545,0.6701668467329872,0.21926508764833635,0.22386989138249674,0.0,0,0,0,0,0,0,16.5,7,120.26137608531866,0.0,19.03,0.1875,101.23137608531866,0.0,2.5300000000000002,0.0,367.8389268937695,0.5747483232715148,32,14,0,3,0,581,0,1,0,316
selected-cap8-k06-s93003-charter_unmonitored,selected,8.0,6,93003,charter_unmonitored,256,1.2,24,2.9,0.0,6,2,24,1.1816075742781484,1.1280649805238825,0.9846729785651237,0.9400541504365688,0.018392425721851503,0.9018855218997169,0.009922885114470537,0.21023641976149,0.0,16,16,16,0,57,0,18,1.1983247230405678,1.19547847004399,0.9986039358671399,0.9962320583699916,0.001675276959432048,0.8056491714793569,0.0073908240410974204,0.01014801275980368,0.0,16,16,16,0,57,0,6,1.1314561279908901,0.9258245119635604,0.9428801066590751,0.7715204266363004,0.06854387200910987,0.6703989102965798,0.2056316160273296,0.21023641976149,0.0,0,0,0,0,0,0,16.0,6,107.81601321444538,0.0,16.0,0.1875,91.81601321444538,0.0,0.0,0.0,356.02373350252407,0.5562870835976939,29,12,0,4,0,0,0,0,0,0
selected-cap8-k06-s93003-decentralized,selected,8.0,6,93003,decentralized,256,1.2,24,0.0,0.0,0,256,24,1.1842952808236211,1.1378086690514813,0.9869127340196844,0.9481738908762345,0.015704719176378803,0.8992081045660014,0.01875154186884583,0.17428876975441623,0.0,0,0,0,0,0,0,18,1.1979733623726498,1.1927301771665946,0.9983111353105415,0.9939418143054954,0.002026637627350215,0.8774898994449086,0.0040737916632364,0.023097379609096816,0.0,0,0,0,0,0,0,6,1.1432610361765354,0.9730441447061418,0.9527175301471129,0.8108701205884514,0.056738963823464564,0.6696099971412742,0.16968396602025587,0.17428876975441623,0.0,0,0,0,0,0,0,0.0,0,97.14982337863938,0.0,0.0,0.1875,97.14982337863938,0.0,0.0,0.0,359.48518806536816,0.5616956063521378,0,0,0,0,0,0,0,0,0,0
selected-cap8-k06-s93003-frozen,selected,8.0,6,93003,frozen,256,1.2,24,0.0,0.0,0,256,24,1.1842952808236211,1.1378086690514813,0.9869127340196844,0.9481738908762345,0.015704719176378803,0.8992081045660014,0.01875154186884583,0.17428876975441623,0.0,0,0,0,0,0,0,18,1.1979733623726498,1.1927301771665946,0.9983111353105415,0.9939418143054954,0.002026637627350215,0.8774898994449086,0.0040737916632364,0.023097379609096816,0.0,0,0,0,0,0,0,6,1.1432610361765354,0.9730441447061418,0.9527175301471129,0.8108701205884514,0.056738963823464564,0.6696099971412742,0.16968396602025587,0.17428876975441623,0.0,0,0,0,0,0,0,0.0,0,97.14982337863938,0.0,0.0,0.1875,97.14982337863938,0.0,0.0,0.0,359.48518806536816,0.5616956063521378,0,0,0,0,0,0,0,0,0,0
selected-cap8-k06-s93004-charter_enforced,selected,8.0,6,93004,charter_enforced,256,1.2,24,36.72,0.5,7,2,24,1.1963137186065071,1.1858054336255082,0.996928098838756,0.9881711946879236,0.0036862813934928572,0.8630529977684099,0.009101103848126747,0.038185664499386304,0.0,18,18,18,0,71,1,18,1.1950849581420095,1.1810739115006776,0.9959041317850079,0.984228259583898,0.004915041857990477,0.8174039970245465,0.01517614360020645,0.038185664499386304,0.0,18,18,18,0,71,1,6,1.2,1.2,1.0,1.0,0.0,0.0,0.0,0.0,0.0,0,0,0,0,0,0,17.5,7,135.28552549186497,0.0,20.28,0.0,115.00552549186497,0.0,2.7800000000000007,0.0,472.0755011950891,0.7376179706173267,24,14,0,4,0,686,0,1,0,371
selected-cap8-k06-s93004-charter_unmonitored,selected,8.0,6,93004,charter_unmonitored,256,1.2,24,2.6,0.0,7,2,24,1.1995966557822648,1.1987622673051272,0.9996638798185541,0.998968556087606,0.00040334421773513296,0.9018711717834984,0.0013364484380521818,0.005699633807204501,0.0,16,16,16,0,48,0,18,1.1995581389520216,1.1987334147095101,0.999631782460018,0.9989445122579251,0.0004418610479783974,0.9070104511915976,0.000846445896428338,0.005699633807204501,0.0,16,16,16,0,48,0,6,1.1997122062729946,1.1988488250919787,0.9997601718941622,0.9990406875766489,0.0002877937270053397,0.8333333333333333,0.0008633811810160191,0.0017267623620320382,0.0,0,0,0,0,0,0,16.0,7,135.50494142621406,0.0,16.0,0.0,119.50494142621407,0.0,0.0,0.0,471.8175267139965,0.7372148854906195,26,14,0,2,0,0,0,0,0,0
selected-cap8-k06-s93004-decentralized,selected,8.0,6,93004,decentralized,256,1.2,24,0.0,0.0,0,256,24,1.199541305591592,1.1987117757822245,0.9996177546596601,0.9989264798185206,0.00045869440840792596,0.8709261846364045,0.001144261460669425,0.005976855665868575,0.0,0,0,0,0,0,0,18,1.1994843386977911,1.1986660926789734,0.9995702822481594,0.9988884105658111,0.000515661302208788,0.8664548983147103,0.0011165146207933211,0.005976855665868575,0.0,0,0,0,0,0,0,6,1.1997122062729946,1.1988488250919787,0.9997601718941622,0.9990406875766489,0.0002877937270053397,0.8333333333333333,0.0008633811810160191,0.0017267623620320382,0.0,0,0,0,0,0,0,0.0,0,115.9041262654064,0.0,0.0,0.0,115.9041262654064,0.0,0.0,0.0,472.7593787188937,0.7386865292482714,0,0,0,0,0,0,0,0,0,0
selected-cap8-k06-s93004-frozen,selected,8.0,6,93004,frozen,256,1.2,24,0.0,0.0,0,256,24,1.199541305591592,1.1987117757822245,0.9996177546596601,0.9989264798185206,0.00045869440840792596,0.8709261846364045,0.001144261460669425,0.005976855665868575,0.0,0,0,0,0,0,0,18,1.1994843386977911,1.1986660926789734,0.9995702822481594,0.9988884105658111,0.000515661302208788,0.8664548983147103,0.0011165146207933211,0.005976855665868575,0.0,0,0,0,0,0,0,6,1.1997122062729946,1.1988488250919787,0.9997601718941622,0.9990406875766489,0.0002877937270053397,0.8333333333333333,0.0008633811810160191,0.0017267623620320382,0.0,0,0,0,0,0,0,0.0,0,115.9041262654064,0.0,0.0,0.0,115.9041262654064,0.0,0.0,0.0,472.7593787188937,0.7386865292482714,0,0,0,0,0,0,0,0,0,0
selected-cap8-k24-s93001-all_stubborn,selected,8.0,24,93001,all_stubborn,256,1.2,24,0.0,0.0,0,256,24,1.0589613862808904,0.6402655982290898,0.8824678219007421,0.5335546651909082,0.14103861371910945,0.29140316597381105,0.23570777462156078,0.2661413880123601,0.0,0,0,0,0,0,0,0,,,,,,,,,0.0,0,0,0,0,0,0,24,1.0589613862808904,0.6402655982290898,0.8824678219007421,0.5335546651909082,0.14103861371910945,0.29140316597381105,0.23570777462156078,0.2661413880123601,0.0,0,0,0,0,0,0,0.0,0,1.0997223583430316,0.0,0.0,1.0,1.0997223583430316,0.0,0.0,0.0,1.6146058984865335,0.0025228217163852087,0,0,0,0,0,0,0,0,0,0
selected-cap8-k24-s93002-all_stubborn,selected,8.0,24,93002,all_stubborn,256,1.2,24,0.0,0.0,0,256,24,1.1202712843038787,0.8813934373553445,0.9335594035865656,0.7344945311294537,0.07972871569612121,0.41979746259925593,0.16222179223779923,0.1774872874532353,0.0,0,0,0,0,0,0,0,,,,,,,,,0.0,0,0,0,0,0,0,24,1.1202712843038787,0.8813934373553445,0.9335594035865656,0.7344945311294537,0.07972871569612121,0.41979746259925593,0.16222179223779923,0.1774872874532353,0.0,0,0,0,0,0,0,0.0,0,28.574533278804747,0.0,0.0,0.9375,28.574533278804747,0.0,0.0,0.0,36.30096371552842,0.05672025580551315,0,0,0,0,0,0,0,0,0,0
selected-cap8-k24-s93003-all_stubborn,selected,8.0,24,93003,all_stubborn,256,1.2,24,0.0,0.0,0,256,24,1.0696502517516595,0.6786010070066384,0.8913752097930497,0.5655008391721987,0.1303497482483404,0.4360015646056715,0.26450747661234103,0.2748315118263739,0.0,0,0,0,0,0,0,0,,,,,,,,,0.0,0,0,0,0,0,0,24,1.0696502517516595,0.6786010070066384,0.8913752097930497,0.5655008391721987,0.1303497482483404,0.4360015646056715,0.26450747661234103,0.2748315118263739,0.0,0,0,0,0,0,0,0.0,0,21.46744621795309,0.0,0.0,0.875,21.46744621795309,0.0,0.0,0.0,49.131188267047676,0.076767481667262,0,0,0,0,0,0,0,0,0,0
selected-cap8-k24-s93004-all_stubborn,selected,8.0,24,93004,all_stubborn,256,1.2,24,0.0,0.0,0,256,24,1.064136250492729,0.6639599774156173,0.8867802087439408,0.5532999811796812,0.13586374950727098,0.41611524523986904,0.2775908253094835,0.2908122217039841,0.0,0,0,0,0,0,0,0,,,,,,,,,0.0,0,0,0,0,0,0,24,1.064136250492729,0.6639599774156173,0.8867802087439408,0.5532999811796812,0.13586374950727098,0.41611524523986904,0.2775908253094835,0.2908122217039841,0.0,0,0,0,0,0,0,0.0,0,36.28206759044565,0.0,0.0,0.875,36.28206759044565,0.0,0.0,0.0,51.56203093284674,0.08056567333257303,0,0,0,0,0,0,0,0,0,0
selected-cap80-k00-s93001-charter_enforced,selected,80.0,0,93001,charter_enforced,256,1.2,24,53.62,0.5,8,2,24,1.1984597811559234,1.194735075058451,0.9987164842966029,0.9956125625487091,0.00154021884407657,0.8752292835339794,0.0016368785167009416,0.02221736955755862,0.0,21,21,21,0,102,3,24,1.1984597811559234,1.194735075058451,0.9987164842966029,0.9956125625487091,0.00154021884407657,0.8752292835339794,0.0016368785167009416,0.02221736955755862,0.0,21,21,21,0,102,3,0,,,,,,,,,0.0,0,0,0,0,0,0,20.5,8,124.32690398078685,0.0,23.580000000000002,0.0,100.74690398078685,0.0,3.0800000000000014,0.0,462.8628118953724,0.7232231435865193,53,16,0,5,0,966,0,1,0,514
selected-cap80-k00-s93001-charter_unmonitored,selected,80.0,0,93001,charter_unmonitored,256,1.2,24,2.2,0.0,8,2,24,1.1986352415946395,1.1959927004430078,0.9988627013288662,0.9966605837025064,0.001364758405360476,0.8068042320828213,0.003269781327495281,0.012437466206330093,0.0,21,21,21,0,73,0,24,1.1986352415946395,1.1959927004430078,0.9988627013288662,0.9966605837025064,0.001364758405360476,0.8068042320828213,0.003269781327495281,0.012437466206330093,0.0,21,21,21,0,73,0,0,,,,,,,,,0.0,0,0,0,0,0,0,21.0,8,111.93313951843685,0.0,21.0,0.0,90.93313951843685,0.0,0.0,0.0,471.010990968153,0.7359546733877391,22,16,0,5,0,0,0,0,0,0
selected-cap80-k00-s93001-decentralized,selected,80.0,0,93001,decentralized,256,1.2,24,0.0,0.0,0,256,24,1.1994367882124735,1.1977471528498942,0.999530656843728,0.9981226273749119,0.0005632117875264493,0.890503670416446,0.0010852717117750543,0.008612290782875922,0.0,0,0,0,0,0,0,24,1.1994367882124735,1.1977471528498942,0.999530656843728,0.9981226273749119,0.0005632117875264493,0.890503670416446,0.0010852717117750543,0.008612290782875922,0.0,0,0,0,0,0,0,0,,,,,,,,,0.0,0,0,0,0,0,0,0.0,0,109.800000192,0.0,0.0,0.0,109.800000192,0.0,0.0,0.0,472.5221301691136,0.73831582838924,0,0,0,0,0,0,0,0,0,0
selected-cap80-k00-s93001-frozen,selected,80.0,0,93001,frozen,256,1.2,24,0.0,0.0,0,256,24,1.1994367882124735,1.1977471528498942,0.999530656843728,0.9981226273749119,0.0005632117875264493,0.890503670416446,0.0010852717117750543,0.008612290782875922,0.0,0,0,0,0,0,0,24,1.1994367882124735,1.1977471528498942,0.999530656843728,0.9981226273749119,0.0005632117875264493,0.890503670416446,0.0010852717117750543,0.008612290782875922,0.0,0,0,0,0,0,0,0,,,,,,,,,0.0,0,0,0,0,0,0,0.0,0,109.800000192,0.0,0.0,0.0,109.800000192,0.0,0.0,0.0,472.5221301691136,0.73831582838924,0,0,0,0,0,0,0,0,0,0
selected-cap80-k00-s93002-charter_enforced,selected,80.0,0,93002,charter_enforced,256,1.2,24,32.42,0.5,8,2,24,1.1989373294230352,1.1960120409809532,0.9991144411858628,0.996676700817461,0.0010626705769647012,0.9210114093471388,0.001280065336764571,0.016835608182251594,0.0,19,19,19,0,61,3,24,1.1989373294230352,1.1960120409809532,0.9991144411858628,0.996676700817461,0.0010626705769647012,0.9210114093471388,0.001280065336764571,0.016835608182251594,0.0,19,19,19,0,61,3,0,,,,,,,,,0.0,0,0,0,0,0,0,18.5,8,119.58072765812305,0.0,21.48,0.0,98.10072765812305,0.0,2.9800000000000004,0.0,483.70289089600794,0.7557857670250124,65,16,0,3,0,518,0,1,0,289
selected-cap80-k00-s93002-charter_unmonitored,selected,80.0,0,93002,charter_unmonitored,256,1.2,24,4.7,0.0,8,2,24,1.2,1.2,1.0,1.0,0.0,0.0,0.0,0.0,0.0,16,16,16,0,44,0,24,1.2,1.2,1.0,1.0,0.0,0.0,0.0,0.0,0.0,16,16,16,0,44,0,0,,,,,,,,,0.0,0,0,0,0,0,0,16.0,8,133.120000192,0.0,16.0,0.0,117.12000019199999,0.0,0.0,0.0,469.3224541234156,0.7333163345678368,47,16,0,0,0,0,0,0,0,0
selected-cap80-k00-s93002-decentralized,selected,80.0,0,93002,decentralized,256,1.2,24,0.0,0.0,0,256,24,1.1994950855500464,1.1979803422001853,0.999579237958372,0.9983169518334878,0.0005049144499536526,0.8645181861536692,0.001491929872419625,0.006458457108283499,0.0,0,0,0,0,0,0,24,1.1994950855500464,1.1979803422001853,0.999579237958372,0.9983169518334878,0.0005049144499536526,0.8645181861536692,0.001491929872419625,0.006458457108283499,0.0,0,0,0,0,0,0,0,,,,,,,,,0.0,0,0,0,0,0,0,0.0,0,112.27272098912441,0.0,0.0,0.0,112.27272098912441,0.0,0.0,0.0,463.4709981029139,0.724173434535803,0,0,0,0,0,0,0,0,0,0
selected-cap80-k00-s93002-frozen,selected,80.0,0,93002,frozen,256,1.2,24,0.0,0.0,0,256,24,1.1994950855500464,1.1979803422001853,0.999579237958372,0.9983169518334878,0.0005049144499536526,0.8645181861536692,0.001491929872419625,0.006458457108283499,0.0,0,0,0,0,0,0,24,1.1994950855500464,1.1979803422001853,0.999579237958372,0.9983169518334878,0.0005049144499536526,0.8645181861536692,0.001491929872419625,0.006458457108283499,0.0,0,0,0,0,0,0,0,,,,,,,,,0.0,0,0,0,0,0,0,0.0,0,112.27272098912441,0.0,0.0,0.0,112.27272098912441,0.0,0.0,0.0,463.4709981029139,0.724173434535803,0,0,0,0,0,0,0,0,0,0
selected-cap80-k00-s93003-charter_enforced,selected,80.0,0,93003,charter_enforced,256,1.2,24,62.67,0.5,8,2,24,1.19928456996479,1.1971382798591599,0.9994038083039917,0.9976152332159667,0.0007154300352100069,0.7955907521064282,0.001644780838136423,0.004999999999999999,0.0,19,19,19,0,94,4,24,1.19928456996479,1.1971382798591599,0.9994038083039917,0.9976152332159667,0.0007154300352100069,0.7955907521064282,0.001644780838136423,0.004999999999999999,0.0,19,19,19,0,94,4,0,,,,,,,,,0.0,0,0,0,0,0,0,18.5,8,123.910000192,0.0,21.43,0.0,102.48000019199999,0.0,2.930000000000001,0.0,480.8122908273054,0.7512692044176646,43,16,0,3,0,1167,0,1,0,613
selected-cap80-k00-s93003-charter_unmonitored,selected,80.0,0,93003,charter_unmonitored,256,1.2,24,2.9,0.0,8,2,24,1.1995903183472303,1.198605657880984,0.9996585986226919,0.9988380482341533,0.00040968165276973563,0.9183139959133366,0.0009541003463722127,0.006757638690054345,0.0,19,19,19,0,59,0,24,1.1995903183472303,1.198605657880984,0.9996585986226919,0.9988380482341533,0.00040968165276973563,0.9183139959133366,0.0009541003463722127,0.006757638690054345,0.0,19,19,19,0,59,0,0,,,,,,,,,0.0,0,0,0,0,0,0,19.0,8,136.120000192,0.0,19.0,0.0,117.12000019199999,0.0,0.0,0.0,465.8674585918412,0.7279179040497519,29,16,0,3,0,0,0,0,0,0
selected-cap80-k00-s93003-decentralized,selected,80.0,0,93003,decentralized,256,1.2,24,0.0,0.0,0,256,24,1.1998293047081283,1.1999904155263208,0.9998577539234403,0.9999920129386007,0.00017069529187165752,0.877498021528713,0.000848746142275617,0.001425665731670247,0.0,0,0,0,0,0,0,24,1.1998293047081283,1.1999904155263208,0.9998577539234403,0.9999920129386007,0.00017069529187165752,0.877498021528713,0.000848746142275617,0.001425665731670247,0.0,0,0,0,0,0,0,0,,,,,,,,,0.0,0,0,0,0,0,0,0.0,0,117.12000019199999,0.0,0.0,0.0,117.12000019199999,0.0,0.0,0.0,475.84091873293846,0.7435014355202163,0,0,0,0,0,0,0,0,0,0
selected-cap80-k00-s93003-frozen,selected,80.0,0,93003,frozen,256,1.2,24,0.0,0.0,0,256,24,1.1998293047081283,1.1999904155263208,0.9998577539234403,0.9999920129386007,0.00017069529187165752,0.877498021528713,0.000848746142275617,0.001425665731670247,0.0,0,0,0,0,0,0,24,1.1998293047081283,1.1999904155263208,0.9998577539234403,0.9999920129386007,0.00017069529187165752,0.877498021528713,0.000848746142275617,0.001425665731670247,0.0,0,0,0,0,0,0,0,,,,,,,,,0.0,0,0,0,0,0,0,0.0,0,117.12000019199999,0.0,0.0,0.0,117.12000019199999,0.0,0.0,0.0,475.84091873293846,0.7435014355202163,0,0,0,0,0,0,0,0,0,0
selected-cap80-k00-s93004-charter_enforced,selected,80.0,0,93004,charter_enforced,256,1.2,24,56.42,0.5,8,2,24,1.1963477339530444,1.1910329740217973,0.9969564449608703,0.9925274783514978,0.003652266046955652,0.8459671473742336,0.019729545741165873,0.025885910988840893,0.088,20,20,20,0,115,3,24,1.1963477339530444,1.1910329740217973,0.9969564449608703,0.9925274783514978,0.003652266046955652,0.8459671473742336,0.019729545741165873,0.025885910988840893,0.088,20,20,20,0,115,3,0,,,,,,,,,0.0,0,0,0,0,0,0,19.5,8,124.72037347366508,0.0,22.48,0.0,102.24037347366507,0.0,2.9800000000000018,0.0,468.5600750571992,0.7321251172768737,56,16,0,4,0,1016,0,1,0,538
selected-cap80-k00-s93004-charter_unmonitored,selected,80.0,0,93004,charter_unmonitored,256,1.2,24,4.7,0.0,8,2,24,1.1991947208622071,1.1977448630638812,0.9993289340518392,0.998120719219901,0.000805279137792911,0.8520822118304511,0.0017425092329806306,0.00798547261881437,0.0,21,21,21,0,83,0,24,1.1991947208622071,1.1977448630638812,0.9993289340518392,0.998120719219901,0.000805279137792911,0.8520822118304511,0.0017425092329806306,0.00798547261881437,0.0,21,21,21,0,83,0,0,,,,,,,,,0.0,0,0,0,0,0,0,21.0,8,124.70000019199999,0.0,21.0,0.0,103.70000019199999,0.0,0.0,0.0,473.3351735043784,0.7395862086005913,47,16,0,5,0,0,0,0,0,0
selected-cap80-k00-s93004-decentralized,selected,80.0,0,93004,decentralized,256,1.2,24,0.0,0.0,0,256,24,1.1977908552234884,1.1918075299365882,0.9981590460195737,0.9931729416138236,0.0022091447765115735,0.7514664537458265,0.004995908201003155,0.01568960286085839,0.0,0,0,0,0,0,0,24,1.1977908552234884,1.1918075299365882,0.9981590460195737,0.9931729416138236,0.0022091447765115735,0.7514664537458265,0.004995908201003155,0.01568960286085839,0.0,0,0,0,0,0,0,0,,,,,,,,,0.0,0,0,0,0,0,0,0.0,0,93.46114487146593,0.0,0.0,0.0,93.46114487146593,0.0,0.0,0.0,467.99949703579506,0.7312492141184298,0,0,0,0,0,0,0,0,0,0
selected-cap80-k00-s93004-frozen,selected,80.0,0,93004,frozen,256,1.2,24,0.0,0.0,0,256,24,1.1977908552234884,1.1918075299365882,0.9981590460195737,0.9931729416138236,0.0022091447765115735,0.7514664537458265,0.004995908201003155,0.01568960286085839,0.0,0,0,0,0,0,0,24,1.1977908552234884,1.1918075299365882,0.9981590460195737,0.9931729416138236,0.0022091447765115735,0.7514664537458265,0.004995908201003155,0.01568960286085839,0.0,0,0,0,0,0,0,0,,,,,,,,,0.0,0,0,0,0,0,0,0.0,0,93.46114487146593,0.0,0.0,0.0,93.46114487146593,0.0,0.0,0.0,467.99949703579506,0.7312492141184298,0,0,0,0,0,0,0,0,0,0
selected-cap80-k06-s93001-charter_enforced,selected,80.0,6,93001,charter_enforced,256,1.2,24,5.75,0.0,7,2,24,0.6576759407937688,0.6497236856818298,0.5480632839948073,0.5414364047348582,0.5423240592062312,0.35277391284692705,1.0026703254872866,1.0923642553173982,0.129,16,16,16,0,39,0,18,0.6139268090060285,0.6629674112293913,0.5116056741716904,0.5524728426911594,0.5860731909939715,0.3349359056536775,1.0218550431562219,1.0923642553173982,0.129,16,16,16,0,39,0,6,0.7889233361569897,0.6099925090391456,0.6574361134641581,0.5083270908659546,0.4110766638430102,0.35375987757767513,0.6953937040467011,0.7430545222682428,0.0,0,0,0,0,0,0,16.0,7,303.690000168,0.0,18.25,0.25,285.440000168,0.0,2.2500000000000004,0.0,390.53909890680023,0.6102173420418754,12,14,0,2,0,91,0,0,0,68
selected-cap80-k06-s93001-charter_unmonitored,selected,80.0,6,93001,charter_unmonitored,256,1.2,24,1.2000000000000002,0.0,8,2,24,0.6223046224078701,0.49331613235202587,0.5185871853398918,0.41109677696002156,0.5776953775921299,0.4017860666290158,1.064659328180646,1.0915992964344958,0.0,17,17,17,0,51,0,18,0.6558334660458626,0.6,0.5465278883715521,0.5,0.5441665339541374,0.4429430241206479,1.0692419980631658,1.0915992964344958,0.0,17,17,17,0,51,0,6,0.5217180914938926,0.1732645294081036,0.43476507624491056,0.14438710784008632,0.6782819085061074,0.27042682286117864,1.0209512258498896,1.0362156176930895,0.0,0,0,0,0,0,0,17.0,8,61.540000191999994,0.0,17.0,0.375,44.540000191999994,0.0,0.0,0.0,350.96513999859377,0.5483830312478027,12,16,0,1,0,0,0,0,0,0
selected-cap80-k06-s93001-decentralized,selected,80.0,6,93001,decentralized,256,1.2,24,0.0,0.0,0,256,24,0.6319988414908736,0.6018064625510678,0.5266657012423946,0.5015053854592232,0.5680011585091264,0.3651394309953372,1.0539254011669241,1.088798195459883,0.0,0,0,0,0,0,0,18,0.610590256557957,0.6634722222222222,0.5088252137982975,0.5528935185185185,0.589409743442043,0.3347387137947776,1.064659328180646,1.088798195459883,0.0,0,0,0,0,0,0,6,0.6962245962896235,0.4168091835376046,0.5801871635746864,0.3473409862813372,0.5037754037103764,0.44687646811220844,1.0136151796250399,1.0288795714682397,0.0,0,0,0,0,0,0,0.0,0,206.780000176,0.0,0.0,0.3125,206.780000176,0.0,0.0,0.0,349.1686872983886,0.5455760739037322,0,0,0,0,0,0,0,0,0,0
selected-cap80-k06-s93001-frozen,selected,80.0,6,93001,frozen,256,1.2,24,0.0,0.0,0,256,24,0.6319988414908736,0.6018064625510678,0.5266657012423946,0.5015053854592232,0.5680011585091264,0.3651394309953372,1.0539254011669241,1.088798195459883,0.0,0,0,0,0,0,0,18,0.610590256557957,0.6634722222222222,0.5088252137982975,0.5528935185185185,0.589409743442043,0.3347387137947776,1.064659328180646,1.088798195459883,0.0,0,0,0,0,0,0,6,0.6962245962896235,0.4168091835376046,0.5801871635746864,0.3473409862813372,0.5037754037103764,0.44687646811220844,1.0136151796250399,1.0288795714682397,0.0,0,0,0,0,0,0,0.0,0,206.780000176,0.0,0.0,0.3125,206.780000176,0.0,0.0,0.0,349.1686872983886,0.5455760739037322,0,0,0,0,0,0,0,0,0,0
selected-cap80-k06-s93002-charter_enforced,selected,80.0,6,93002,charter_enforced,256,1.2,24,8.67,0.5,8,2,24,0.8700150598180413,0.9661778061480499,0.7250125498483678,0.8051481717900416,0.3299849401819586,0.34420414245122377,0.6215160478251757,0.8028873190433647,0.0,18,18,18,0,66,5,18,0.8114181703942509,0.9369197118509202,0.6761818086618758,0.7807664265424336,0.38858182960574905,0.2700588555435865,0.6325051198884688,0.8028873190433647,0.0,18,18,18,0,66,5,6,1.0458057280894126,1.053952089039439,0.8715047734078438,0.8782934075328658,0.15419427191058738,0.4604802174467944,0.3055286797793653,0.3625015256204134,0.0,0,0,0,0,0,0,17.5,8,359.3714478139619,0.0,20.13,0.25,339.2414478139619,0.0,2.630000000000001,0.0,297.5967890445773,0.464994982882152,12,16,0,2,0,149,0,1,0,101
selected-cap80-k06-s93002-charter_unmonitored,selected,80.0,6,93002,charter_unmonitored,256,1.2,24,1.2000000000000002,0.0,8,2,24,0.692979098044473,0.59746141482622,0.5774825817037276,0.4978845123551833,0.507020901955527,0.33397557694386626,0.8898985111033504,1.120625,0.08600000000000001,18,18,18,0,53,0,18,0.6114299896839391,0.534459285025097,0.5095249914032826,0.4453827375209141,0.5885700103160608,0.22955025720511893,0.8782867824480305,1.120625,0.08600000000000001,18,18,18,0,53,0,6,0.9376264231260749,0.7864678042295888,0.7813553526050624,0.6553898368579907,0.2623735768739251,0.5805125581049466,0.6199222944321608,0.9255985014566479,0.0,0,0,0,0,0,0,18.0,8,175.7142283352319,0.0,18.0,0.4375,157.7142283352319,0.0,0.0,0.0,275.633390080946,0.43067717200147815,12,16,0,2,0,0,0,0,0,0
selected-cap80-k06-s93002-decentralized,selected,80.0,6,93002,decentralized,256,1.2,24,0.0,0.0,0,256,24,0.6192772181409203,0.47640802032484086,0.516064348450767,0.39700668360403407,0.5807227818590797,0.3625280911270325,0.9810788578171354,1.0976598728966254,0.08600000000000001,0,0,0,0,0,0,18,0.6348082576343145,0.5293278735238283,0.5290068813619287,0.4411065612698569,0.5651917423656855,0.3889812591340201,1.019830577589154,1.0976598728966254,0.08600000000000001,0,0,0,0,0,0,6,0.5726840996607377,0.31764846072787845,0.47723674971728147,0.2647070506065654,0.6273159003392622,0.236922212996063,0.8725389783911099,0.897942121110405,0.0,0,0,0,0,0,0,0.0,0,161.69718780608892,0.0,0.0,0.4375,161.69718780608892,0.0,0.0,0.0,253.65287287539417,0.3963326138678034,0,0,0,0,0,0,0,0,0,0
selected-cap80-k06-s93002-frozen,selected,80.0,6,93002,frozen,256,1.2,24,0.0,0.0,0,256,24,0.6192802761299507,0.47640802032484086,0.516066896774959,0.39700668360403407,0.5807197238700492,0.3625327328564504,0.9810788578171354,1.0976598728966254,0.0,0,0,0,0,0,0,18,0.6348123349530218,0.5293278735238283,0.5290102791275182,0.4411065612698569,0.5651876650469781,0.3889874538037075,1.019830577589154,1.0976598728966254,0.0,0,0,0,0,0,0,6,0.5726840996607377,0.31764846072787845,0.47723674971728147,0.2647070506065654,0.6273159003392622,0.236922212996063,0.8725389783911099,0.897942121110405,0.0,0,0,0,0,0,0,0.0,0,161.69718780608892,0.0,0.0,0.4375,161.69718780608892,0.0,0.0,0.0,253.65287287539417,0.3963326138678034,0,0,0,0,0,0,0,0,0,0
selected-cap80-k06-s93003-charter_enforced,selected,80.0,6,93003,charter_enforced,256,1.2,24,10.8,0.0,7,2,24,0.7038242273660165,0.606378726657623,0.5865201894716805,0.5053156055480192,0.49617577263398344,0.47327900431562886,1.0372123460904956,1.060078125,0.21100000000000002,18,18,18,0,63,3,18,0.7120867865553059,0.6039097349513824,0.5934056554627549,0.5032581124594854,0.48791321344469407,0.4682290056734853,1.0203014578893186,1.060078125,0.21100000000000002,18,18,18,0,63,3,6,0.6790365497981483,0.6137857017763447,0.565863791498457,0.5114880848136206,0.5209634502018515,0.4651205224311849,1.0007414160837793,1.0516940406052069,0.0,0,0,0,0,0,0,18.0,7,306.040000168,0.0,20.5,0.25,285.540000168,0.0,2.5000000000000004,0.0,398.88875628184536,0.6232636816903834,12,14,0,4,0,192,0,0,0,121
selected-cap80-k06-s93003-charter_unmonitored,selected,80.0,6,93003,charter_unmonitored,256,1.2,24,1.0,0.0,7,2,24,0.7138397233419492,0.6796015021615978,0.594866436118291,0.5663345851346648,0.48616027665805067,0.37943882750493396,0.9115289256363991,0.943666798772602,0.0,18,18,18,0,79,0,18,0.7227337353161377,0.7178554896905442,0.6022781127634481,0.5982129080754536,0.47726626468386224,0.3999742314651459,0.9050134074583099,0.943666798772602,0.0,18,18,18,0,79,0,6,0.687157687419384,0.5648395395747583,0.5726314061828199,0.47069961631229856,0.512842312580616,0.3003499948646907,0.809500341091455,0.925659768273231,0.0,0,0,0,0,0,0,18.0,7,321.6637062067048,0.0,18.0,0.25,303.6637062067048,0.0,0.0,0.0,315.5618121106744,0.49306533142292874,10,14,0,4,0,0,0,0,0,0
selected-cap80-k06-s93003-decentralized,selected,80.0,6,93003,decentralized,256,1.2,24,0.0,0.0,0,256,24,0.7141915784672594,0.531425302980538,0.5951596487227162,0.4428544191504484,0.48580842153274056,0.34063369336631977,0.8927282001879657,0.927502344605141,0.08600000000000001,0,0,0,0,0,0,18,0.6861412041582384,0.3770434066074757,0.5717843367985321,0.31420283883956307,0.5138587958417615,0.32028423881688106,0.8875022395852579,0.927502344605141,0.08600000000000001,0,0,0,0,0,0,6,0.7983427013943222,0.9945709920997251,0.6652855844952685,0.8288091600831042,0.4016572986056778,0.36782877868220326,0.6847454312532737,0.9111293931519707,0.0,0,0,0,0,0,0,0.0,0,317.77093075900274,0.0,0.0,0.625,317.77093075900274,0.0,0.0,0.0,171.89420070845978,0.2685846886069684,0,0,0,0,0,0,0,0,0,0
selected-cap80-k06-s93003-frozen,selected,80.0,6,93003,frozen,256,1.2,24,0.0,0.0,0,256,24,0.7141985771651761,0.5314532977722047,0.5951654809709801,0.44287774814350395,0.4858014228348239,0.34064760476756395,0.8927282001879657,0.927502344605141,0.0,0,0,0,0,0,0,18,0.6861505357554607,0.3770807329963646,0.5717921131295506,0.31423394416363715,0.5138494642445393,0.3203011531212931,0.8875022395852579,0.927502344605141,0.0,0,0,0,0,0,0,6,0.7983427013943222,0.9945709920997251,0.6652855844952685,0.8288091600831042,0.4016572986056778,0.36782877868220326,0.6847454312532737,0.9111293931519707,0.0,0,0,0,0,0,0,0.0,0,317.814350644136,0.0,0.0,0.625,317.814350644136,0.0,0.0,0.0,171.89420070845978,0.2685846886069684,0,0,0,0,0,0,0,0,0,0
selected-cap80-k06-s93004-charter_enforced,selected,80.0,6,93004,charter_enforced,256,1.2,24,7.85,0.0,7,2,24,0.651429904550394,0.5575990012498879,0.5428582537919949,0.46466583437490666,0.548570095449606,0.3268556476175942,0.9256962097326538,1.0503125,0.0,18,18,18,0,40,0,18,0.6684086165062226,0.6475516323796795,0.5570071804218523,0.5396263603163997,0.5315913834937773,0.35781875793011747,0.9432031555345335,1.0503125,0.0,18,18,18,0,40,0,6,0.6004937686829077,0.2877411078605133,0.5004114739024231,0.2397842565504278,0.5995062313170922,0.20775238842781135,0.9087359643533526,0.9148107056967256,0.0,0,0,0,0,0,0,18.0,7,69.810000192,0.0,20.55,0.5625,49.26000019199999,0.0,2.5500000000000003,0.0,212.20299927032102,0.3315671863598766,10,14,0,4,0,137,0,0,0,94
selected-cap80-k06-s93004-charter_unmonitored,selected,80.0,6,93004,charter_unmonitored,256,1.2,24,2.8000000000000003,0.0,6,2,24,0.6078704931715729,0.49937720272232394,0.5065587443096441,0.41614766893526994,0.592129506828427,0.4064814938636895,1.0461678065086049,1.1065625,0.0,14,14,14,0,34,0,18,0.577140096464698,0.5249340807559428,0.48095008038724835,0.43744506729661903,0.622859903535302,0.38680621557825945,1.0647491445357848,1.1065625,0.0,14,14,14,0,34,0,6,0.7000616832921978,0.42270656862146716,0.5833847360768315,0.35225547385122263,0.4999383167078022,0.409519393222396,0.9049736699138269,0.915183729804912,0.0,0,0,0,0,0,0,14.0,6,201.980000176,0.0,14.0,0.375,187.980000176,0.0,0.0,0.0,337.7206791396616,0.5276885611557213,28,12,0,2,0,0,0,0,0,0
selected-cap80-k06-s93004-decentralized,selected,80.0,6,93004,decentralized,256,1.2,24,0.0,0.0,0,256,24,0.7193665162844536,0.6539827744141811,0.5994720969037113,0.5449856453451509,0.4806334837155464,0.4325356191338359,0.9615853275881568,1.0472486255100193,0.043000000000000003,0,0,0,0,0,0,18,0.729335550920322,0.7330696781323089,0.607779625766935,0.6108913984435907,0.4706644490796779,0.4293851244092313,0.9811578053514051,1.0472486255100193,0.043000000000000003,0,0,0,0,0,0,6,0.6894594123768483,0.4167220632597976,0.5745495103140402,0.34726838604983135,0.5105405876231517,0.39924487812759724,0.9057061529161592,0.9159162128072443,0.0,0,0,0,0,0,0,0.0,0,211.640000176,0.0,0.0,0.3125,211.640000176,0.0,0.0,0.0,355.0723636246012,0.5548005681634394,0,0,0,0,0,0,0,0,0,0
selected-cap80-k06-s93004-frozen,selected,80.0,6,93004,frozen,256,1.2,24,0.0,0.0,0,256,24,0.719372225091356,0.6539827744141811,0.5994768542427967,0.5449856453451509,0.48062777490864395,0.43254959850273544,0.9615839794757609,1.0472486255100193,0.0,0,0,0,0,0,0,18,0.7293431626628586,0.7330696781323089,0.6077859688857156,0.6108913984435907,0.47065683733714136,0.42940652553918085,0.9811558794765538,1.0472486255100193,0.0,0,0,0,0,0,0,6,0.6894594123768483,0.4167220632597976,0.5745495103140402,0.34726838604983135,0.5105405876231517,0.39924487812759724,0.9057061529161592,0.9159162128072443,0.0,0,0,0,0,0,0,0.0,0,211.640000176,0.0,0.0,0.3125,211.640000176,0.0,0.0,0.0,355.0723636246012,0.5548005681634394,0,0,0,0,0,0,0,0,0,0
selected-cap80-k24-s93001-all_stubborn,selected,80.0,24,93001,all_stubborn,256,1.2,24,0.0,0.0,0,256,24,0.16516615866978213,0.009677015398133025,0.1376384655581518,0.008064179498444188,1.0348338413302178,0.03053628726323366,1.0886874214453337,1.0933116950537844,0.0,0,0,0,0,0,0,0,,,,,,,,,0.0,0,0,0,0,0,0,24,0.16516615866978213,0.009677015398133025,0.1376384655581518,0.008064179498444188,1.0348338413302178,0.03053628726323366,1.0886874214453337,1.0933116950537844,0.0,0,0,0,0,0,0,0.0,0,1.0746465780130559,0.0,0.0,1.0,1.0746465780130559,0.0,0.0,0.0,1.5421803141616115,0.002409656740877518,0,0,0,0,0,0,0,0,0,0
selected-cap80-k24-s93002-all_stubborn,selected,80.0,24,93002,all_stubborn,256,1.2,24,0.0,0.0,0,256,24,0.1634786649336662,0.010995146185207414,0.1362322207780552,0.009162621821006179,1.0365213350663338,0.025223841753696397,1.088826887373688,1.0936021562253908,0.0,0,0,0,0,0,0,0,,,,,,,,,0.0,0,0,0,0,0,0,24,0.1634786649336662,0.010995146185207414,0.1362322207780552,0.009162621821006179,1.0365213350663338,0.025223841753696397,1.088826887373688,1.0936021562253908,0.0,0,0,0,0,0,0,0.0,0,1.1539121388345568,0.0,0.0,1.0,1.1539121388345568,0.0,0.0,0.0,2.9385230361260795,0.004591442243946999,0,0,0,0,0,0,0,0,0,0
selected-cap80-k24-s93003-all_stubborn,selected,80.0,24,93003,all_stubborn,256,1.2,24,0.0,0.0,0,256,24,0.16527970144498355,0.007370674121096113,0.13773308453748628,0.0061422284342467605,1.0347202985550163,0.02779904045256668,1.085084534184389,1.0910448757976197,0.0,0,0,0,0,0,0,0,,,,,,,,,0.0,0,0,0,0,0,0,24,0.16527970144498355,0.007370674121096113,0.13773308453748628,0.0061422284342467605,1.0347202985550163,0.02779904045256668,1.085084534184389,1.0910448757976197,0.0,0,0,0,0,0,0,0.0,0,1.172993761848817,0.0,0.0,1.0,1.172993761848817,0.0,0.0,0.0,0.8488788105523375,0.0013263731414880273,0,0,0,0,0,0,0,0,0,0
selected-cap80-k24-s93004-all_stubborn,selected,80.0,24,93004,all_stubborn,256,1.2,24,0.0,0.0,0,256,24,0.16486738037792528,0.007465766304016352,0.13738948364827105,0.006221471920013627,1.0351326196220747,0.027884811693615192,1.0873500160135972,1.0924715352982546,0.0,0,0,0,0,0,0,0,,,,,,,,,0.0,0,0,0,0,0,0,24,0.16486738037792528,0.007465766304016352,0.13738948364827105,0.006221471920013627,1.0351326196220747,0.027884811693615192,1.0873500160135972,1.0924715352982546,0.0,0,0,0,0,0,0,0.0,0,1.0659278471117621,0.0,0.0,1.0,1.0659278471117621,0.0,0.0,0.0,0.8565336890626781,0.0013383338891604347,0,0,0,0,0,0,0,0,0,0
