condition,need,contrast,seed,metric,difference
moderate,1.2,R-pool_minus_L0,90001,final_quarter_share_of_need,-0.00028247547960380537
moderate,1.2,R-pool_minus_L0,90001,share_of_need,-0.01751866072047259
moderate,1.2,R-pool_minus_L0,90001,terminal_capacity_absolute_log_error,-0.34437400014725905
moderate,1.2,R-pool_minus_L0,90001,terminal_coverage90,-0.6458333333333334
moderate,1.2,R-pool_minus_L0,90001,terminal_seen_only_absolute_log_error,-0.1701717017394544
moderate,1.2,R-pool_minus_L0,90001,time_mean_capacity_absolute_log_error,-0.35679407992586437
moderate,1.2,R-pool_minus_L0,90001,time_mean_coverage90,-0.49959309895833337
moderate,1.2,R-pool_minus_L0,90001,time_mean_seen_only_absolute_log_error,-0.14935645634778913
moderate,1.2,R-pool_minus_L0,90002,final_quarter_share_of_need,-0.001401004421497043
moderate,1.2,R-pool_minus_L0,90002,share_of_need,-0.00644145364043347
moderate,1.2,R-pool_minus_L0,90002,terminal_capacity_absolute_log_error,-0.3651226798677488
moderate,1.2,R-pool_minus_L0,90002,terminal_coverage90,-0.234375
moderate,1.2,R-pool_minus_L0,90002,terminal_seen_only_absolute_log_error,-0.17748609116027514
moderate,1.2,R-pool_minus_L0,90002,time_mean_capacity_absolute_log_error,-0.3735213621990379
moderate,1.2,R-pool_minus_L0,90002,time_mean_coverage90,-0.23148600260416663
moderate,1.2,R-pool_minus_L0,90002,time_mean_seen_only_absolute_log_error,-0.16675236313249037
moderate,1.2,R-pool_minus_L0,90003,final_quarter_share_of_need,0.0071522941266287665
moderate,1.2,R-pool_minus_L0,90003,share_of_need,0.0018780271215927957
moderate,1.2,R-pool_minus_L0,90003,terminal_capacity_absolute_log_error,-0.3843839523041594
moderate,1.2,R-pool_minus_L0,90003,terminal_coverage90,-0.47395833333333337
moderate,1.2,R-pool_minus_L0,90003,terminal_seen_only_absolute_log_error,-0.25269654703848016
moderate,1.2,R-pool_minus_L0,90003,time_mean_capacity_absolute_log_error,-0.3900925670372665
moderate,1.2,R-pool_minus_L0,90003,time_mean_coverage90,-0.36089070638020837
moderate,1.2,R-pool_minus_L0,90003,time_mean_seen_only_absolute_log_error,-0.24725100266956967
moderate,1.2,R-pool_minus_L0,90004,final_quarter_share_of_need,0.0008977313890324856
moderate,1.2,R-pool_minus_L0,90004,share_of_need,0.0014087390263823885
moderate,1.2,R-pool_minus_L0,90004,terminal_capacity_absolute_log_error,-0.35940899752806976
moderate,1.2,R-pool_minus_L0,90004,terminal_coverage90,-0.11197916666666663
moderate,1.2,R-pool_minus_L0,90004,terminal_seen_only_absolute_log_error,-0.2045659030151336
moderate,1.2,R-pool_minus_L0,90004,time_mean_capacity_absolute_log_error,-0.3792985242023965
moderate,1.2,R-pool_minus_L0,90004,time_mean_coverage90,-0.18118794759114587
moderate,1.2,R-pool_minus_L0,90004,time_mean_seen_only_absolute_log_error,-0.20453305676121739
moderate,1.6,R-pool_minus_L0,90001,final_quarter_share_of_need,-0.01329269629903862
moderate,1.6,R-pool_minus_L0,90001,share_of_need,-0.037515022509447826
moderate,1.6,R-pool_minus_L0,90001,terminal_capacity_absolute_log_error,-0.1486313687654274
moderate,1.6,R-pool_minus_L0,90001,terminal_coverage90,-0.4296875
moderate,1.6,R-pool_minus_L0,90001,terminal_seen_only_absolute_log_error,-0.11615761059093209
moderate,1.6,R-pool_minus_L0,90001,time_mean_capacity_absolute_log_error,-0.23779273955366537
moderate,1.6,R-pool_minus_L0,90001,time_mean_coverage90,-0.469329833984375
moderate,1.6,R-pool_minus_L0,90001,time_mean_seen_only_absolute_log_error,-0.12621098583568405
moderate,1.6,R-pool_minus_L0,90002,final_quarter_share_of_need,-0.03776516287486087
moderate,1.6,R-pool_minus_L0,90002,share_of_need,-0.058542592861646314
moderate,1.6,R-pool_minus_L0,90002,terminal_capacity_absolute_log_error,-0.1375730549654724
moderate,1.6,R-pool_minus_L0,90002,terminal_coverage90,-0.5078125
moderate,1.6,R-pool_minus_L0,90002,terminal_seen_only_absolute_log_error,-0.10381712036928332
moderate,1.6,R-pool_minus_L0,90002,time_mean_capacity_absolute_log_error,-0.23511876050347869
moderate,1.6,R-pool_minus_L0,90002,time_mean_coverage90,-0.37763468424479163
moderate,1.6,R-pool_minus_L0,90002,time_mean_seen_only_absolute_log_error,-0.11885956238293151
moderate,1.6,R-pool_minus_L0,90003,final_quarter_share_of_need,-0.00753867645177464
moderate,1.6,R-pool_minus_L0,90003,share_of_need,0.007154331088329191
moderate,1.6,R-pool_minus_L0,90003,terminal_capacity_absolute_log_error,-0.16560746531064058
moderate,1.6,R-pool_minus_L0,90003,terminal_coverage90,-0.09114583333333337
moderate,1.6,R-pool_minus_L0,90003,terminal_seen_only_absolute_log_error,-0.12157804017544253
moderate,1.6,R-pool_minus_L0,90003,time_mean_capacity_absolute_log_error,-0.26707935088149826
moderate,1.6,R-pool_minus_L0,90003,time_mean_coverage90,-0.13887532552083337
moderate,1.6,R-pool_minus_L0,90003,time_mean_seen_only_absolute_log_error,-0.14394637169914792
moderate,1.6,R-pool_minus_L0,90004,final_quarter_share_of_need,-0.006100753553202054
moderate,1.6,R-pool_minus_L0,90004,share_of_need,0.006054230938611793
moderate,1.6,R-pool_minus_L0,90004,terminal_capacity_absolute_log_error,-0.1373256411330424
moderate,1.6,R-pool_minus_L0,90004,terminal_coverage90,-0.3671875
moderate,1.6,R-pool_minus_L0,90004,terminal_seen_only_absolute_log_error,-0.1193783944004192
moderate,1.6,R-pool_minus_L0,90004,time_mean_capacity_absolute_log_error,-0.23190816219149582
moderate,1.6,R-pool_minus_L0,90004,time_mean_coverage90,-0.27724202473958337
moderate,1.6,R-pool_minus_L0,90004,time_mean_seen_only_absolute_log_error,-0.14901303750796555
wide,1.2,R-pool_minus_L0,90001,final_quarter_share_of_need,-0.001011433813581597
wide,1.2,R-pool_minus_L0,90001,share_of_need,0.0002913857097556205
wide,1.2,R-pool_minus_L0,90001,terminal_capacity_absolute_log_error,-0.5744363344125529
wide,1.2,R-pool_minus_L0,90001,terminal_coverage90,-0.609375
wide,1.2,R-pool_minus_L0,90001,terminal_seen_only_absolute_log_error,-0.22082424000735565
wide,1.2,R-pool_minus_L0,90001,time_mean_capacity_absolute_log_error,-0.5934894914369854
wide,1.2,R-pool_minus_L0,90001,time_mean_coverage90,-0.45407613118489587
wide,1.2,R-pool_minus_L0,90001,time_mean_seen_only_absolute_log_error,-0.20441578696421914
wide,1.2,R-pool_minus_L0,90002,final_quarter_share_of_need,-0.01850933424827117
wide,1.2,R-pool_minus_L0,90002,share_of_need,-0.009020466691301965
wide,1.2,R-pool_minus_L0,90002,terminal_capacity_absolute_log_error,-0.45209607273294944
wide,1.2,R-pool_minus_L0,90002,terminal_coverage90,-0.4921875
wide,1.2,R-pool_minus_L0,90002,terminal_seen_only_absolute_log_error,-0.21687089099167456
wide,1.2,R-pool_minus_L0,90002,time_mean_capacity_absolute_log_error,-0.5206132622514875
wide,1.2,R-pool_minus_L0,90002,time_mean_coverage90,-0.36794026692708337
wide,1.2,R-pool_minus_L0,90002,time_mean_seen_only_absolute_log_error,-0.22412348847153976
wide,1.2,R-pool_minus_L0,90003,final_quarter_share_of_need,0.015219668017607102
wide,1.2,R-pool_minus_L0,90003,share_of_need,0.002706989301438978
wide,1.2,R-pool_minus_L0,90003,terminal_capacity_absolute_log_error,-0.5062491949975071
wide,1.2,R-pool_minus_L0,90003,terminal_coverage90,-0.36458333333333337
wide,1.2,R-pool_minus_L0,90003,terminal_seen_only_absolute_log_error,-0.22863200589231683
wide,1.2,R-pool_minus_L0,90003,time_mean_capacity_absolute_log_error,-0.5773963388368069
wide,1.2,R-pool_minus_L0,90003,time_mean_coverage90,-0.27596537272135413
wide,1.2,R-pool_minus_L0,90003,time_mean_seen_only_absolute_log_error,-0.21515431497169327
wide,1.2,R-pool_minus_L0,90004,final_quarter_share_of_need,-0.05859711722633665
wide,1.2,R-pool_minus_L0,90004,share_of_need,-0.019560360037203184
wide,1.2,R-pool_minus_L0,90004,terminal_capacity_absolute_log_error,-0.49935535435592104
wide,1.2,R-pool_minus_L0,90004,terminal_coverage90,-0.5104166666666666
wide,1.2,R-pool_minus_L0,90004,terminal_seen_only_absolute_log_error,-0.15134765940284456
wide,1.2,R-pool_minus_L0,90004,time_mean_capacity_absolute_log_error,-0.5588073442604422
wide,1.2,R-pool_minus_L0,90004,time_mean_coverage90,-0.36607869466145837
wide,1.2,R-pool_minus_L0,90004,time_mean_seen_only_absolute_log_error,-0.17403107925216904
wide,1.6,R-pool_minus_L0,90001,final_quarter_share_of_need,-0.040707019331353345
wide,1.6,R-pool_minus_L0,90001,share_of_need,-0.05807416590987757
wide,1.6,R-pool_minus_L0,90001,terminal_capacity_absolute_log_error,-0.23858358929098325
wide,1.6,R-pool_minus_L0,90001,terminal_coverage90,-0.34895833333333337
wide,1.6,R-pool_minus_L0,90001,terminal_seen_only_absolute_log_error,-0.12853477750370051
wide,1.6,R-pool_minus_L0,90001,time_mean_capacity_absolute_log_error,-0.398335392803848
wide,1.6,R-pool_minus_L0,90001,time_mean_coverage90,-0.344268798828125
wide,1.6,R-pool_minus_L0,90001,time_mean_seen_only_absolute_log_error,-0.14555681488017946
wide,1.6,R-pool_minus_L0,90002,final_quarter_share_of_need,-0.018564567313952618
wide,1.6,R-pool_minus_L0,90002,share_of_need,-0.013501135139801557
wide,1.6,R-pool_minus_L0,90002,terminal_capacity_absolute_log_error,-0.23958451847370918
wide,1.6,R-pool_minus_L0,90002,terminal_coverage90,-0.43489583333333337
wide,1.6,R-pool_minus_L0,90002,terminal_seen_only_absolute_log_error,-0.16501323208024174
wide,1.6,R-pool_minus_L0,90002,time_mean_capacity_absolute_log_error,-0.40315852546217457
wide,1.6,R-pool_minus_L0,90002,time_mean_coverage90,-0.381622314453125
wide,1.6,R-pool_minus_L0,90002,time_mean_seen_only_absolute_log_error,-0.20219914995739793
wide,1.6,R-pool_minus_L0,90003,final_quarter_share_of_need,-0.0544126318070014
wide,1.6,R-pool_minus_L0,90003,share_of_need,-0.04836086771913917
wide,1.6,R-pool_minus_L0,90003,terminal_capacity_absolute_log_error,-0.23921797471977424
wide,1.6,R-pool_minus_L0,90003,terminal_coverage90,-0.5052083333333334
wide,1.6,R-pool_minus_L0,90003,terminal_seen_only_absolute_log_error,-0.1304557796289094
wide,1.6,R-pool_minus_L0,90003,time_mean_capacity_absolute_log_error,-0.42490636699526224
wide,1.6,R-pool_minus_L0,90003,time_mean_coverage90,-0.36425272623697913
wide,1.6,R-pool_minus_L0,90003,time_mean_seen_only_absolute_log_error,-0.1895027172699831
wide,1.6,R-pool_minus_L0,90004,final_quarter_share_of_need,-0.026111196013545723
wide,1.6,R-pool_minus_L0,90004,share_of_need,-0.024553303959312323
wide,1.6,R-pool_minus_L0,90004,terminal_capacity_absolute_log_error,-0.19472799377111408
wide,1.6,R-pool_minus_L0,90004,terminal_coverage90,-0.48697916666666663
wide,1.6,R-pool_minus_L0,90004,terminal_seen_only_absolute_log_error,-0.10531361850639206
wide,1.6,R-pool_minus_L0,90004,time_mean_capacity_absolute_log_error,-0.37409107383766066
wide,1.6,R-pool_minus_L0,90004,time_mean_coverage90,-0.35620625813802087
wide,1.6,R-pool_minus_L0,90004,time_mean_seen_only_absolute_log_error,-0.15519580946297973
