condition,parameter,endpoint_tick,unit,count_independent_arenas,societies_averaged_within_arena,mae,mae_lo95,mae_hi95,coverage90,coverage90_lo95,coverage90_hi95,mean_width90,mean_width90_lo95,mean_width90_hi95
prior,r,128,arena,24,3,1.198889967170997,0.9602162498366994,1.470622877630709,1.0,1.0,1.0,5.375348363073535,5.363026729358543,5.388638693765072
prior,b,128,arena,24,3,0.6308941247571471,0.5114882600684809,0.7449652018333661,1.0,1.0,1.0,2.25307973691967,2.2437642503207496,2.2626604207721535
prior,g,128,arena,24,3,0.13837156257409228,0.09836554100917931,0.18082190810139942,1.0,1.0,1.0,0.7230202990087914,0.7201397918896563,0.7256852900511565
private,r,128,arena,24,3,0.045567044023505913,0.0358022143949758,0.05538417989302932,0.875,0.8055555555555555,0.9305555555555555,0.19583054064389796,0.17660122756331273,0.21665507541859608
private,b,128,arena,24,3,0.03246518533526807,0.026101970136505594,0.039520093081887926,0.9305555555555555,0.875,0.986111111111111,0.14895023624825787,0.13686600604037455,0.16182787920152086
private,g,128,arena,24,3,0.05367315405880182,0.04471472729341801,0.06252435009279235,0.8333333333333334,0.75,0.9166666666666666,0.18564271369765542,0.1741456782411882,0.19887392848429397
pooled,r,128,arena,24,3,0.02359170363620718,0.017347830925162545,0.030344805386321734,0.9166666666666666,0.7916666666666666,1.0,0.10171077405644631,0.09294175314823311,0.11066777696307424
pooled,b,128,arena,24,3,0.015608250622569786,0.011339668161462162,0.020680052610963274,0.9583333333333334,0.875,1.0,0.07393513786481726,0.06821870497595589,0.07978408564981718
pooled,g,128,arena,24,3,0.027248603670316757,0.020071780562891516,0.035825244094953815,0.75,0.5833333333333334,0.9166666666666666,0.09667711613361141,0.08914559333393599,0.10507429431162849
