arena_id,condition,status,n_focals,action_mean,n_action_zero,n_action_half,n_action_one,utility,focal_welfare,consumption_per_member,shortfall_per_member,terminal_wealth_per_member,investment,external_harm,other_society_welfare,other_society_utility,regret,forecast_utility,utility_prediction_error,utility_absolute_error,forecast_budget,actual_budget,budget_prediction_error,budget_absolute_error,menu_forecast_mae
decision-evaluation-000,prior,ok,3,0.0,3,0,0,38.54697799087453,0.85,27.2,0.0,56.73488995437265,0.0,0.0,0.85,38.54697799087453,0.054534550739333554,36.20040759391849,-2.3465703969560323,2.3465703969560323,4.641621501138203,5.384980943829883,-0.74335944269168,0.8529912617744729,2.3867416132648795
decision-evaluation-000,learned,ok,3,0.5,1,1,1,38.57678524683546,0.85,27.2,0.0,56.883926234177295,2.836879042669571,0.0,0.85,38.55952090853048,0.024727294778401188,38.632080733469344,0.05529548663388084,0.1664324945873119,5.1994643059482675,5.384980943829883,-0.18551663788161576,0.2951484569644087,0.19342441519074072
decision-evaluation-000,known,ok,3,1.0,0,0,3,38.590953508087296,0.85,27.2,0.0,56.9547675404365,5.384980943829883,0.0,0.85,38.57085047651943,0.010559033526564102,38.76731292845743,0.17635942037012833,0.18394297106216584,5.278529048957456,5.384980943829883,-0.10645189487242757,0.21608371395522052,0.17412974421950622
decision-evaluation-001,prior,ok,3,0.0,3,0,0,24.922192481730864,0.731697419889235,24.67621162430368,2.5237883756963204,1.22990428713594,0.0,0.0,0.731697419889235,24.92219248173087,0.09141169207075943,29.652435983321237,4.730243501590365,4.730243501590365,3.571153039334778,2.3596929891813017,1.2114600501534758,1.2114600501534758,4.629901954435531
decision-evaluation-001,learned,ok,3,1.0,0,0,3,25.013604173801628,0.7351038845012005,24.74888286935894,2.4511171306410566,1.3236065222134112,2.3596929891813017,0.0,0.7336827414303215,24.96910636233036,0.0,24.847966299327,-0.1656378744746275,0.21896543008808442,2.3466343975297907,2.3596929891813017,-0.013058591651511057,0.08937252766454806,0.23096671769586805
decision-evaluation-001,known,ok,3,0.8333333333333334,0,1,2,25.002382143948694,0.7347960384910924,24.742315487809975,2.457684512190026,1.3003332806936088,1.9591187736730307,0.0,0.7333632924290122,24.961417173830913,0.01122202985293086,25.000232707691975,-0.0021494362567248495,0.10675496267005731,2.3716096902397443,2.3596929891813017,0.011916701058442891,0.06808272030731888,0.11044010035860237
decision-evaluation-002,prior,ok,3,0.0,3,0,0,31.305615212301102,0.85,27.2,0.0,20.5280760615055,0.0,0.0,0.85,31.305615212301102,0.0,32.329626544010594,1.0240113317094917,1.0240113317094917,3.8522199705264266,3.4101701369871713,0.44204983353925487,0.44204983353925487,1.064799356829534
decision-evaluation-002,learned,ok,3,0.3333333333333333,2,0,1,31.278873228509458,0.85,27.2,0.0,20.394366142547288,1.0114052936699012,0.0,0.85,31.31073171565838,0.02674198379164257,31.28357612559763,0.0047028970881738035,0.20461523427845071,3.322863787770656,3.4101701369871713,-0.08730634921651514,0.1916352480941758,0.18748387985635398
decision-evaluation-002,known,ok,3,0.0,3,0,0,31.305615212301102,0.85,27.2,0.0,20.5280760615055,0.0,0.0,0.85,31.305615212301102,0.0,31.200363321669055,-0.10525189063204603,0.10525189063204603,3.281221121014885,3.4101701369871713,-0.1289490159722869,0.15645988042064962,0.1035471573680115
decision-evaluation-003,prior,ok,3,0.0,3,0,0,36.90616313852589,0.85,27.2,0.0,48.53081569262946,0.0,0.0,0.85,36.90616313852589,0.019824674317552155,35.29311849551549,-1.6130446430103973,1.6130446430103973,4.173083873948305,4.8048888162140875,-0.6318049422657822,0.6318049422657822,1.6284308613146738
decision-evaluation-003,learned,ok,3,1.0,0,0,3,36.925987812843445,0.85,27.2,0.0,48.62993906421722,4.8048888162140875,0.0,0.85,36.92659223783337,0.0,36.97762451500228,0.05163670215883561,0.1098945133216868,4.900800050768222,4.8048888162140875,0.09591123455413413,0.2979190798084878,0.1073018209483768
decision-evaluation-003,known,ok,3,1.0,0,0,3,36.925987812843445,0.85,27.2,0.0,48.62993906421722,4.8048888162140875,0.0,0.85,36.92659223783337,0.0,36.993784828870695,0.06779701602724704,0.06779701602724704,4.900589073591585,4.8048888162140875,0.09570025737749759,0.2968991727762272,0.06759958935337805
decision-evaluation-004,prior,ok,3,0.0,3,0,0,32.444433356914026,0.85,27.2,0.0,26.222166784570124,0.0,0.0,0.85,32.444433356914026,0.0,32.754334450474666,0.30990109356064605,0.4381614315656144,3.8662206180018877,3.5180860569377734,0.3481345610641144,0.5974625146677455,0.44888042598445993
decision-evaluation-004,learned,ok,3,0.0,3,0,0,32.444433356914026,0.85,27.2,0.0,26.222166784570124,0.0,0.0,0.85,32.444433356914026,0.0,32.471202711331436,0.02676935441741198,0.07080950896999265,3.665404466287212,3.5180860569377734,0.14731840934943863,0.3844499105155396,0.06267236918013729
decision-evaluation-004,known,ok,3,0.0,3,0,0,32.444433356914026,0.85,27.2,0.0,26.222166784570124,0.0,0.0,0.85,32.444433356914026,0.0,32.44976755711456,0.005334200200537727,0.06374790343090453,3.6051465744525557,3.5180860569377734,0.08706051751478228,0.3565241025812531,0.05951083978197345
decision-evaluation-005,prior,ok,3,0.0,3,0,0,34.52114484130343,0.85,27.2,0.0,36.60572420651719,0.0,0.0,0.85,34.52114484130343,0.0,33.852916953554846,-0.668227887748588,0.668227887748588,3.9621932414212293,4.128233835723731,-0.16604059430250193,0.1945247992594242,0.6294570877429556
decision-evaluation-005,learned,ok,3,0.0,3,0,0,34.52114484130343,0.85,27.2,0.0,36.60572420651719,0.0,0.0,0.85,34.52114484130343,0.0,34.632358412396805,0.11121357109337045,0.11121357109337045,4.1201854357312335,4.128233835723731,-0.008048399992497993,0.3219681633946297,0.11954798595746752
decision-evaluation-005,known,ok,3,0.0,3,0,0,34.52114484130343,0.85,27.2,0.0,36.60572420651719,0.0,0.0,0.85,34.52114484130343,0.0,34.565377191863696,0.044232350560257316,0.07198620763601345,4.071246622893224,4.128233835723731,-0.05698721283050734,0.31380394641559156,0.0754329918266363
decision-evaluation-006,prior,ok,3,0.0,3,0,0,39.027915441123966,0.85,27.2,0.0,59.139577205619815,0.0,0.0,0.85,39.027915441123966,0.07139964058633552,36.23946892194871,-2.7884465191752503,2.7884465191752503,5.011188703635294,5.225611012541303,-0.2144223089060097,0.515524981330092,2.843569638201983
decision-evaluation-006,learned,ok,3,0.6666666666666666,1,0,2,39.087853852193476,0.85,27.2,0.0,59.439269260967386,3.3393147055264225,0.0,0.85,39.03748669559263,0.011461229516820973,39.0478944581124,-0.039959394081077924,0.1793406528335666,5.309563692923451,5.225611012541303,0.08395268038214798,0.2900004549033772,0.1742444739230835
decision-evaluation-006,known,ok,3,0.8333333333333334,0,1,2,39.09358446695189,0.85,27.2,0.0,59.46792233475944,4.2824628590338625,0.0,0.85,39.04050687651064,0.0057306147584104865,39.120930309596226,0.027345842644339296,0.055753717570839946,5.309765479113353,5.225611012541303,0.08415446657205077,0.2897986687134744,0.06378612984427907
decision-evaluation-007,prior,ok,3,0.0,3,0,0,22.514657188020205,0.6281360836449362,22.466903117758637,4.73309688224136,0.23877035130781113,0.0,0.0,0.6281360836449362,22.514657188020205,0.0,29.529620503468966,7.014963315448764,7.014963315448764,3.518964084160304,1.8589379124800007,1.6600261716803033,1.6600261716803033,7.080515466871354
decision-evaluation-007,learned,ok,3,0.0,3,0,0,22.514657188020205,0.6281360836449362,22.466903117758637,4.73309688224136,0.23877035130781113,0.0,0.0,0.6281360836449362,22.514657188020205,0.0,22.24977764434084,-0.26487954367936456,0.5749979042548728,1.8478674214258561,1.8589379124800007,-0.011070491054144815,0.06241604433385809,0.5961235467131255
decision-evaluation-007,known,ok,3,0.0,3,0,0,22.514657188020205,0.6281360836449362,22.466903117758637,4.73309688224136,0.23877035130781113,0.0,0.0,0.6281360836449362,22.514657188020205,0.0,22.15206717300124,-0.3625900150189665,0.3625900150189665,1.8257872751711304,1.8589379124800007,-0.03315063730887058,0.09491640376214756,0.3559848342516227
decision-evaluation-008,prior,ok,3,0.0,3,0,0,39.41582261280437,0.85,27.2,0.0,61.07911306402182,0.0,0.0,0.85,39.41582261280437,0.07204958601074907,36.508445719883476,-2.9073768929208867,2.9073768929208867,4.716485954364468,5.549684752260991,-0.8331987978965243,0.8331987978965243,2.9593703367168445
decision-evaluation-008,learned,ok,3,0.8333333333333334,0,1,2,39.475109536826956,0.85,27.2,0.0,61.37554768413478,4.566629129659855,0.0,0.85,39.44075422189689,0.012762661988160081,39.51338283799543,0.03827330116847586,0.15081765389538995,5.381770310864172,5.549684752260991,-0.1679144413968204,0.1679144413968204,0.1516034522473117
decision-evaluation-008,known,ok,3,0.8333333333333334,0,1,2,39.475109536826956,0.85,27.2,0.0,61.37554768413478,4.566629129659855,0.0,0.85,39.44075422189689,0.012762661988160081,39.46250935156268,-0.012600185264273497,0.18029504704052832,5.359437298656435,5.549684752260991,-0.19024745360455597,0.19024745360455597,0.18111120615685886
decision-evaluation-009,prior,ok,3,0.0,3,0,0,32.97866858223222,0.85,27.2,0.0,28.893342911161103,0.0,0.0,0.85,32.97866858223222,0.07243180513983323,33.192725222947416,0.21405664071519462,0.2962347582004649,3.9778137168721273,3.846674639667441,0.13113907720468632,0.13113907720468632,0.28499208804297244
decision-evaluation-009,learned,ok,3,1.0,0,0,3,33.05110038737205,0.85,27.2,0.0,29.25550193686027,3.846674639667441,0.0,0.85,32.98801158302346,0.0,32.911328904415384,-0.13977148295666927,0.13977148295666927,3.992117615797375,3.846674639667441,0.1454429761299334,0.18454649208232668,0.12777541666366413
decision-evaluation-009,known,ok,3,1.0,0,0,3,33.05110038737205,0.85,27.2,0.0,29.25550193686027,3.846674639667441,0.0,0.85,32.98801158302346,0.0,33.04257837919389,-0.008522008178156662,0.04582737711582278,4.052740020927256,3.846674639667441,0.20606538125981544,0.22452903203165064,0.04593983205803711
decision-evaluation-010,prior,ok,3,0.0,3,0,0,26.274853877699176,0.7917256299076891,25.956813438030704,1.2431865619692979,1.5902021983423928,0.0,0.0,0.7917256299076891,26.274853877699183,0.0,30.064574172149975,3.789720294450793,3.789720294450793,3.611411663026141,2.2631053719359406,1.3483062910902,1.3483062910902,3.8559504328826635
decision-evaluation-010,learned,ok,3,0.0,3,0,0,26.274853877699176,0.7917256299076891,25.956813438030704,1.2431865619692979,1.5902021983423928,0.0,0.0,0.7917256299076891,26.274853877699183,0.0,26.0267757725793,-0.24807810511988274,0.24807810511988274,2.255340677539374,2.2631053719359406,-0.007764694396566796,0.06526042440814095,0.234612305537391
decision-evaluation-010,known,ok,3,0.0,3,0,0,26.274853877699176,0.7917256299076891,25.956813438030704,1.2431865619692979,1.5902021983423928,0.0,0.0,0.7917256299076891,26.274853877699183,0.0,26.152292960334297,-0.12256091736488155,0.12256091736488155,2.2535168417752742,2.2631053719359406,-0.009588530160666556,0.05221665257590802,0.12260633087355464
decision-evaluation-011,prior,ok,3,0.0,3,0,0,35.89996739983113,0.85,27.2,0.0,43.49983699915563,0.0,0.0,0.85,35.89996739983113,0.0752372688665967,34.77931232386512,-1.1206550759660108,1.1206550759660108,4.244108096776885,4.720351607625336,-0.4762435108484513,0.5113021144532112,1.1641993251766187
decision-evaluation-011,learned,ok,3,0.6666666666666666,1,0,2,35.94960460415709,0.85,27.2,0.0,43.748023020785446,3.114215345237057,0.0,0.85,35.90905687415641,0.025600064540635497,35.56403127801114,-0.38557332614594486,0.38557332614594486,4.638615708846033,4.720351607625336,-0.08173589877930325,0.1896238394772949,0.3971973197048804
decision-evaluation-011,known,ok,3,1.0,0,0,3,35.97520466869772,0.85,27.2,0.0,43.87602334348862,4.720351607625336,0.0,0.85,35.91374471128438,0.0,35.77803026273331,-0.1971744059644133,0.20619174606533383,4.7692295969059435,4.720351607625336,0.04887798928060757,0.19916523219172802,0.20566558052578346
decision-evaluation-012,prior,ok,3,0.0,3,0,0,29.78149712428952,0.85,27.2,0.0,12.907485621447604,0.0,0.0,0.85,29.78149712428952,0.020875863477263817,31.52823961354851,1.7467424892589942,1.7467424892589942,3.7997687977943726,3.175751539545024,0.6240172582493476,0.6240172582493476,1.7281954509286
decision-evaluation-012,learned,ok,3,0.8333333333333334,0,1,2,29.798743405024208,0.85,27.2,0.0,12.993717025121041,2.6235993856857207,0.0,0.85,29.804032958822464,0.0036295827425760763,29.95910029876507,0.1603568937408634,0.1603568937408634,3.271618788970924,3.175751539545024,0.09586724942589875,0.10811545823844959,0.15955867457958603
decision-evaluation-012,known,ok,3,0.8333333333333334,0,1,2,29.798743405024208,0.85,27.2,0.0,12.993717025121041,2.6235993856857207,0.0,0.85,29.804032958822464,0.0036295827425760763,29.97005012187182,0.1713067168476113,0.1713067168476113,3.2829865126467284,3.175751539545024,0.10723497310170386,0.10911283528494516,0.16848382971785092
decision-evaluation-013,prior,ok,3,0.0,3,0,0,29.996820603558138,0.8498319022134573,27.19641391388709,0.0035860861129118813,14.002033448355249,0.0,0.0,0.8498319022134573,29.996820603558138,0.0,31.47615950237058,1.4793388988124423,1.4793388988124423,3.7639367120420086,3.2486354111422453,0.5153013008997634,0.5153013008997634,1.4808072537076793
decision-evaluation-013,learned,ok,3,0.0,3,0,0,29.996820603558138,0.8498319022134573,27.19641391388709,0.0035860861129118813,14.002033448355249,0.0,0.0,0.8498319022134573,29.996820603558138,0.0,29.891162036839248,-0.10565856671889289,0.1906361159437786,3.094521085149117,3.2486354111422453,-0.15411432599312777,0.19647434357526952,0.201936126682579
decision-evaluation-013,known,ok,3,0.0,3,0,0,29.996820603558138,0.8498319022134573,27.19641391388709,0.0035860861129118813,14.002033448355249,0.0,0.0,0.8498319022134573,29.996820603558138,0.0,29.95368938379252,-0.043131219765623285,0.09435366679000505,3.119308063792199,3.2486354111422453,-0.12932734735004617,0.14996240144383885,0.0884502771089753
decision-evaluation-014,prior,ok,3,0.0,3,0,0,19.901792143033376,0.5060040231463667,19.861419160455824,7.338580839544176,0.20186491288775596,0.0,0.0,0.5060040231463667,19.901792143033376,0.0,29.342004026788715,9.440211883755344,9.440211883755344,3.4751535706359764,1.591147694133678,1.8840058765022987,1.8840058765022987,9.478654125391477
decision-evaluation-014,learned,ok,3,0.0,3,0,0,19.901792143033376,0.5060040231463667,19.861419160455824,7.338580839544176,0.20186491288775596,0.0,0.0,0.5060040231463667,19.901792143033376,0.0,19.658240361715084,-0.24355178131828956,0.30905961420485895,1.6339979069667834,1.591147694133678,0.04285021283310527,0.04285021283310527,0.3183917067013581
decision-evaluation-014,known,ok,3,0.0,3,0,0,19.901792143033376,0.5060040231463667,19.861419160455824,7.338580839544176,0.20186491288775596,0.0,0.0,0.5060040231463667,19.901792143033376,0.0,19.988297993129333,0.08650585009595939,0.18116970082100772,1.6454283613384153,1.591147694133678,0.05428066720473742,0.05428066720473742,0.17624813265409103
decision-evaluation-015,prior,ok,3,0.0,3,0,0,30.674421200673738,0.85,27.2,0.0,17.372106003368682,0.0,0.0,0.85,30.674421200673738,0.015118732340080024,31.982088842984677,1.3076676423109415,1.3076676423109415,3.8620830006732114,3.310840396411779,0.5512426042614321,0.5512426042614321,1.2940430560947054
decision-evaluation-015,learned,ok,3,0.6666666666666666,1,0,2,30.685400372974073,0.85,27.2,0.0,17.427001864870352,2.4043211000398412,0.0,0.85,30.677802156603452,0.004139560039747654,30.648797251556775,-0.03660312141729231,0.06835199696846317,3.3843216842351787,3.310840396411779,0.07348128782339858,0.08877978294144932,0.06161496163690177
decision-evaluation-015,known,ok,3,1.0,0,0,3,30.689539933013815,0.85,27.2,0.0,17.447699665069088,3.310840396411779,0.0,0.85,30.679076903886756,0.0,30.70711882895624,0.017578895942423383,0.09737350537183669,3.3858988652014737,3.310840396411779,0.07505846878969417,0.11922630446219766,0.09747988638249282
decision-evaluation-016,prior,ok,3,0.0,3,0,0,31.147593436527313,0.85,27.2,0.0,19.73796718263655,0.0,0.0,0.85,31.147593436527313,0.004632906178668368,32.13577602927231,0.9881825927449981,0.9881825927449981,3.8410881922217404,3.603369219657818,0.23771897256392238,0.23771897256392238,0.978718509449012
decision-evaluation-016,learned,ok,3,1.0,0,0,3,31.152226342705976,0.85,27.2,0.0,19.761131713529892,3.603369219657818,0.0,0.85,31.167044545955935,0.0,31.129927024156633,-0.02229931854934364,0.05408071828449105,3.503013401200698,3.603369219657818,-0.10035581845712027,0.1572272551001257,0.05509209087356837
decision-evaluation-016,known,ok,3,1.0,0,0,3,31.152226342705976,0.85,27.2,0.0,19.761131713529892,3.603369219657818,0.0,0.85,31.167044545955935,0.0,31.101658435526,-0.050567907179979464,0.07037366368897817,3.490374280681951,3.603369219657818,-0.11299493897586717,0.1392940292489079,0.07042011553328267
decision-evaluation-017,prior,ok,3,0.0,3,0,0,24.327659031957136,0.710673326994085,24.22769764254048,2.9723023574595175,0.4998069470832709,0.0,0.0,0.710673326994085,24.327659031957136,0.0,29.475643544415146,5.147984512458007,5.147984512458007,3.5460871311911135,2.07670086316597,1.4693862680251435,1.4693862680251435,5.15104687589898
decision-evaluation-017,learned,ok,3,0.0,3,0,0,24.327659031957136,0.710673326994085,24.22769764254048,2.9723023574595175,0.4998069470832709,0.0,0.0,0.710673326994085,24.327659031957136,0.0,24.390991287267564,0.06333225531042193,0.27177304355210313,2.1989970290957426,2.07670086316597,0.12229616592977292,0.12229616592977292,0.27387774014920535
decision-evaluation-017,known,ok,3,0.0,3,0,0,24.327659031957136,0.710673326994085,24.22769764254048,2.9723023574595175,0.4998069470832709,0.0,0.0,0.710673326994085,24.327659031957136,0.0,24.3971339890046,0.06947495704746369,0.2022691328631391,2.203806631518998,2.07670086316597,0.12710576835302825,0.12710576835302825,0.21499179053193232
decision-evaluation-018,prior,ok,3,0.0,3,0,0,37.473168627960426,0.85,27.2,0.0,51.365843139802145,0.0,0.0,0.85,37.473168627960426,0.06900778788721358,35.54451287590066,-1.9286557520597682,1.9286557520597682,4.603354292462025,5.086757181498272,-0.48340288903624745,0.543616614661493,1.9724671403260245
decision-evaluation-018,learned,ok,3,1.0,0,0,3,37.54217641584764,0.85,27.2,0.0,51.710882079238225,5.086757181498272,0.0,0.85,37.48750360652747,0.0,37.61739006036694,0.07521364451929695,0.2300852583514678,5.124387505624039,5.086757181498272,0.037630324125767466,0.332492582027293,0.22224814144144348
decision-evaluation-018,known,ok,3,1.0,0,0,3,37.54217641584764,0.85,27.2,0.0,51.710882079238225,5.086757181498272,0.0,0.85,37.48750360652747,0.0,37.57518857509353,0.03301215924588282,0.16435447585890253,5.127311593708428,5.086757181498272,0.04055441221015599,0.3207762889811245,0.16217862380626416
decision-evaluation-019,prior,ok,3,0.0,3,0,0,25.560681888697303,0.7654844336834167,25.397001251912894,1.80299874808711,0.8184031839220802,0.0,0.0,0.7654844336834167,25.560681888697307,0.0,29.776427394665944,4.215745505968634,4.215745505968634,3.580294044704498,2.276531525852898,1.3037625188515996,1.3037625188515996,4.27057007342875
decision-evaluation-019,learned,ok,3,0.0,3,0,0,25.560681888697303,0.7654844336834167,25.397001251912894,1.80299874808711,0.8184031839220802,0.0,0.0,0.7654844336834167,25.560681888697307,0.0,25.614921128287964,0.05423923959065746,0.3860698759161494,2.207172015534268,2.276531525852898,-0.06935951031863012,0.18103505487181307,0.35238269695727964
decision-evaluation-019,known,ok,3,0.0,3,0,0,25.560681888697303,0.7654844336834167,25.397001251912894,1.80299874808711,0.8184031839220802,0.0,0.0,0.7654844336834167,25.560681888697307,0.0,25.576121734837614,0.015439846140305727,0.045301277281313425,2.2084964973198904,2.276531525852898,-0.06803502853300773,0.15955479060035374,0.021499824561437782
decision-evaluation-020,prior,ok,3,0.0,3,0,0,32.311086153464906,0.85,27.2,0.0,25.555430767324548,0.0,0.0,0.85,32.311086153464906,0.049299682637420496,32.87156160443957,0.5604754509746664,0.5604754509746664,3.9591233178844667,3.7373628917856494,0.2217604260988173,0.2217604260988173,0.5299699937785228
decision-evaluation-020,learned,ok,3,1.0,0,0,3,32.36038583610233,0.85,27.2,0.0,25.80192918051165,3.7373628917856494,0.0,0.85,32.32951376503854,0.0,32.34159629918629,-0.018789536916036315,0.1404713448232021,3.9002066356753793,3.7373628917856494,0.16284374388972958,0.16284374388972958,0.1340989132415847
decision-evaluation-020,known,ok,3,1.0,0,0,3,32.36038583610233,0.85,27.2,0.0,25.80192918051165,3.7373628917856494,0.0,0.85,32.32951376503854,0.0,32.340059241460466,-0.02032659464186537,0.0712278395292832,3.8808378881639087,3.7373628917856494,0.14347499637825933,0.14347499637825933,0.07195231752834354
decision-evaluation-021,prior,ok,3,0.0,3,0,0,28.583155759477034,0.8486193664367265,27.1705464839835,0.029453516016500415,7.063046377467663,0.0,0.0,0.8486193664367265,28.583155759477034,0.0,30.827197827178946,2.2440420677019106,2.2440420677019106,3.699655812351469,2.8014372403149514,0.8982185720365172,0.8982185720365172,2.297860810497426
decision-evaluation-021,learned,ok,3,0.3333333333333333,2,0,1,28.563697401553096,0.8486193664367265,27.1705464839835,0.029453516016500415,6.965754587847983,0.9076403495326035,0.0,0.8486367010083041,28.58966554309943,0.019458357923936614,28.590875782776532,0.027178381223436077,0.07219676136352622,2.7114216550076464,2.8014372403149514,-0.09001558530730547,0.19115352865580304,0.05120253912336084
decision-evaluation-021,known,ok,3,0.0,3,0,0,28.583155759477034,0.8486193664367265,27.1705464839835,0.029453516016500415,7.063046377467663,0.0,0.0,0.8486193664367265,28.583155759477034,0.0,28.510650036599348,-0.07250572287768027,0.07250572287768027,2.688109263682834,2.8014372403149514,-0.1133279766321178,0.2029269066167084,0.05633211143401418
decision-evaluation-022,prior,ok,3,0.0,3,0,0,29.09625077027285,0.85,27.2,0.0,9.481253851364247,0.0,0.0,0.85,29.09625077027285,0.030961953618734366,31.028830110038854,1.9325793397660018,1.9325793397660018,3.7519810829161044,3.111562495604526,0.6404185873115779,0.6404185873115779,1.9131481941153183
decision-evaluation-022,learned,ok,3,0.3333333333333333,2,0,1,29.11558406382403,0.85,27.2,0.0,9.577920319120148,1.259247276854014,0.0,0.85,29.10019388280885,0.011628660067554364,29.05880062573964,-0.05678343808438768,0.11115462326541348,3.0136507682856597,3.111562495604526,-0.09791172731886662,0.15685584909047753,0.10901540809969863
decision-evaluation-022,known,ok,3,0.8333333333333334,0,1,2,29.12389061537533,0.8492347386040735,27.18367442355357,0.016325576446432465,9.701080959108806,2.5641132135187985,0.0,0.85,29.10427984219683,0.0033221085162568422,29.07749881070083,-0.04639180467449696,0.06133065056189224,3.0251950635781846,3.111562495604526,-0.08636743202634205,0.15865332655411976,0.060275611736146734
decision-evaluation-023,prior,ok,3,0.0,3,0,0,37.16438030708067,0.85,27.2,0.0,49.821901535403335,0.0,0.0,0.85,37.16438030708067,0.0,35.201239620908446,-1.9631406861722145,1.9631406861722145,4.104678170253561,4.848892905500281,-0.7442147352467199,0.7442147352467199,1.9240397742534148
decision-evaluation-023,learned,ok,3,0.0,3,0,0,37.16438030708067,0.85,27.2,0.0,49.821901535403335,0.0,0.0,0.85,37.16438030708067,0.0,37.059069795252675,-0.10531051182799445,0.1581873516334961,4.7985367179439065,4.848892905500281,-0.05035618755637442,0.32867128926102546,0.1516294877964065
decision-evaluation-023,known,ok,3,0.0,3,0,0,37.16438030708067,0.85,27.2,0.0,49.821901535403335,0.0,0.0,0.85,37.16438030708067,0.0,37.08516752713211,-0.07921277994856268,0.08695311524339881,4.73700688440394,4.848892905500281,-0.11188602109633965,0.33084385738686173,0.08373632082813585
