action,actual_budget,arena_id,budget_absolute_error,budget_prediction_error,condition,consumption_per_member,external_harm,focal,focal_welfare,forecast_budget,forecast_utility,investment,menu_forecast_mae,other_society_utility,other_society_welfare,regret,shortfall_per_member,status,terminal_wealth_per_member,utility,utility_absolute_error,utility_prediction_error
0.0,4.846529567793028,decision-evaluation-000,1.248067966219975,-1.248067966219975,prior,27.2,0.0,0,0.85,3.598461601573053,35.64807908142493,0.0,2.090676211587715,38.97153240541756,0.85,0.07418188433520356,0.0,ok,52.48934580894226,37.697869161788454,2.049790080363522,-2.049790080363522
0.0,4.846529567793028,decision-evaluation-000,0.5950251040654271,-0.5950251040654271,learned,27.2,0.0,0,0.85,4.251504463727601,37.53116364985831,0.0,0.2067716062642949,38.97153240541756,0.85,0.07418188433520356,0.0,ok,52.48934580894226,37.697869161788454,0.1667055119301466,-0.1667055119301466
1.0,4.846529567793028,decision-evaluation-000,0.45149167292486236,-0.45149167292486236,known,27.2,0.0,0,0.85,4.395037894868166,37.7606757200856,4.846529567793028,0.007920018215140582,38.99238769488353,0.85,0.0,0.0,ok,52.86025523061829,37.77205104612366,0.011375326038056244,-0.011375326038056244
0.0,5.712860992320809,decision-evaluation-000,1.1464580904792543,-1.1464580904792543,prior,27.2,0.0,1,0.85,4.566402901841554,36.02232868605117,0.0,2.248485440874551,38.710741518088525,0.85,0.08744211449192107,0.0,ok,55.097254682232716,38.21945093644654,2.197122250395374,-2.197122250395374
1.0,5.712860992320809,decision-evaluation-000,0.12597253820360965,-0.12597253820360965,learned,27.2,0.0,1,0.85,5.586888454117199,38.51258890635325,5.712860992320809,0.23916935466525993,38.73523685655551,0.85,0.0,0.0,ok,55.534465254692314,38.30689305093846,0.2056958554147883,0.2056958554147883
1.0,5.712860992320809,decision-evaluation-000,0.03231174031660977,-0.03231174031660977,known,27.2,0.0,1,0.85,5.680549252004199,38.75414668404735,5.712860992320809,0.44750091786690877,38.73523685655551,0.85,0.0,0.0,ok,55.534465254692314,38.30689305093846,0.4472536331088861,0.4472536331088861
0.0,5.595552271375811,decision-evaluation-000,0.16444772862418944,0.16444772862418944,prior,27.2,0.0,2,0.85,5.760000000000001,36.93081501427939,0.0,2.821063187332373,37.9586600491175,0.85,0.001979653390876024,0.0,ok,62.618069371942966,39.72361387438859,2.792798860109201,-2.792798860109201
0.5,5.595552271375811,decision-evaluation-000,0.16444772862418944,0.16444772862418944,learned,27.2,0.0,2,0.85,5.760000000000001,39.85248964419647,2.7977761356879056,0.13433228464266733,37.97179346361837,0.85,0.0,0.0,ok,62.62796763889732,39.725593527779466,0.12689611641700083,0.12689611641700083
1.0,5.595552271375811,decision-evaluation-000,0.16444772862418944,0.16444772862418944,known,27.2,0.0,2,0.85,5.760000000000001,39.78711638123933,5.595552271375811,0.0669682965764693,37.98492687811924,0.85,0.03167710057969231,0.0,ok,62.46958213599886,39.693916427199774,0.09319995403955517,0.09319995403955517
0.0,2.4034452930496264,decision-evaluation-001,1.2484331468499215,1.2484331468499215,prior,25.32919793638218,0.0,0,0.7623061532679146,3.651878439899548,29.655890667911663,0.0,4.0460317248476665,24.641268739368456,0.7163930531998951,0.09217843352705657,1.8708020636178218,ok,0.7742101503675317,25.484039966455686,4.171850701455977,4.171850701455977
1.0,2.4034452930496264,decision-evaluation-001,0.11447090401955551,0.11447090401955551,learned,25.398366183038902,0.0,0,0.7655484148299485,2.517916197069182,25.638773819990945,2.4034452930496264,0.09936465644545815,24.687403870365117,0.7183097472077518,0.0,1.8016338169610981,ok,0.8892610847191977,25.576218399982743,0.06255542000820213,0.06255542000820213
0.5,2.4034452930496264,decision-evaluation-001,0.11999913204864265,0.11999913204864265,known,25.378664038391992,0.0,0,0.7646248767996247,2.523444425098269,25.642120861238887,1.2017226465248132,0.10318106336510979,24.664336304866787,0.7173514002038235,0.03366608955879258,1.8213359616080071,ok,0.8194413601597903,25.54255231042395,0.09956855081493643,0.09956855081493643
0.0,2.7339973684665972,decision-evaluation-001,1.038621984790736,1.038621984790736,prior,26.725537407343793,0.0,1,0.8277595659692403,3.7726193532573333,30.608970293511817,0.0,3.285368355990004,23.751291475740498,0.6836663468492323,0.0857569115097192,0.47446259265620655,ok,2.6922854318390597,27.263994493711607,3.34497579980021,3.34497579980021
1.0,2.7339973684665972,decision-evaluation-001,0.06735518517370931,-0.06735518517370931,learned,26.7787380328451,0.0,1,0.8302533452896141,2.666642183292888,27.36718731863331,2.7339973684665972,0.04367739791191146,23.814358704258872,0.6865059630726571,0.0,0.42126196715489767,ok,2.8550668618811175,27.349751405221326,0.01743591341198325,0.01743591341198325
1.0,2.7339973684665972,decision-evaluation-001,0.02937295496558967,-0.02937295496558967,known,26.7787380328451,0.0,1,0.8302533452896141,2.7046244135010076,27.40709114402639,2.7339973684665972,0.07370098055893474,23.814358704258872,0.6865059630726571,0.0,0.42126196715489767,ok,2.8550668618811175,27.349751405221326,0.05733973880506227,0.05733973880506227
0.0,1.9416363060276816,decision-evaluation-001,1.34732501881977,1.34732501881977,prior,21.973899529185065,0.0,2,0.6050265404305499,3.2889613248474516,28.69244698854022,0.0,6.558305782468921,26.374017230083645,0.7950328596185774,0.0962997311755025,5.2261004708149335,ok,0.22321727920122855,22.01854298502531,6.6739040035149095,6.6739040035149095
1.0,1.9416363060276816,decision-evaluation-001,0.08629149380037937,-0.08629149380037937,learned,22.069544392192828,0.0,2,0.6095098933840387,1.8553448122273022,21.537937759356744,1.9416363060276816,0.5498580987302345,26.405556512367088,0.7962325140105558,0.0,5.130455607807173,ok,0.2264916200399182,22.114842716200812,0.5769049568440678,-0.5769049568440678
1.0,1.9416363060276816,decision-evaluation-001,0.05487607390772431,-0.05487607390772431,known,22.069544392192828,0.0,2,0.6095098933840387,1.8867602321199572,21.95148611781064,1.9416363060276816,0.15443825715176254,26.405556512367088,0.7962325140105558,0.0,5.130455607807173,ok,0.2264916200399182,22.114842716200812,0.16335659839017325,-0.16335659839017325
0.0,3.602296528772297,decision-evaluation-002,0.5045507015335131,0.5045507015335131,prior,27.2,0.0,0,0.85,4.10684723030581,32.086116720696424,0.0,1.1798552585175948,31.483623857324886,0.85,0.0,0.0,ok,18.747989611267634,30.949597922253528,1.1365187984428964,1.1365187984428964
0.0,3.602296528772297,decision-evaluation-002,0.22647940119016763,-0.22647940119016763,learned,27.2,0.0,0,0.85,3.3758171275821294,30.705620670810475,0.0,0.24031560532030719,31.483623857324886,0.85,0.0,0.0,ok,18.747989611267634,30.949597922253528,0.24397725144305227,-0.24397725144305227
0.0,3.602296528772297,decision-evaluation-002,0.2156140986422308,-0.2156140986422308,known,27.2,0.0,0,0.85,3.386682430130066,30.7316638331479,0.0,0.21508362511892068,31.483623857324886,0.85,0.0,0.0,ok,18.747989611267634,30.949597922253528,0.21793408910562917,-0.21793408910562917
0.0,3.0342158810097035,decision-evaluation-002,0.3557679295746108,0.3557679295746108,prior,27.2,0.0,1,0.85,3.3899838105843143,32.5757634018891,0.0,0.7477639448591447,31.02614741559823,0.85,0.0,0.0,ok,23.322754028534174,31.864550805706834,0.7112125961822642,0.7112125961822642
1.0,3.0342158810097035,decision-evaluation-002,0.15649334831649098,0.15649334831649098,learned,27.2,0.0,1,0.85,3.1907092293261945,32.09830205138184,3.0342158810097035,0.2718387843820456,31.04149692567009,0.85,0.08022595137492772,0.0,ok,22.92162427165954,31.784324854331906,0.31397719704993676,0.31397719704993676
0.0,3.0342158810097035,decision-evaluation-002,0.04126629667254411,0.04126629667254411,known,27.2,0.0,1,0.85,3.0754821776822476,31.84929894359484,0.0,0.015797411281880613,31.02614741559823,0.85,0.0,0.0,ok,23.322754028534174,31.864550805706834,0.015251862111995251,-0.015251862111995251
0.0,3.5939980011795143,decision-evaluation-002,0.4658308695096407,0.4658308695096407,prior,27.2,0.0,2,0.85,4.059828870689155,32.32699950944625,0.0,1.2667788671118625,31.40707436398018,0.85,0.0,0.0,ok,19.513484544714697,31.10269690894294,1.2243026005033144,1.2243026005033144
0.0,3.5939980011795143,decision-evaluation-002,0.19193299477586878,-0.19193299477586878,learned,27.2,0.0,2,0.85,3.4020650064036455,31.046805654600576,0.0,0.05029724986670914,31.40707436398018,0.85,0.0,0.0,ok,19.513484544714697,31.10269690894294,0.055891254342363084,-0.055891254342363084
0.0,3.5939980011795143,decision-evaluation-002,0.21249924594717395,-0.21249924594717395,known,27.2,0.0,2,0.85,3.3814987552323403,31.020127188264425,0.0,0.07976043570323317,31.40707436398018,0.85,0.0,0.0,ok,19.513484544714697,31.10269690894294,0.08256972067851365,-0.08256972067851365
0.0,3.923549268652037,decision-evaluation-003,0.23678227534882623,-0.23678227534882623,prior,27.2,0.0,0,0.85,3.686766993303211,35.33258581315047,0.0,1.1290896471442124,37.133285816797624,0.85,0.016188321810361117,0.0,ok,46.259588909912154,36.45191778198243,1.1193319688319576,-1.1193319688319576
1.0,3.923549268652037,decision-evaluation-003,0.15018548041592972,0.15018548041592972,learned,27.2,0.0,0,0.85,4.073734749067967,36.380719387048515,3.923549268652037,0.0816321893779488,37.14996769658984,0.85,0.0,0.0,ok,46.34053051896396,36.46810610379279,0.08738671674427678,-0.08738671674427678
1.0,3.923549268652037,decision-evaluation-003,0.19306698707138192,0.19306698707138192,known,27.2,0.0,0,0.85,4.116616255723419,36.53014474236052,3.923549268652037,0.06164034733908844,37.14996769658984,0.85,0.0,0.0,ok,46.34053051896396,36.46810610379279,0.062038638567727844,0.062038638567727844
0.0,4.819380989996203,decision-evaluation-003,0.481536898494074,-0.481536898494074,prior,27.2,0.0,1,0.85,4.337844091502129,34.890673080902744,0.0,1.831474802621294,37.00651972453102,0.85,0.019884468130968003,0.0,ok,47.52724983257821,36.705449966515644,1.8147768856129005,-1.8147768856129005
1.0,4.819380989996203,decision-evaluation-003,0.44055999112800315,0.44055999112800315,learned,27.2,0.0,1,0.85,5.259940981124206,36.9526884831991,4.819380989996203,0.22076936045921278,37.02701044067682,0.85,0.0,0.0,ok,47.62667217323305,36.72533443464661,0.22735404855248476,0.22735404855248476
1.0,4.819380989996203,decision-evaluation-003,0.39583215815920525,0.39583215815920525,known,27.2,0.0,1,0.85,5.215213148155408,36.866391494051385,4.819380989996203,0.14024046989353658,37.02701044067682,0.85,0.0,0.0,ok,47.62667217323305,36.72533443464661,0.14105705940477264,0.14105705940477264
0.0,5.671736189994023,decision-evaluation-003,1.1770956529544465,-1.1770956529544465,prior,27.2,0.0,2,0.85,4.494640537039577,35.65609659249327,0.0,1.9247281341785154,36.57868387424904,0.85,0.02340123301132735,0.0,ok,51.805608335398034,37.561121667079604,1.9050250745863337,-1.9050250745863337
1.0,5.671736189994023,decision-evaluation-003,0.3030117678815305,-0.3030117678815305,learned,27.2,0.0,2,0.85,5.368724422112493,37.59946567475923,5.671736189994023,0.01950391300796876,36.60279857623344,0.85,0.0,0.0,ok,51.92261450045464,37.58452290009093,0.014942774668298853,0.014942774668298853
1.0,5.671736189994023,decision-evaluation-003,0.30179837309809443,-0.30179837309809443,known,27.2,0.0,2,0.85,5.369937816895929,37.58481825020017,5.671736189994023,0.0009179508275091545,36.60279857623344,0.85,0.0,0.0,ok,51.92261450045464,37.58452290009093,0.0002953501092406441,0.0002953501092406441
0.0,3.451075238092584,decision-evaluation-004,0.6810910238067454,0.6810910238067454,prior,27.2,0.0,0,0.85,4.13216626189933,32.94705677095001,0.0,0.6608622800222103,32.50457365110549,0.85,0.0,0.0,ok,25.6207638426555,32.3241527685311,0.6229040024189132,0.6229040024189132
0.0,3.451075238092584,decision-evaluation-004,0.41961516868566884,0.41961516868566884,learned,27.2,0.0,0,0.85,3.870690406778253,32.45741271764283,0.0,0.1469513499615521,32.50457365110549,0.85,0.0,0.0,ok,25.6207638426555,32.3241527685311,0.1332599491117321,0.1332599491117321
0.0,3.451075238092584,decision-evaluation-004,0.2916396436592765,0.2916396436592765,known,27.2,0.0,0,0.85,3.7427148817518607,32.389116137442066,0.0,0.06149741605170789,32.50457365110549,0.85,0.0,0.0,ok,25.6207638426555,32.3241527685311,0.06496336891096632,0.06496336891096632
0.0,3.34863498838269,decision-evaluation-004,0.7373045897910444,0.7373045897910444,prior,27.2,0.0,1,0.85,4.085939578173734,32.17246639799982,0.0,0.532016003360012,32.830011729006365,0.85,0.0,0.0,ok,22.36638306364672,31.673276612729342,0.4991897852704774,0.4991897852704774
0.0,3.34863498838269,decision-evaluation-004,0.3780373111117985,0.3780373111117985,learned,27.2,0.0,1,0.85,3.7266722994944885,31.686384958698717,0.0,0.0068642465491291675,32.830011729006365,0.85,0.0,0.0,ok,22.36638306364672,31.673276612729342,0.013108345969374824,0.013108345969374824
0.0,3.34863498838269,decision-evaluation-004,0.37373728648477655,0.37373728648477655,known,27.2,0.0,1,0.85,3.7223722748674666,31.71193639926554,0.0,0.034218155074677035,32.830011729006365,0.85,0.0,0.0,ok,22.36638306364672,31.673276612729342,0.03865978653619706,0.03865978653619706
0.0,3.754547944338045,decision-evaluation-004,0.37399193040544665,-0.37399193040544665,prior,27.2,0.0,2,0.85,3.3805560139325985,33.14348018247418,0.0,0.1537629945711577,31.998714690630223,0.85,0.0,0.0,ok,30.679353447408168,33.33587068948163,0.19239050700745253,-0.19239050700745253
0.0,3.754547944338045,decision-evaluation-004,0.35569725174915146,-0.35569725174915146,learned,27.2,0.0,2,0.85,3.3988506925888937,33.26981045765276,0.0,0.034201511029730604,31.998714690630223,0.85,0.0,0.0,ok,30.679353447408168,33.33587068948163,0.066060231828871,-0.066060231828871
0.0,3.754547944338045,decision-evaluation-004,0.40419537759970625,-0.40419537759970625,known,27.2,0.0,2,0.85,3.350352566738339,33.24825013463608,0.0,0.0828169482195354,31.998714690630223,0.85,0.0,0.0,ok,30.679353447408168,33.33587068948163,0.0876205548455502,-0.0876205548455502
0.0,4.565361290483828,decision-evaluation-005,0.3258787229642808,-0.3258787229642808,prior,27.2,0.0,0,0.85,4.2394825675195476,33.48063989558412,0.0,0.3956246391641945,34.82354335442639,0.85,0.0,0.0,ok,33.58173907528761,33.91634781505752,0.43570791947340126,-0.43570791947340126
0.0,4.565361290483828,decision-evaluation-005,0.2384157878920572,-0.2384157878920572,learned,27.2,0.0,0,0.85,4.326945502591771,34.05802361054819,0.0,0.14343176314219144,34.82354335442639,0.85,0.0,0.0,ok,33.58173907528761,33.91634781505752,0.14167579549067,0.14167579549067
0.0,4.565361290483828,decision-evaluation-005,0.3190628256962622,-0.3190628256962622,known,27.2,0.0,0,0.85,4.246298464787566,33.94981545937212,0.0,0.036972191392434205,34.82354335442639,0.85,0.0,0.0,ok,33.58173907528761,33.91634781505752,0.03346764431459803,0.03346764431459803
0.0,3.3558753602119458,decision-evaluation-005,0.042726307435383415,0.042726307435383415,prior,27.2,0.0,1,0.85,3.398601667647329,34.02131129560931,0.0,1.2420924677430207,34.132484419407064,0.85,0.0,0.0,ok,40.49232842548095,35.29846568509619,1.2771543894868813,-1.2771543894868813
0.0,3.3558753602119458,decision-evaluation-005,0.4708796451031976,0.4708796451031976,learned,27.2,0.0,1,0.85,3.8267550053151433,35.3583055315932,0.0,0.08814718369276875,34.132484419407064,0.85,0.0,0.0,ok,40.49232842548095,35.29846568509619,0.05983984649701313,0.05983984649701313
0.0,3.3558753602119458,decision-evaluation-005,0.38522510037762636,0.38522510037762636,known,27.2,0.0,1,0.85,3.741100460589572,35.256834899482556,0.0,0.04586205102944282,34.132484419407064,0.85,0.0,0.0,ok,40.49232842548095,35.29846568509619,0.0416307856136342,-0.0416307856136342
0.0,4.46346485647542,decision-evaluation-005,0.2149693673786084,-0.2149693673786084,prior,27.2,0.0,2,0.85,4.248495489096811,34.05679966947112,0.0,0.25065415632165156,34.607406750076855,0.85,0.0,0.0,ok,35.743105118783,34.3486210237566,0.2918213542854815,-0.2918213542854815
0.0,4.46346485647542,decision-evaluation-005,0.25660905718863436,-0.25660905718863436,learned,27.2,0.0,2,0.85,4.206855799286785,34.48074609504903,0.0,0.12706501103744236,34.607406750076855,0.85,0.0,0.0,ok,35.743105118783,34.3486210237566,0.13212507129242823,0.13212507129242823
0.0,4.46346485647542,decision-evaluation-005,0.23712391317288617,-0.23712391317288617,known,27.2,0.0,2,0.85,4.226340943302533,34.48948121673641,0.0,0.14346473305803187,34.607406750076855,0.85,0.0,0.0,ok,35.743105118783,34.3486210237566,0.14086019297980812,0.14086019297980812
0.0,4.717762740552194,decision-evaluation-006,1.0949209353541525,-1.0949209353541525,prior,27.2,0.0,0,0.85,3.6228418051980418,35.385718900925156,0.0,2.115008168950643,39.818597532737584,0.85,0.09892780189381511,0.0,ok,51.232756289483646,37.44655125789673,2.0608323569715736,-2.0608323569715736
1.0,4.717762740552194,decision-evaluation-006,0.30907166178184386,-0.30907166178184386,learned,27.2,0.0,0,0.85,4.40869107877035,37.45019991953163,4.717762740552194,0.09318197851114245,39.83211974064385,0.85,0.0,0.0,ok,51.727395298952715,37.545479059790544,0.09527914025891704,-0.09527914025891704
1.0,4.717762740552194,decision-evaluation-006,0.30846630321213553,-0.30846630321213553,known,27.2,0.0,0,0.85,4.409296437340059,37.57533395758729,4.717762740552194,0.0330890465885858,39.83211974064385,0.85,0.0,0.0,ok,51.727395298952715,37.545479059790544,0.02985489779674566,0.02985489779674566
0.0,5.300181376027073,decision-evaluation-006,0.3505429296807634,0.3505429296807634,prior,27.2,0.0,1,0.85,5.650724305707836,36.443080091201665,0.0,3.1381447392179047,38.783564284579924,0.85,0.08088743131472853,0.0,ok,61.583088771060204,39.51661775421204,3.0735376630103772,-3.0735376630103772
1.0,5.300181376027073,decision-evaluation-006,0.45981862397292783,0.45981862397292783,learned,27.2,0.0,1,0.85,5.760000000000001,39.36383425541372,5.300181376027073,0.24472450819483763,38.79875584007963,0.85,0.0,0.0,ok,61.98752592763384,39.59750518552677,0.23367093011304974,-0.23367093011304974
1.0,5.300181376027073,decision-evaluation-006,0.45981862397292783,0.45981862397292783,known,27.2,0.0,1,0.85,5.760000000000001,39.55489337313702,5.300181376027073,0.06760165433577707,38.79875584007963,0.85,0.0,0.0,ok,61.98752592763384,39.59750518552677,0.04261181238975098,-0.04261181238975098
0.0,5.658888921044641,decision-evaluation-006,0.10111107895535998,0.10111107895535998,prior,27.2,0.0,2,0.85,5.760000000000001,36.88960777371932,0.0,3.2775560064374005,38.48158450605439,0.85,0.03438368855046292,0.0,ok,64.6028865563156,40.12057731126312,3.2309695375437997,-3.2309695375437997
0.0,5.658888921044641,decision-evaluation-006,0.10111107895535998,0.10111107895535998,learned,27.2,0.0,2,0.85,5.760000000000001,40.32964919939185,0.0,0.18482693506327053,38.48158450605439,0.85,0.03438368855046292,0.0,ok,64.6028865563156,40.12057731126312,0.209071888128733,0.209071888128733
0.5,5.658888921044641,decision-evaluation-006,0.10111107895535998,0.10111107895535998,known,27.2,0.0,2,0.85,5.760000000000001,40.232563598064374,2.8294444605223203,0.09066768860847436,38.490645048808446,0.85,0.01719184427523146,0.0,ok,64.68884577769177,40.13776915553835,0.0947944425260232,0.0947944425260232
0.0,1.7907533004593856,decision-evaluation-007,1.8708396225268002,1.8708396225268002,prior,22.194196979319617,0.0,0,0.6153529834056071,3.661592922986186,29.7676014965769,0.0,7.59631858691051,22.6574925514754,0.6345276337646009,0.0,5.005803020680384,ok,0.17394740895093577,22.228986461109805,7.538615035467096,7.538615035467096
0.0,1.7907533004593856,decision-evaluation-007,0.05836258562771035,0.05836258562771035,learned,22.194196979319617,0.0,0,0.6153529834056071,1.849115886087096,21.68988784449197,0.0,0.541938732191781,22.6574925514754,0.6345276337646009,0.0,5.005803020680384,ok,0.17394740895093577,22.228986461109805,0.5390986166178351,-0.5390986166178351
0.0,1.7907533004593856,decision-evaluation-007,0.09264864967991548,0.09264864967991548,known,22.194196979319617,0.0,0,0.6153529834056071,1.8834019501393011,22.125916331301465,0.0,0.09814124380182083,22.6574925514754,0.6345276337646009,0.0,5.005803020680384,ok,0.17394740895093577,22.228986461109805,0.10307012980834074,-0.10307012980834074
0.0,2.0318019791531268,decision-evaluation-007,1.5654277675537123,1.5654277675537123,prior,23.44448668752374,0.0,1,0.6739603134776753,3.597229746706839,29.65644858317001,0.0,6.25088919286772,22.03532241638704,0.6052239687285668,0.0,3.7555133124762623,ok,0.14420021881396808,23.473326731286534,6.183121851883477,6.183121851883477
0.0,2.0318019791531268,decision-evaluation-007,0.11022980308200436,-0.11022980308200436,learned,23.44448668752374,0.0,1,0.6739603134776753,1.9215721760711224,22.752609176003013,0.0,0.722420241920774,22.03532241638704,0.6052239687285668,0.0,3.7555133124762623,ok,0.14420021881396808,23.473326731286534,0.720717555283521,-0.720717555283521
0.0,2.0318019791531268,decision-evaluation-007,0.13238331758221933,-0.13238331758221933,known,23.44448668752374,0.0,1,0.6739603134776753,1.8994186615709074,22.60905780347431,0.0,0.8579001605739028,22.03532241638704,0.6052239687285668,0.0,3.7555133124762623,ok,0.14420021881396808,23.473326731286534,0.8642689278122226,-0.8642689278122226
0.0,1.7542584578274902,decision-evaluation-007,1.543811124960397,1.543811124960397,prior,21.762025686432565,0.0,2,0.5950949540515265,3.298069582787887,29.164811430659988,0.0,7.394338620835832,22.85115659619817,0.6446566484416412,0.0,5.437974313567435,ok,0.3981634261585296,21.84165837166427,7.323153058995718,7.323153058995718
0.0,1.7542584578274902,decision-evaluation-007,0.018655744291859566,0.018655744291859566,learned,21.762025686432565,0.0,2,0.5950949540515265,1.7729142021193498,22.306835912527532,0.0,0.5240116660268216,22.85115659619817,0.6446566484416412,0.0,5.437974313567435,ok,0.3981634261585296,21.84165837166427,0.46517754086326235,0.46517754086326235
0.0,1.7542584578274902,decision-evaluation-007,0.05971724402430789,-0.05971724402430789,known,21.762025686432565,0.0,2,0.5950949540515265,1.6945412138031823,21.721227384227934,0.0,0.11191309837914432,22.85115659619817,0.6446566484416412,0.0,5.437974313567435,ok,0.3981634261585296,21.84165837166427,0.12043098743633607,-0.12043098743633607
0.0,5.898333735606819,decision-evaluation-008,0.1383337356068184,-0.1383337356068184,prior,27.2,0.0,0,0.85,5.760000000000001,37.19528708248585,0.0,3.4905659311809694,38.81617664725019,0.85,0.07657597192896048,0.0,ok,67.07557271956361,40.615114543912725,3.419827461426877,-3.419827461426877
0.5,5.898333735606819,decision-evaluation-008,0.1383337356068184,-0.1383337356068184,learned,27.2,0.0,0,0.85,5.760000000000001,40.49179852571025,2.9491668678034095,0.16681986444946753,38.832277686640296,0.85,0.03828798596448024,0.0,ok,67.26701264938602,40.653402529877205,0.16160400416695353,-0.16160400416695353
0.5,5.898333735606819,decision-evaluation-008,0.1383337356068184,-0.1383337356068184,known,27.2,0.0,0,0.85,5.760000000000001,40.47365759841935,2.9491668678034095,0.1847814825931664,38.832277686640296,0.85,0.03828798596448024,0.0,ok,67.26701264938602,40.653402529877205,0.1797449314578543,-0.1797449314578543
0.0,4.974011136692474,decision-evaluation-008,1.3890879513953838,-1.3890879513953838,prior,27.2,0.0,1,0.85,3.5849231852970904,35.92939423777641,0.0,2.63008825135703,39.86236582293619,0.85,0.06457581992661687,0.0,ok,56.613680962703576,38.52273619254072,2.5933419547643126,-2.5933419547643126
1.0,4.974011136692474,decision-evaluation-008,0.3398812855173228,-0.3398812855173228,learned,27.2,0.0,1,0.85,4.634129851175151,38.58009948754392,4.974011136692474,0.00525809588878919,39.88952154278137,0.85,0.0,0.0,ok,56.9365600623367,38.587312012467336,0.007212524923417618,-0.007212524923417618
1.0,4.974011136692474,decision-evaluation-008,0.41555304484390465,-0.41555304484390465,known,27.2,0.0,1,0.85,4.5584580918485695,38.47771409546799,4.974011136692474,0.1069004282064725,39.88952154278137,0.85,0.0,0.0,ok,56.9365600623367,38.587312012467336,0.1095979169993484,-0.1095979169993484
0.0,5.7767093844836825,decision-evaluation-008,0.9721747066873707,-0.9721747066873707,prior,27.2,0.0,2,0.85,4.804534677796312,36.400655839388186,0.0,2.757456827612534,39.56892536822672,0.85,0.07499696617666984,0.0,ok,59.54808550979828,39.10961710195966,2.7089612625714707,-2.7089612625714707
1.0,5.7767093844836825,decision-evaluation-008,0.025528303066320035,-0.025528303066320035,learned,27.2,0.0,2,0.85,5.7511810814173625,39.468250500732125,5.7767093844836825,0.28273239640367837,39.600463436268996,0.85,0.0,0.0,ok,59.923070340681626,39.18461406813633,0.28363643259579874,0.28363643259579874
1.0,5.7767093844836825,decision-evaluation-008,0.016855580362944877,-0.016855580362944877,known,27.2,0.0,2,0.85,5.759853804120738,39.43615636080071,5.7767093844836825,0.2516517076709377,39.600463436268996,0.85,0.0,0.0,ok,59.923070340681626,39.18461406813633,0.2515422926643822,0.2515422926643822
0.0,3.1964195955593224,decision-evaluation-009,0.24540737949534286,0.24540737949534286,prior,27.2,0.0,0,0.85,3.4418269750546653,32.43567617741955,0.0,0.603924473504352,33.56876406034501,0.85,0.06018768494304538,0.0,ok,22.992388130033195,31.798477626006637,0.637198551412915,0.637198551412915
1.0,3.1964195955593224,decision-evaluation-009,0.058655273928589935,-0.058655273928589935,learned,27.2,0.0,0,0.85,3.1377643216307325,31.75707663629738,3.1964195955593224,0.08854514658225672,33.57652768831147,0.85,0.0,0.0,ok,23.293326554748404,31.858665310949682,0.10158867465230159,-0.10158867465230159
1.0,3.1964195955593224,decision-evaluation-009,0.027695476157752807,-0.027695476157752807,known,27.2,0.0,0,0.85,3.1687241194015696,31.817250741050536,3.1964195955593224,0.041153820873010005,33.57652768831147,0.85,0.0,0.0,ok,23.293326554748404,31.858665310949682,0.04141456989914616,-0.04141456989914616
0.0,4.011433973865731,decision-evaluation-009,0.10523443868798665,0.10523443868798665,prior,27.2,0.0,1,0.85,4.116668412553718,33.0042525713117,0.0,0.16575089930585327,32.90424299957853,0.85,0.0755341772163689,0.0,ok,29.637598737698063,33.12751974753961,0.1232671762279054,-0.1232671762279054
1.0,4.011433973865731,decision-evaluation-009,0.20652222178663848,0.20652222178663848,learned,27.2,0.0,1,0.85,4.21795619565237,32.894791363769755,4.011433973865731,0.2844500334097712,32.91398617629675,0.85,0.0,0.0,ok,30.015269623779904,33.20305392475598,0.30826256098622196,-0.30826256098622196
1.0,4.011433973865731,decision-evaluation-009,0.3547101624469926,0.3547101624469926,known,27.2,0.0,1,0.85,4.366144136312724,33.162944416714154,4.011433973865731,0.04344905450391915,32.91398617629675,0.85,0.0,0.0,ok,30.015269623779904,33.20305392475598,0.040109508041823005,-0.040109508041823005
0.0,4.33217034957727,decision-evaluation-009,0.042775413430729436,0.042775413430729436,prior,27.2,0.0,2,0.85,4.374945763007999,34.13824692011099,0.0,0.08530089131871203,32.46299868677312,0.85,0.08157355326008542,0.0,ok,34.05004186575205,34.01000837315041,0.12823854696057424,0.12823854696057424
1.0,4.33217034957727,decision-evaluation-009,0.28846198053175165,0.28846198053175165,learned,27.2,0.0,2,0.85,4.6206323301090215,34.082118713179014,4.33217034957727,0.010331069998964418,32.47352088446213,0.85,0.0,0.0,ok,34.4579096320525,34.0915819264105,0.009463213231484247,-0.009463213231484247
1.0,4.33217034957727,decision-evaluation-009,0.2911814574902065,0.2911814574902065,known,27.2,0.0,2,0.85,4.623351807067476,34.147539979817,4.33217034957727,0.05321662079718218,32.47352088446213,0.85,0.0,0.0,ok,34.4579096320525,34.0915819264105,0.055958053406499175,0.055958053406499175
0.0,2.2559616193285312,decision-evaluation-010,1.4474052430246194,1.4474052430246194,prior,25.674635357600526,0.0,0,0.7784985323875246,3.7033668623531506,29.797309527734406,0.0,4.032059606042458,26.490789798030633,0.7983391786677714,0.0,1.5253646423994742,ok,0.841733397178736,25.842982037036272,3.954327490698134,3.954327490698134
0.0,2.2559616193285312,decision-evaluation-010,0.07016793765792473,0.07016793765792473,learned,25.674635357600526,0.0,0,0.7784985323875246,2.326129556986456,25.596089099693028,0.0,0.21687137291482964,26.490789798030633,0.7983391786677714,0.0,1.5253646423994742,ok,0.841733397178736,25.842982037036272,0.2468929373432438,-0.2468929373432438
0.0,2.2559616193285312,decision-evaluation-010,0.06394218362286219,0.06394218362286219,known,25.674635357600526,0.0,0,0.7784985323875246,2.3199038029513934,25.7819915835761,0.0,0.06192309997845532,26.490789798030633,0.7983391786677714,0.0,1.5253646423994742,ok,0.841733397178736,25.842982037036272,0.06099045346017107,-0.06099045346017107
0.0,2.3438572749597104,decision-evaluation-010,1.4434294220446926,1.4434294220446926,prior,26.518996512331857,0.0,1,0.8180779615155558,3.787286697004403,30.546756559443153,0.0,3.777248070464978,25.994113032580493,0.7785494641037558,0.0,0.6810034876681434,ok,1.5866952780234924,26.836335567936555,3.7104209915065987,3.7104209915065987
0.0,2.3438572749597104,decision-evaluation-010,0.0160756573594365,0.0160756573594365,learned,26.518996512331857,0.0,1,0.8180779615155558,2.359932932319147,26.446824199797657,0.0,0.372346542620176,25.994113032580493,0.7785494641037558,0.0,0.6810034876681434,ok,1.5866952780234924,26.836335567936555,0.38951136813889775,-0.38951136813889775
0.0,2.3438572749597104,decision-evaluation-010,0.003482423140369395,-0.003482423140369395,known,26.518996512331857,0.0,1,0.8180779615155558,2.340374851819341,26.53547636310976,0.0,0.29984420673954776,25.994113032580493,0.7785494641037558,0.0,0.6810034876681434,ok,1.5866952780234924,26.836335567936555,0.3008592048267964,-0.3008592048267964
0.0,2.1894972215195807,decision-evaluation-010,1.1540842082012879,1.1540842082012879,prior,25.67680844415972,0.0,2,0.7786003958199871,3.3435814297208686,29.849656429272358,0.0,3.758543622140555,26.33965880248641,0.7982882469515402,0.0,1.5231915558402762,ok,2.34217791982495,26.14524402812471,3.7044124011476462,3.7044124011476462
0.0,2.1894972215195807,decision-evaluation-010,0.10953767820706162,-0.10953767820706162,learned,25.67680844415972,0.0,2,0.7786003958199871,2.079959543312519,26.037414018247205,0.0,0.11461900107716734,26.33965880248641,0.7982882469515402,0.0,1.5231915558402762,ok,2.34217791982495,26.14524402812471,0.10783000987750668,-0.10783000987750668
0.0,2.1894972215195807,decision-evaluation-010,0.08922535096449247,-0.08922535096449247,known,25.67680844415972,0.0,2,0.7786003958199871,2.1002718705550882,26.139410934317034,0.0,0.006051685902660846,26.33965880248641,0.7982882469515402,0.0,1.5231915558402762,ok,2.34217791982495,26.14524402812471,0.005833093807677159,-0.005833093807677159
0.0,5.8085426353867495,decision-evaluation-011,0.9893760650616059,-0.9893760650616059,prior,27.2,0.0,0,0.85,4.819166570325144,35.87751694590103,0.0,1.386135471015945,35.24486133509851,0.85,0.09258184989349161,0.0,ok,50.05089764648176,37.210179529296354,1.3326625833953258,-1.3326625833953258
1.0,5.8085426353867495,decision-evaluation-011,0.20557275263480612,-0.20557275263480612,learned,27.2,0.0,0,0.85,5.602969882751943,37.20733448069024,5.8085426353867495,0.08971983976372873,35.26181475459548,0.85,0.0,0.0,ok,50.513806895949244,37.302761379189846,0.0954268984996034,-0.0954268984996034
1.0,5.8085426353867495,decision-evaluation-011,0.2254308643666807,-0.2254308643666807,known,27.2,0.0,0,0.85,5.583111771020069,37.1312083026982,5.8085426353867495,0.16975651513742918,35.26181475459548,0.85,0.0,0.0,ok,50.513806895949244,37.302761379189846,0.17155307649164797,-0.17155307649164797
0.0,3.534103400324422,decision-evaluation-011,0.05258790540713987,0.05258790540713987,prior,27.2,0.0,1,0.85,3.586691305731562,34.238954849815016,0.0,0.8968893009465191,36.299187037908744,0.85,0.05632976308439197,0.0,ok,39.507640618379455,35.10152812367589,0.8625732738608747,-0.8625732738608747
1.0,3.534103400324422,decision-evaluation-011,0.16183191104698746,0.16183191104698746,learned,27.2,0.0,1,0.85,3.6959353113714095,34.64919181651023,3.534103400324422,0.50656586882076,36.309502041387645,0.85,0.0,0.0,ok,39.789289433801414,35.15785788676028,0.508666070250051,-0.508666070250051
1.0,3.534103400324422,decision-evaluation-011,0.19971369721115062,0.19971369721115062,known,27.2,0.0,1,0.85,3.7338170975355727,34.72436173520731,3.534103400324422,0.43508776107515246,36.309502041387645,0.85,0.0,0.0,ok,39.789289433801414,35.15785788676028,0.4334961515529727,-0.4334961515529727
0.0,4.818408787164836,decision-evaluation-011,0.4919423728908878,-0.4919423728908878,prior,27.2,0.0,2,0.85,4.326466414273948,34.2214651758793,0.0,1.2095732035673923,36.15585382648612,0.85,0.07680019362190649,0.0,ok,40.94097273260568,35.388194546521134,1.166729370641832,-1.166729370641832
0.0,4.818408787164836,decision-evaluation-011,0.20146685475009107,-0.20146685475009107,learned,27.2,0.0,2,0.85,4.616941932414745,34.835567536832954,0.0,0.5953062505301526,36.15585382648612,0.85,0.07680019362190649,0.0,ok,40.94097273260568,35.388194546521134,0.5526270096881802,-0.5526270096881802
1.0,4.818408787164836,decision-evaluation-011,0.17235113499735277,0.17235113499735277,known,27.2,0.0,2,0.85,4.990759922162189,35.47852075029442,4.818408787164836,0.012152465364768735,36.169917337870025,0.85,0.0,0.0,ok,41.3249737007152,35.46499474014304,0.013526010151380774,0.013526010151380774
0.0,2.62511732705011,decision-evaluation-012,0.7326316405908426,0.7326316405908426,prior,27.2,0.0,0,0.85,3.3577489676409527,31.193422161315425,0.0,1.6706396165816304,29.91669845931132,0.85,0.01725625895127436,0.0,ok,11.55547227122959,29.511094454245917,1.6823277070695077,1.6823277070695077
1.0,2.62511732705011,decision-evaluation-012,0.11964264597314855,0.11964264597314855,learned,27.2,0.0,0,0.85,2.7447599730232586,29.545580641089995,2.62511732705011,0.023757815914019414,29.93924733244902,0.85,0.0,0.0,ok,11.641753565985967,29.52835071319719,0.017229927892802976,0.017229927892802976
1.0,2.62511732705011,decision-evaluation-012,0.14442824552723188,0.14442824552723188,known,27.2,0.0,0,0.85,2.769545572577342,29.597347604884355,2.62511732705011,0.0685221907701757,29.93924733244902,0.85,0.0,0.0,ok,11.641753565985967,29.52835071319719,0.0689968916871635,0.0689968916871635
0.0,3.3129129231558236,decision-evaluation-012,0.6159096507676827,0.6159096507676827,prior,27.2,0.0,1,0.85,3.9288225739235063,31.240571344681776,0.0,1.5541001105139145,29.843229722048456,0.85,0.02177749645546001,0.0,ok,12.290159643858269,29.658031928771653,1.582539415910123,1.582539415910123
0.5,3.3129129231558236,decision-evaluation-012,0.18633141552337396,0.18633141552337396,learned,27.2,0.0,1,0.85,3.4992443386791976,29.879932896619255,1.6564564615779118,0.2034037627362757,29.857458124804154,0.85,0.010888748227728229,0.0,ok,12.34460338499692,29.668920676999385,0.21101221961987093,0.21101221961987093
0.5,3.3129129231558236,decision-evaluation-012,0.18009346705274165,0.18009346705274165,known,27.2,0.0,1,0.85,3.4930063902085653,29.862328525136157,1.6564564615779118,0.1854046295422478,29.857458124804154,0.85,0.010888748227728229,0.0,ok,12.34460338499692,29.668920676999385,0.19340784813677203,0.19340784813677203
0.0,3.5892243684291403,decision-evaluation-012,0.5235104833895177,0.5235104833895177,prior,27.2,0.0,2,0.85,4.112734851818658,32.15072533464834,0.0,1.9598466256902551,29.584563191508785,0.85,0.023593835025057075,0.0,ok,14.876824949254955,30.17536498985099,1.9753603447973518,1.9753603447973518
1.0,3.5892243684291403,decision-evaluation-012,0.018372313218826264,-0.018372313218826264,learned,27.2,0.0,2,0.85,3.570852055210314,30.451787358585964,3.5892243684291403,0.25151444508846293,29.61539341921422,0.85,0.0,0.0,ok,14.994794124380235,30.198958824876048,0.2528285337099163,0.2528285337099163
1.0,3.5892243684291403,decision-evaluation-012,0.0028167932748619506,-0.0028167932748619506,known,27.2,0.0,2,0.85,3.5864075751542783,30.450474235594946,3.5892243684291403,0.2515246688411293,29.61539341921422,0.85,0.0,0.0,ok,14.994794124380235,30.198958824876048,0.2515154107188984,0.2515154107188984
0.0,3.5856985304788775,decision-evaluation-013,0.31107237642531205,0.31107237642531205,prior,27.189241741661263,0.0,0,0.8494957066403718,3.8967709069041896,31.13665090058194,0.0,1.4403220403407861,30.14430507491469,0.85,0.0,0.010758258338735643,ok,12.563049595918823,29.70185166084503,1.4347992397369111,1.4347992397369111
0.0,3.5856985304788775,decision-evaluation-013,0.39761064992874307,-0.39761064992874307,learned,27.189241741661263,0.0,0,0.8494957066403718,3.1880878805501345,29.58700466745795,0.0,0.15078600275982978,30.14430507491469,0.85,0.0,0.010758258338735643,ok,12.563049595918823,29.70185166084503,0.11484699338707927,-0.11484699338707927
0.0,3.5856985304788775,decision-evaluation-013,0.30954910779223965,-0.30954910779223965,known,27.189241741661263,0.0,0,0.8494957066403718,3.276149422686638,29.741434676058642,0.0,0.022087720554572126,30.14430507491469,0.85,0.0,0.010758258338735643,ok,12.563049595918823,29.70185166084503,0.03958301521361207,0.03958301521361207
0.0,3.3871541096797273,decision-evaluation-013,0.670894459666842,0.670894459666842,prior,27.2,0.0,1,0.85,4.058048569346569,32.05273006323674,0.0,1.72030999185208,29.830870812694844,0.8497478533201859,0.0,0.0,ok,15.643600926423638,30.328720185284727,1.7240098779520103,1.7240098779520103
0.0,3.3871541096797273,decision-evaluation-013,0.06354002637321265,0.06354002637321265,learned,27.2,0.0,1,0.85,3.45069413605294,30.456186509122055,0.0,0.12157289408856187,29.830870812694844,0.8497478533201859,0.0,0.0,ok,15.643600926423638,30.328720185284727,0.1274663238373286,0.1274663238373286
0.0,3.3871541096797273,decision-evaluation-013,0.030952581140688995,0.030952581140688995,known,27.2,0.0,1,0.85,3.4181066908204163,30.365970840607687,0.0,0.03720326322508427,29.830870812694844,0.8497478533201859,0.0,0.0,ok,15.643600926423638,30.328720185284727,0.03725065532296057,0.03725065532296057
0.0,2.7730535932681306,decision-evaluation-013,0.5639370666071364,0.5639370666071364,prior,27.2,0.0,2,0.85,3.336990659875267,31.239097543293063,0.0,1.2817897289301723,30.01528592306488,0.8497478533201859,0.0,0.0,ok,13.799449822723282,29.959889964544658,1.2792075787484052,1.2792075787484052
0.0,2.7730535932681306,decision-evaluation-013,0.12827235442385287,-0.12827235442385287,learned,27.2,0.0,2,0.85,2.6447812388442777,29.63029493393773,0.0,0.3334494831993453,30.01528592306488,0.8497478533201859,0.0,0.0,ok,13.799449822723282,29.959889964544658,0.32959503060692796,-0.32959503060692796
0.0,2.7730535932681306,decision-evaluation-013,0.10938551539858787,-0.10938551539858787,known,27.2,0.0,2,0.85,2.6636680778695427,29.753662634711215,0.0,0.20605984754726947,30.01528592306488,0.8497478533201859,0.0,0.0,ok,13.799449822723282,29.959889964544658,0.2062273298334425,-0.2062273298334425
0.0,1.6690763231095957,decision-evaluation-014,1.9037784253751704,1.9037784253751704,prior,20.577772672299936,0.0,0,0.5395830940140596,3.572854748484766,29.682603254088463,0.0,9.107967102624668,19.541019682144164,0.4892144877125203,0.0,6.622227327700062,ok,0.22782196255929046,20.623337064811793,9.05926618927667,9.05926618927667
0.0,1.6690763231095957,decision-evaluation-014,0.03958815753298106,0.03958815753298106,learned,20.577772672299936,0.0,0,0.5395830940140596,1.7086644806425768,20.359499643402117,0.0,0.25827652014276836,19.541019682144164,0.4892144877125203,0.0,6.622227327700062,ok,0.22782196255929046,20.623337064811793,0.2638374214096757,-0.2638374214096757
0.0,1.6690763231095957,decision-evaluation-014,0.03891167771763304,0.03891167771763304,known,20.577772672299936,0.0,0,0.5395830940140596,1.7079880008272288,20.48134128872422,0.0,0.1423340270385817,19.541019682144164,0.4892144877125203,0.0,6.622227327700062,ok,0.22782196255929046,20.623337064811793,0.14199577608757252,-0.14199577608757252
0.0,1.5127955882736306,decision-evaluation-014,1.7656035963161012,1.7656035963161012,prior,18.770579624966324,0.0,1,0.45487091992029643,3.278399184589732,28.77477073720008,0.0,9.973352095934018,20.44062454071708,0.5315705747594018,0.0,8.429420375033676,ok,0.26773861349818917,18.82412734766596,9.950643389534118,9.950643389534118
0.0,1.5127955882736306,decision-evaluation-014,0.044041089986122994,0.044041089986122994,learned,18.770579624966324,0.0,1,0.45487091992029643,1.5568366782597536,18.922389096995815,0.0,0.12362401194110362,20.44062454071708,0.5315705747594018,0.0,8.429420375033676,ok,0.26773861349818917,18.82412734766596,0.0982617493298541,0.0982617493298541
0.0,1.5127955882736306,decision-evaluation-014,0.02538872537873882,0.02538872537873882,known,18.770579624966324,0.0,1,0.45487091992029643,1.5381843136523694,19.212184957857943,0.0,0.3767742427147501,20.44062454071708,0.5315705747594018,0.0,8.429420375033676,ok,0.26773861349818917,18.82412734766596,0.38805761019198215,0.38805761019198215
0.0,1.5915711710178078,decision-evaluation-014,1.9826356078156244,1.9826356078156244,prior,20.23590518410121,0.0,2,0.5235580555047441,3.574206778833432,29.56863808907761,0.0,9.35464317761574,19.72373220623888,0.49722700696717803,0.0,6.9640948158987905,ok,0.11003416260578819,20.257912016622367,9.310726072455243,9.310726072455243
0.0,1.5915711710178078,decision-evaluation-014,0.04492139098021175,0.04492139098021175,learned,20.23590518410121,0.0,2,0.5235580555047441,1.6364925619980195,19.69283234474732,0.0,0.5732745880202023,19.72373220623888,0.49722700696717803,0.0,6.9640948158987905,ok,0.11003416260578819,20.257912016622367,0.565079671875047,-0.565079671875047
0.0,1.5915711710178078,decision-evaluation-014,0.09854159851784039,0.09854159851784039,known,20.23590518410121,0.0,2,0.5235580555047441,1.6901127695356482,20.271367732805835,0.0,0.009636128208941367,19.72373220623888,0.49722700696717803,0.0,6.9640948158987905,ok,0.11003416260578819,20.257912016622367,0.013455716183468525,0.013455716183468525
0.0,2.719557889115816,decision-evaluation-015,0.6177626479078664,0.6177626479078664,prior,27.2,0.0,0,0.85,3.3373205370236825,31.429719393355192,0.0,1.4511795053827352,31.02759433467515,0.85,0.012418680119242964,0.0,ok,13.840374663354531,29.968074932670905,1.4616444606842869,1.4616444606842869
0.0,2.719557889115816,decision-evaluation-015,0.02294774267707611,-0.02294774267707611,learned,27.2,0.0,0,0.85,2.69661014643874,30.01418426722732,0.0,0.02784618919353458,31.02759433467515,0.85,0.012418680119242964,0.0,ok,13.840374663354531,29.968074932670905,0.04610933455641586,0.04610933455641586
1.0,2.719557889115816,decision-evaluation-015,0.042698798567293306,0.042698798567293306,known,27.2,0.0,0,0.85,2.7622566876831094,30.15292221476154,2.719557889115816,0.1723311113603264,31.031418576525066,0.85,0.0,0.0,ok,13.90246806395074,29.98049361279015,0.1724286019713901,0.1724286019713901
0.0,3.3637604013766556,decision-evaluation-015,0.7306668215525605,0.7306668215525605,prior,27.2,0.0,1,0.85,4.094427222929216,32.048171226097125,0.0,1.3540021184437638,30.672528480972332,0.85,0.015360388021022686,0.0,ok,17.391033200382722,30.678206640076546,1.3699645860205791,1.3699645860205791
1.0,3.3637604013766556,decision-evaluation-015,0.22806227743331853,0.22806227743331853,learned,27.2,0.0,1,0.85,3.591822678809974,30.536134350518935,3.3637604013766556,0.15162878249084244,30.677258600287505,0.85,0.0,0.0,ok,17.467835140487853,30.69356702809757,0.15743267757863322,-0.15743267757863322
1.0,3.3637604013766556,decision-evaluation-015,0.24872836131054443,0.24872836131054443,known,27.2,0.0,1,0.85,3.6124887626872,30.653384469766536,3.3637604013766556,0.040750459085798475,30.677258600287505,0.85,0.0,0.0,ok,17.467835140487853,30.69356702809757,0.04018255833103268,-0.04018255833103268
0.0,3.8492028987428677,decision-evaluation-015,0.3052983433238694,0.3052983433238694,prior,27.2,0.0,2,0.85,4.154501242066737,32.46837590950172,0.0,1.0769475444576173,30.323140786373727,0.85,0.017577128879974424,0.0,ok,20.884910146368796,31.37698202927376,1.0913938802279581,1.0913938802279581
1.0,3.8492028987428677,decision-evaluation-015,0.015329328713953316,0.015329328713953316,learned,27.2,0.0,2,0.85,3.864532227456821,31.396073136924073,3.8492028987428677,0.005369913226328293,30.328553534847696,0.85,0.0,0.0,ok,20.97279579076867,31.394559158153733,0.0015139787703404295,0.0015139787703404295
1.0,3.8492028987428677,decision-evaluation-015,0.06625175350875523,-0.06625175350875523,known,27.2,0.0,2,0.85,3.7829511452341125,31.315049802340646,3.8492028987428677,0.07935808870135357,30.328553534847696,0.85,0.0,0.0,ok,20.97279579076867,31.394559158153733,0.07950935581308727,-0.07950935581308727
0.0,3.9785644026683196,decision-evaluation-016,0.05938948011118228,0.05938948011118228,prior,27.2,0.0,0,0.85,4.037953882779502,32.00981555895476,0.0,1.0386245761853903,31.240466888506205,0.85,0.005115300286963276,0.0,ok,18.80923266284757,30.961846532569513,1.0479690263852497,1.0479690263852497
1.0,3.9785644026683196,decision-evaluation-016,0.2765842737641142,-0.2765842737641142,learned,27.2,0.0,0,0.85,3.7019801289042054,31.014633932459198,3.9785644026683196,0.04662824157374009,31.26194331427545,0.85,0.0,0.0,ok,18.834809164282394,30.966961832856477,0.04767209960272112,0.04767209960272112
1.0,3.9785644026683196,decision-evaluation-016,0.27787997741780757,-0.27787997741780757,known,27.2,0.0,0,0.85,3.700684425250512,30.996670467619975,3.9785644026683196,0.029887272003512304,31.26194331427545,0.85,0.0,0.0,ok,18.834809164282394,30.966961832856477,0.029708634763498054,0.029708634763498054
0.0,3.9113446270778782,decision-evaluation-016,0.12447807059840876,0.12447807059840876,prior,27.2,0.0,1,0.85,4.035822697676287,32.27971360268713,0.0,0.6913404337025675,30.93271778629216,0.85,0.005028874807177175,0.0,ok,21.886723684988063,31.577344736997613,0.7023688656895182,0.7023688656895182
1.0,3.9113446270778782,decision-evaluation-016,0.10979033657175474,-0.10979033657175474,learned,27.2,0.0,1,0.85,3.8015542905061235,31.48628186792547,3.9113446270778782,0.09634041118507497,30.953831357429777,0.85,0.0,0.0,ok,21.91186805902395,31.58237361180479,0.09609174387932029,-0.09609174387932029
1.0,3.9113446270778782,decision-evaluation-016,0.10055347491935507,-0.10055347491935507,known,27.2,0.0,1,0.85,3.810791152158523,31.483447968908717,3.9113446270778782,0.09886100133607083,30.953831357429777,0.85,0.0,0.0,ok,21.91186805902395,31.58237361180479,0.09892564289607364,-0.09892564289607364
0.0,2.920198629227257,decision-evaluation-016,0.5292893669821761,0.5292893669821761,prior,27.2,0.0,2,0.85,3.449487996209433,32.11779892617503,0.0,1.2061905184590778,31.269595634783563,0.85,0.003754543441864655,0.0,ok,18.51794520007401,30.9035890400148,1.2142098861602264,1.2142098861602264
1.0,2.920198629227257,decision-evaluation-016,0.08530715496450814,0.08530715496450814,learned,27.2,0.0,2,0.85,3.005505784191765,30.888865272085233,2.920198629227257,0.022307619861890043,31.285358966162583,0.85,0.0,0.0,ok,18.536717917283333,30.907343583456665,0.018478311371431744,-0.018478311371431744
1.0,2.920198629227257,decision-evaluation-016,0.03944863540956112,0.03944863540956112,known,27.2,0.0,2,0.85,2.959647264636818,30.824856870049302,2.920198629227257,0.08251207326026488,31.285358966162583,0.85,0.0,0.0,ok,18.536717917283333,30.907343583456665,0.0824867134073628,-0.0824867134073628
0.0,2.2346271263265165,decision-evaluation-017,1.5244036826976424,1.5244036826976424,prior,25.77080107214703,0.0,0,0.783006300256892,3.759030809024159,30.333278597399733,0.0,4.515541335238201,23.55330431536728,0.6745068403626817,0.0,1.4291989278529706,ok,0.5278369649490999,25.87636846513685,4.456910132262884,4.456910132262884
0.0,2.2346271263265165,decision-evaluation-017,0.1836039497504811,0.1836039497504811,learned,25.77080107214703,0.0,0,0.783006300256892,2.4182310760769976,26.092081574252248,0.0,0.27546282580582826,23.55330431536728,0.6745068403626817,0.0,1.4291989278529706,ok,0.5278369649490999,25.87636846513685,0.21571310911539854,0.21571310911539854
0.0,2.2346271263265165,decision-evaluation-017,0.1556988376820505,0.1556988376820505,known,25.77080107214703,0.0,0,0.783006300256892,2.390325964008567,25.98200025993866,0.0,0.16055390698416616,23.55330431536728,0.6745068403626817,0.0,1.4291989278529706,ok,0.5278369649490999,25.87636846513685,0.10563179480180906,0.10563179480180906
0.0,1.8144566156649815,decision-evaluation-017,1.3863500931864774,1.3863500931864774,prior,22.603712874976765,0.0,1,0.6345490410145358,3.200806708851459,28.36303311228972,0.0,5.687098184517303,25.166483053842928,0.7487354699838598,0.0,4.596287125023236,ok,0.2314905660439529,22.650010988185556,5.713022124104164,5.713022124104164
0.0,1.8144566156649815,decision-evaluation-017,0.10525653316674233,0.10525653316674233,learned,22.603712874976765,0.0,1,0.6345490410145358,1.9197131488317238,22.337349805823035,0.0,0.2964983170030446,25.166483053842928,0.7487354699838598,0.0,4.596287125023236,ok,0.2314905660439529,22.650010988185556,0.31266118236252183,-0.31266118236252183
0.0,1.8144566156649815,decision-evaluation-017,0.0941200935365143,0.0941200935365143,known,22.603712874976765,0.0,1,0.6345490410145358,1.9085767092014958,22.450819724462043,0.0,0.18858623331300942,25.166483053842928,0.7487354699838598,0.0,4.596287125023236,ok,0.2314905660439529,22.650010988185556,0.19919126372351315,-0.19919126372351315
0.0,2.1810188475064116,decision-evaluation-017,1.4974050281913103,1.4974050281913103,prior,24.308578980497654,0.0,2,0.7144646397108275,3.678423875697722,29.73061892355598,0.0,5.250501107941436,24.263189726661203,0.7087776706357138,0.0,2.891421019502346,ok,0.7400933102567597,24.456597642549006,5.2740212810069735,5.2740212810069735
0.0,2.1810188475064116,decision-evaluation-017,0.07802801487209532,0.07802801487209532,learned,24.308578980497654,0.0,2,0.7144646397108275,2.259046862378507,24.743542481727395,0.0,0.2496720776387432,24.263189726661203,0.7087776706357138,0.0,2.891421019502346,ok,0.7400933102567597,24.456597642549006,0.2869448391783891,0.2869448391783891
0.0,2.1810188475064116,decision-evaluation-017,0.13149837384052,0.13149837384052,known,24.308578980497654,0.0,2,0.7144646397108275,2.3125172213469316,24.7585819826131,0.0,0.29583523129862144,24.263189726661203,0.7087776706357138,0.0,2.891421019502346,ok,0.7400933102567597,24.456597642549006,0.30198434006409514,0.30198434006409514
0.0,4.518102408481564,decision-evaluation-018,0.912592260403013,-0.912592260403013,prior,27.2,0.0,0,0.85,3.605510148078551,35.02554605434817,0.0,1.5821592426429945,37.92342097838085,0.85,0.06129332333598825,0.0,ok,46.86331963559798,36.57266392711959,1.5471178727714232,-1.5471178727714232
1.0,4.518102408481564,decision-evaluation-018,0.44229338685228825,-0.44229338685228825,learned,27.2,0.0,0,0.85,4.075809021629276,36.401649829707324,4.518102408481564,0.21172118389832187,37.93615343225635,0.85,0.0,0.0,ok,47.16978625227791,36.63395725045558,0.23230742074825628,-0.23230742074825628
1.0,4.518102408481564,decision-evaluation-018,0.4203328151564527,-0.4203328151564527,known,27.2,0.0,0,0.85,4.097769593325111,36.43694377553605,4.518102408481564,0.19416232273009135,37.93615343225635,0.85,0.0,0.0,ok,47.16978625227791,36.63395725045558,0.19701347491952959,-0.19701347491952959
0.0,5.07248972445112,decision-evaluation-018,0.6279369951435978,-0.6279369951435978,prior,27.2,0.0,1,0.85,4.444552729307522,35.2656819752731,0.0,2.2023905222788827,37.49590403514139,0.85,0.06881423320896118,0.0,ok,51.1384890679925,37.4276978135985,2.1620158383254022,-2.1620158383254022
1.0,5.07248972445112,decision-evaluation-018,0.46486377079172225,0.46486377079172225,learned,27.2,0.0,1,0.85,5.537353495242842,37.79289023189203,5.07248972445112,0.29352811923583505,37.51019880662095,0.85,0.0,0.0,ok,51.48256023403731,37.49651204680746,0.2963781850845706,0.2963781850845706
1.0,5.07248972445112,decision-evaluation-018,0.4516754633490523,0.4516754633490523,known,27.2,0.0,1,0.85,5.524165187800172,37.701765438546346,5.07248972445112,0.20218963977898832,37.51019880662095,0.85,0.0,0.0,ok,51.48256023403731,37.49651204680746,0.20525339173888568,0.20525339173888568
0.0,5.669679411562132,decision-evaluation-018,0.09032058843786839,0.09032058843786839,prior,27.2,0.0,2,0.85,5.760000000000001,36.342310598080715,0.0,2.1328516560561965,37.000180870359046,0.85,0.07691580711669133,0.0,ok,56.09572071581597,38.419144143163194,2.0768335450824793,-2.0768335450824793
1.0,5.669679411562132,decision-evaluation-018,0.09032058843786839,0.09032058843786839,learned,27.2,0.0,2,0.85,5.760000000000001,38.65763011950146,5.669679411562132,0.16149512119017354,37.0161585807051,0.85,0.0,0.0,ok,56.48029975139945,38.496059950279886,0.16157016922157652,0.16157016922157652
1.0,5.669679411562132,decision-evaluation-018,0.09032058843786839,0.09032058843786839,known,27.2,0.0,2,0.85,5.760000000000001,38.58685651119818,5.669679411562132,0.0901839089097128,37.0161585807051,0.85,0.0,0.0,ok,56.48029975139945,38.496059950279886,0.09079656091829236,0.09079656091829236
0.0,2.5534980923227306,decision-evaluation-019,1.1860355561343328,1.1860355561343328,prior,25.323477512553026,0.0,0,0.7620380084009231,3.7395336484570634,29.877552615977272,0.0,4.5233706167839,25.612885359593204,0.7672076463246635,0.0,1.8765224874469737,ok,0.6639871717624304,25.456274946905513,4.42127766907176,4.42127766907176
0.0,2.5534980923227306,decision-evaluation-019,0.312466386999819,-0.312466386999819,learned,25.323477512553026,0.0,0,0.7620380084009231,2.2410317053229116,24.958528992417275,0.0,0.45472165671155906,25.612885359593204,0.7672076463246635,0.0,1.8765224874469737,ok,0.6639871717624304,25.456274946905513,0.4977459544882379,-0.4977459544882379
0.0,2.5534980923227306,decision-evaluation-019,0.2690690523332733,-0.2690690523332733,known,25.323477512553026,0.0,0,0.7620380084009231,2.2844290399894573,25.411482800194,0.0,0.022582118358377794,25.612885359593204,0.7672076463246635,0.0,1.8765224874469737,ok,0.6639871717624304,25.456274946905513,0.04479214671151155,-0.04479214671151155
0.0,2.372477094891266,decision-evaluation-019,1.3454323997767905,1.3454323997767905,prior,26.008245730985614,0.0,1,0.7941365186399507,3.7179094946680564,30.207383734874686,0.0,4.002217613478962,25.212751526308892,0.7511583912051497,0.0,1.1917542690143839,ok,1.241484412442619,26.25654261347414,3.950841121400547,3.950841121400547
0.0,2.372477094891266,decision-evaluation-019,0.0631254607858458,-0.0631254607858458,learned,26.008245730985614,0.0,1,0.7941365186399507,2.30935163410542,26.542424713767154,0.0,0.252105235309525,25.212751526308892,0.7511583912051497,0.0,1.1917542690143839,ok,1.241484412442619,26.25654261347414,0.28588210029301564,0.28588210029301564
0.0,2.372477094891266,decision-evaluation-019,0.07231567636676894,-0.07231567636676894,known,26.008245730985614,0.0,1,0.7941365186399507,2.300161418524497,26.28662306911048,0.0,0.013353536508906435,25.212751526308892,0.7511583912051497,0.0,1.1917542690143839,ok,1.241484412442619,26.25654261347414,0.030080455636340986,0.030080455636340986
0.0,1.9036193903446978,decision-evaluation-019,1.3798196006436756,1.3798196006436756,prior,24.85928051220003,0.0,2,0.7402787740093764,3.2834389909883734,29.244345833145864,0.0,4.286121990023388,25.856408780189824,0.7780872635204369,0.0,2.3407194877999724,ok,0.5497379675611915,24.96922810571227,4.275117727433596,4.275117727433596
0.0,1.9036193903446978,decision-evaluation-019,0.16751331682977444,0.16751331682977444,learned,24.85928051220003,0.0,2,0.7402787740093764,2.0711327071744723,25.343809678679463,0.0,0.3503211988507549,25.856408780189824,0.7780872635204369,0.0,2.3407194877999724,ok,0.5497379675611915,24.96922810571227,0.37458157296719463,0.37458157296719463
0.0,1.9036193903446978,decision-evaluation-019,0.13727964310101903,0.13727964310101903,known,24.85928051220003,0.0,2,0.7402787740093764,2.040899033445717,25.030259335208356,0.0,0.028563818817029112,25.856408780189824,0.7780872635204369,0.0,2.3407194877999724,ok,0.5497379675611915,24.96922810571227,0.06103122949608775,0.06103122949608775
0.0,4.149515595377461,decision-evaluation-020,0.08129476643562672,0.08129476643562672,prior,27.2,0.0,0,0.85,4.230810361813088,33.462489249630025,0.0,0.17643833750045937,31.840553440646552,0.85,0.05473640314692574,0.0,ok,30.26075789550811,33.25215157910162,0.21033767052840346,0.21033767052840346
1.0,4.149515595377461,decision-evaluation-020,0.2508003232406546,0.2508003232406546,learned,27.2,0.0,0,0.85,4.400315918618116,33.349641392702026,4.149515595377461,0.04334116998046748,31.86101323109891,0.85,0.0,0.0,ok,30.534439911242732,33.30688798224855,0.04275341045347858,0.04275341045347858
1.0,4.149515595377461,decision-evaluation-020,0.20941719019264848,0.20941719019264848,known,27.2,0.0,0,0.85,4.35893278557011,33.258096245145055,4.149515595377461,0.050172951788053886,31.86101323109891,0.85,0.0,0.0,ok,30.534439911242732,33.30688798224855,0.048791737103492494,-0.048791737103492494
0.0,2.9596978111007157,decision-evaluation-020,0.4976454612262957,0.4976454612262957,prior,27.2,0.0,1,0.85,3.4573432723270114,32.32080113786352,0.0,0.7872078842699656,32.711991086505634,0.85,0.03904147577176076,0.0,ok,21.546381436917297,31.509276287383457,0.8115248504800618,0.8115248504800618
1.0,2.9596978111007157,decision-evaluation-020,0.11976946035723568,0.11976946035723568,learned,27.2,0.0,1,0.85,3.0794672714579514,31.30942644054636,2.9596978111007157,0.22524935737844487,32.726584307238404,0.85,0.0,0.0,ok,21.741588815776097,31.548317763155218,0.2388913226088576,-0.2388913226088576
1.0,2.9596978111007157,decision-evaluation-020,0.17056130557868254,0.17056130557868254,known,27.2,0.0,1,0.85,3.1302591166793983,31.459777849001988,2.9596978111007157,0.08966485418163235,32.726584307238404,0.85,0.0,0.0,ok,21.741588815776097,31.548317763155218,0.08853991415323037,-0.08853991415323037
0.0,4.102875268878771,decision-evaluation-020,0.08634105063452946,0.08634105063452946,prior,27.2,0.0,2,0.85,4.1892163195133,32.83139442582518,0.0,0.6262637595651436,32.38071393324254,0.85,0.054121168993575,0.0,ok,24.85915296954823,32.17183059390965,0.6595638319155341,0.6595638319155341
1.0,4.102875268878771,decision-evaluation-020,0.11796144807129849,0.11796144807129849,learned,27.2,0.0,2,0.85,4.220836716950069,32.36572106431049,4.102875268878771,0.13370621236584176,32.40094375677831,0.85,0.0,0.0,ok,25.12975881451612,32.22595176290322,0.13976930140727006,0.13976930140727006
1.0,4.102875268878771,decision-evaluation-020,0.050446493363446976,0.050446493363446976,known,27.2,0.0,2,0.85,4.153321762242218,32.30230363023435,4.102875268878771,0.07601914661534437,32.40094375677831,0.85,0.0,0.0,ok,25.12975881451612,32.22595176290322,0.07635186733112675,0.07635186733112675
0.0,2.7229210485978106,decision-evaluation-021,0.531845013192751,0.531845013192751,prior,27.2,0.0,0,0.85,3.2547660617905616,30.578375065902772,0.0,1.7606398902032996,28.452118216574235,0.8479290496550898,0.0,0.0,ok,8.22615422641311,28.84523084528262,1.7331442206201508,1.7331442206201508
1.0,2.7229210485978106,decision-evaluation-021,0.20263430005147676,-0.20263430005147676,learned,27.2,0.0,0,0.85,2.520286748546334,28.875298912131733,2.7229210485978106,0.052389400459900294,28.47164756744143,0.8479810533698223,0.05837507377180984,0.0,ok,7.9342788575540695,28.78685577151081,0.08844314062092096,0.08844314062092096
0.0,2.7229210485978106,decision-evaluation-021,0.2315501242577498,-0.2315501242577498,known,27.2,0.0,0,0.85,2.491370924340061,28.771153750455102,0.0,0.0717609637362185,28.452118216574235,0.8479290496550898,0.0,0.0,ok,8.22615422641311,28.84523084528262,0.07407709482751912,-0.07407709482751912
0.0,3.0272545141791882,decision-evaluation-021,0.8982526008967868,0.8982526008967868,prior,27.1116394519505,0.0,1,0.8458580993101796,3.925507115075975,30.707232669645904,0.0,2.511482378339005,28.72099194400039,0.85,0.0,0.08836054804950125,ok,5.979219692399097,28.307483390430317,2.3997492792155874,2.3997492792155874
0.0,3.0272545141791882,decision-evaluation-021,0.219119370893186,-0.219119370893186,learned,27.1116394519505,0.0,1,0.8458580993101796,2.8081351432860022,28.23995582022018,0.0,0.04581116041630769,28.72099194400039,0.85,0.0,0.08836054804950125,ok,5.979219692399097,28.307483390430317,0.06752757021013522,-0.06752757021013522
0.0,3.0272545141791882,decision-evaluation-021,0.2428322006154895,-0.2428322006154895,known,27.1116394519505,0.0,1,0.8458580993101796,2.7844223135636987,28.169846520903562,0.0,0.08879953512690027,28.72099194400039,0.85,0.0,0.08836054804950125,ok,5.979219692399097,28.307483390430317,0.13763686952675513,-0.13763686952675513
0.0,2.654136158167856,decision-evaluation-021,1.2645581020200138,1.2645581020200138,prior,27.2,0.0,2,0.85,3.91869426018787,31.19598574598815,0.0,2.621460162949974,28.576357117856467,0.8479290496550898,0.0,0.0,ok,6.983765213590783,28.596753042718156,2.599232703269994,2.599232703269994
0.0,2.654136158167856,decision-evaluation-021,0.15170691502274636,0.15170691502274636,learned,27.2,0.0,2,0.85,2.8058430731906023,28.65737261597768,0.0,0.05540705649387453,28.576357117856467,0.8479290496550898,0.0,0.0,ok,6.983765213590783,28.596753042718156,0.0606195732595225,0.0606195732595225
0.0,2.654136158167856,decision-evaluation-021,0.13439839497688588,0.13439839497688588,known,27.2,0.0,2,0.85,2.788534553144742,28.59094983843939,0.0,0.008435835438923789,28.576357117856467,0.8479290496550898,0.0,0.0,ok,6.983765213590783,28.596753042718156,0.005803204278766572,-0.005803204278766572
0.0,3.2846956925143687,decision-evaluation-022,0.5488302961766154,0.5488302961766154,prior,27.2,0.0,0,0.85,3.833525988690984,30.544619535807076,0.0,1.5053563710342968,29.126899965441083,0.85,0.0,0.0,ok,9.174761899681926,29.034952379936385,1.509667155870691,1.509667155870691
0.0,3.2846956925143687,decision-evaluation-022,0.12221904863816357,-0.12221904863816357,learned,27.2,0.0,0,0.85,3.162476643876205,28.783045287911683,0.0,0.24744939025927337,29.126899965441083,0.85,0.0,0.0,ok,9.174761899681926,29.034952379936385,0.25190709202470174,-0.25190709202470174
0.5,3.2846956925143687,decision-evaluation-022,0.06461739926336563,-0.06461739926336563,known,27.1510232706607,0.0,0,0.8477042158122204,3.220078293251003,28.88030324090549,1.6423478462571843,0.14535472365442578,29.132042690384843,0.85,0.009966325548770527,0.04897672933929739,ok,9.369813918634573,29.024986054387615,0.14468281348212386,-0.14468281348212386
0.0,3.777741830562042,decision-evaluation-022,0.24712623690763902,0.24712623690763902,prior,27.2,0.0,1,0.85,4.024868067469681,31.82958442139262,0.0,1.7854682615925863,28.637587604776137,0.85,0.057999880653540004,0.0,ok,14.067885506331358,30.01357710126627,1.8160073201263494,1.8160073201263494
1.0,3.777741830562042,decision-evaluation-022,0.25993231597585265,-0.25993231597585265,learned,27.2,0.0,1,0.85,3.5178095145861894,30.134848099029515,3.777741830562042,0.06754464913481921,28.64941694238413,0.85,0.0,0.0,ok,14.357884909599061,30.07157698191981,0.06327111710970357,0.06327111710970357
1.0,3.777741830562042,decision-evaluation-022,0.30291373860732707,-0.30291373860732707,known,27.2,0.0,1,0.85,3.474828091954715,30.05467611254735,3.777741830562042,0.014575543625552948,28.64941694238413,0.85,0.0,0.0,ok,14.357884909599061,30.07157698191981,0.016900869372459937,-0.016900869372459937
0.0,2.2722499637371687,decision-evaluation-022,1.125299228850479,1.125299228850479,prior,27.2,0.0,2,0.85,3.3975491925876478,30.712286372916857,0.0,2.4486199497190726,29.52426474060133,0.85,0.03488598020266309,0.0,ok,5.2011141480794585,28.24022282961589,2.4720635433009654,2.4720635433009654
0.0,2.2722499637371687,decision-evaluation-022,0.08841618265741635,0.08841618265741635,learned,27.2,0.0,2,0.85,2.360666146394585,28.258508490277727,0.0,0.012052184905003335,29.52426474060133,0.85,0.03488598020266309,0.0,ok,5.2011141480794585,28.24022282961589,0.018285660661835124,0.018285660661835124
1.0,2.2722499637371687,decision-evaluation-022,0.10842884179166656,0.10842884179166656,known,27.2,0.0,2,0.85,2.3806788055288353,28.297517078649648,2.2722499637371687,0.02089656792846147,29.531379893821523,0.85,0.0,0.0,ok,5.3755440490927855,28.275108809818555,0.022408268831092926,0.022408268831092926
0.0,5.191208575224991,decision-evaluation-023,0.7770301171804377,-0.7770301171804377,prior,27.2,0.0,0,0.85,4.414178458044553,34.86929897354894,0.0,1.7581408961934386,37.4131782311072,0.85,0.0,0.0,ok,47.333922295137995,36.666784459027596,1.7974854854786528,-1.7974854854786528
0.0,5.191208575224991,decision-evaluation-023,0.2661960940357151,-0.2661960940357151,learned,27.2,0.0,0,0.85,4.925012481189276,36.488382495618524,0.0,0.1709389466853158,37.4131782311072,0.85,0.0,0.0,ok,47.333922295137995,36.666784459027596,0.17840196340907255,-0.17840196340907255
0.0,5.191208575224991,decision-evaluation-023,0.244618205046776,-0.244618205046776,known,27.2,0.0,0,0.85,4.946590370178215,36.54018116589688,0.0,0.12422487062627378,37.4131782311072,0.85,0.0,0.0,ok,47.333922295137995,36.666784459027596,0.12660329313071372,-0.12660329313071372
0.0,4.01885703067285,decision-evaluation-023,0.5170229555300594,-0.5170229555300594,prior,27.2,0.0,1,0.85,3.5018340751427903,35.64854078443675,0.0,2.3158080295455314,36.74687058034351,0.85,0.0,0.0,ok,53.99699880277488,37.99939976055498,2.350858976118232,-2.350858976118232
0.0,4.01885703067285,decision-evaluation-023,0.4174726525569765,0.4174726525569765,learned,27.2,0.0,1,0.85,4.436329683229826,38.07871502026323,0.0,0.0952771968729517,36.74687058034351,0.85,0.0,0.0,ok,53.99699880277488,37.99939976055498,0.07931525970825248,0.07931525970825248
0.0,4.01885703067285,decision-evaluation-023,0.32843675443578313,0.32843675443578313,known,27.2,0.0,1,0.85,4.347293785108633,38.01101026349723,0.0,0.008417112785998881,36.74687058034351,0.85,0.0,0.0,ok,53.99699880277488,37.99939976055498,0.011610502942254186,0.011610502942254186
0.0,5.336613110603002,decision-evaluation-023,0.9385911330296626,-0.9385911330296626,prior,27.2,0.0,2,0.85,4.39802197757334,35.08587910473967,0.0,1.6981703970212745,37.33309210979129,0.85,0.0,0.0,ok,48.13478350829713,36.82695670165943,1.7410775969197587,-1.7410775969197587
0.0,5.336613110603002,decision-evaluation-023,0.3023451211903847,-0.3023451211903847,learned,27.2,0.0,2,0.85,5.034267989412617,36.61011186987626,0.0,0.18867231983095203,37.33309210979129,0.85,0.0,0.0,ok,48.13478350829713,36.82695670165943,0.21684483178316327,-0.21684483178316327
0.0,5.336613110603002,decision-evaluation-023,0.41947661267802605,-0.41947661267802605,known,27.2,0.0,2,0.85,4.917136497924976,36.7043111520022,0.0,0.11856697907213487,37.33309210979129,0.85,0.0,0.0,ok,48.13478350829713,36.82695670165943,0.12264554965722851,-0.12264554965722851
