population,focal,opponents,phase,n_cases,welfare,post_welfare,pre_welfare,utility_per_tick,raw_individual_utility,final_mean_wealth,shortfall_per_member_tick,post_shortfall_per_member_tick,consumption_per_member_tick,outward_harm_per_tick,voluntary_contribution_per_tick,tax_per_tick,between_aid_per_tick,within_conflict_per_tick,infrastructure,other_welfare
initial,0,initial,drought,12,0.8397680309914406,0.8340918138613487,0.8499666920762721,0.9109156344917141,54.66968647479502,20.222094322150937,0.00682131267237291,0.010605457425767496,0.843178687327627,0.0,0.6425925925925926,1.1644304859622228,0.0,0.0,0.47213011925753223,0.85
initial,0,initial,no_drought,12,0.849983346038136,0.85,0.8499666920762721,0.9456572575084398,56.69816680560524,28.493498661924175,1.1102641242651143e-05,0.0,0.8499888973587573,0.0,0.7625,1.2732185642548584,0.0,0.0,0.4962359842388897,0.85
initial,0,cooperative,drought,12,0.85,0.85,0.85,0.9946052748648099,59.67857393795751,43.392869689787304,0.0,0.0,0.85,0.0,1.2351851851851852,1.17155480542101,0.0,0.0,0.5908183639939116,0.85
initial,0,cooperative,no_drought,12,0.85,0.85,0.85,0.9983254118017654,59.867170376671815,44.33585188335881,0.0,0.0,0.85,0.0,1.2534722222222223,1.1857221183206792,0.0,0.0,0.5924055577483415,0.85
initial,0,selfish,drought,12,0.8284143580886544,0.8122394359774902,0.8499666920762721,0.8904234990038928,53.424429958657235,16.311104569689498,0.01439042794089707,0.025173709348339887,0.8356095720591029,0.0,0.586574074074074,1.1097529100142467,0.0,0.0,0.4550828866588963,0.8454754630443247
initial,0,selfish,no_drought,12,0.849983346038136,0.85,0.8499666920762721,0.9456572575084398,56.69816680560524,28.493498661924175,1.1102641242651143e-05,0.0,0.8499888973587573,0.0,0.7625,1.2732185642548584,0.0,0.0,0.4962359842388897,0.8489104171631684
initial,1,initial,drought,12,0.85,0.85,0.85,0.8674938495615724,52.014126398152484,5.070631990762155,0.0,0.0,0.85,0.0,2.009259259259259,1.7911096195591465,0.0,0.0,1.036327105088039,0.8448840154957203
initial,1,initial,no_drought,12,0.85,0.85,0.85,0.8717651134484267,52.2766865436589,6.383432718294246,0.0,0.0,0.85,0.0,2.3208333333333333,1.8946970216448877,0.0,0.0,1.0836798999247546,0.849991673019068
initial,1,cooperative,drought,12,0.85,0.85,0.85,0.8717651134484267,52.2766865436589,6.383432718294246,0.0,0.0,0.85,0.0,2.3208333333333333,1.8946970216448877,0.0,0.0,1.0836798999247546,0.85
initial,1,cooperative,no_drought,12,0.85,0.85,0.85,0.8717651134484267,52.2766865436589,6.383432718294246,0.0,0.0,0.85,0.0,2.3208333333333333,1.8946970216448877,0.0,0.0,1.0836798999247546,0.85
initial,1,selfish,drought,12,0.8233439676608295,0.8060431942061927,0.85,0.8417562710008365,50.4950654111287,2.7421341944750512,0.01777068822611363,0.02930453719587147,0.8322293117738864,0.0,1.201851851851852,2.007638524338769,0.0,0.0,0.8787683657375287,0.8439579488193107
initial,1,selfish,no_drought,12,0.85,0.85,0.85,0.8704267850137796,52.19067144580467,5.953357229023081,0.0,0.0,0.85,0.0,1.4782407407407407,2.176104824241892,0.0,0.0,0.9391601935835092,0.8490300511318669
initial,2,initial,drought,12,0.85,0.85,0.85,1.0438620420306153,62.57333586243686,57.86667931218407,0.0,0.0,0.85,1.8887141471751538,0.0,0.0,0.0,0.0,0.0,0.8448840154957203
initial,2,initial,no_drought,12,0.85,0.85,0.85,1.070327803481942,64.16671492224256,65.8335746112126,0.0,0.0,0.85,1.883714741465304,0.0,0.0,0.0,0.0,0.0,0.849991673019068
initial,2,cooperative,drought,12,0.85,0.85,0.85,1.0406224867742089,62.3907698766696,56.953849383347745,0.0,0.0,0.85,1.4593180019935548,0.0,0.0,0.0,0.0,0.0,0.8472610365900096
initial,2,cooperative,no_drought,12,0.85,0.85,0.85,1.054876298792412,63.23622416525565,61.18112082627801,0.0,0.0,0.85,1.4545062778672562,0.0,0.0,0.0,0.0,0.0,0.85
initial,2,selfish,drought,12,0.8469306175189444,0.8476760517745094,0.8466870590460738,0.9260218015703815,55.50661244432012,23.055000774153694,0.0020462549873703642,0.001549298816993639,0.8479537450126297,2.2318922186576198,0.0,0.0,0.0,0.0,0.0,0.8475641726425089
initial,2,selfish,no_drought,12,0.848479916335938,0.85,0.8466870590460738,0.9687153706625727,58.08071704046839,35.6776359441761,0.001013389109374605,0.0,0.8489866108906253,2.2455022048965234,0.0,0.0,0.0,0.0,0.0,0.8494984344705875
pair-01-fixed_institution,0,initial,drought,12,0.8448419134948277,0.8419001902505951,0.8499666920762721,0.9354882515420452,56.13680348069944,26.617367627454296,0.003438724336781535,0.005399873166269879,0.8465612756632185,0.0,0.2837962962962963,1.2116448467367025,0.0,0.0,0.393023011007929,0.8493975805815732
pair-01-fixed_institution,0,initial,no_drought,12,0.849983346038136,0.85,0.8499666920762721,0.9784554277377056,58.70916959136815,38.54851259073876,1.1102641242651143e-05,0.0,0.8499888973587573,0.0,0.35347222222222224,1.3482630872360701,0.0,0.0,0.41628509640316547,0.85
pair-01-fixed_institution,0,cooperative,drought,12,0.85,0.85,0.85,1.0418987376467024,62.542625628940264,57.71312814470107,0.0,0.0,0.85,0.0,0.5814814814814815,1.261741227931452,0.0,0.0,0.45974169651338537,0.85
pair-01-fixed_institution,0,cooperative,no_drought,12,0.85,0.85,0.85,1.0541172608293734,63.233725582651225,61.16862791325588,0.0,0.0,0.85,0.0,0.6006944444444444,1.3040744910058937,0.0,0.0,0.46472041599746694,0.85
pair-01-fixed_institution,0,selfish,drought,12,0.8397250527929924,0.8333925698773824,0.8499666920762721,0.9148382825890199,54.88835964853764,21.36362619540916,0.00684996480467171,0.011071620081745018,0.8431500351953283,0.0,0.2590277777777778,1.1522411206041698,0.0,0.0,0.3801839525826817,0.8475936468314704
pair-01-fixed_institution,0,selfish,no_drought,12,0.849983346038136,0.85,0.8499666920762721,0.9784554277377056,58.70916959136815,38.54851259073876,1.1102641242651143e-05,0.0,0.8499888973587573,0.0,0.35347222222222224,1.3482630872360701,0.0,0.0,0.41628509640316547,0.8491871098715017
pair-01-fixed_institution,1,initial,drought,12,0.85,0.85,0.85,0.9473977616268864,56.820701966783105,29.103509833915265,0.0,0.0,0.85,0.0,0.8789351851851852,2.076632893806754,0.0,0.0,0.8201976546090672,0.8411485693313462
pair-01-fixed_institution,1,initial,no_drought,12,0.85,0.85,0.85,0.974600421527622,58.45042609737609,37.2521304868802,0.0,0.0,0.85,0.0,1.0856481481481481,2.314184436498584,0.0,0.0,0.8780497931068778,0.849991673019068
pair-01-fixed_institution,1,cooperative,drought,12,0.85,0.85,0.85,0.9732544461034095,58.383647718485875,36.91823859242913,0.0,0.0,0.85,0.0,1.0856481481481481,2.304880088914658,0.0,0.0,0.8772934528079552,0.85
pair-01-fixed_institution,1,cooperative,no_drought,12,0.85,0.85,0.85,0.974600421527622,58.45042609737609,37.2521304868802,0.0,0.0,0.85,0.0,1.0856481481481481,2.314184436498584,0.0,0.0,0.8780497931068778,0.85
pair-01-fixed_institution,1,selfish,drought,12,0.8344975717091155,0.8239157456212546,0.85,0.888765602829013,53.319963217103286,14.595821655527356,0.010334952193922983,0.01738950291916356,0.839665047806077,0.0,0.5567129629629629,2.1863082545461094,0.0,0.0,0.7615180489713744,0.843428841377932
pair-01-fixed_institution,1,selfish,no_drought,12,0.85,0.85,0.85,0.9299201684219022,55.77662935800516,23.883146790025556,0.0,0.0,0.85,0.0,0.7175925925925926,2.436168841028323,0.0,0.0,0.8122900575895285,0.8490712341618496
pair-01-fixed_institution,2,initial,drought,12,0.85,0.85,0.85,1.0735126385204374,64.384789399258,66.92394699628977,0.0,0.0,0.85,0.9537889613076875,0.0,0.0,0.0,0.03274305555555555,0.0,0.8459881317756276
pair-01-fixed_institution,2,initial,no_drought,12,0.85,0.85,0.85,1.1159854598718315,66.91687484163224,79.58437420816092,0.0,0.0,0.85,0.9146287678211442,0.0,0.0,0.0,0.0,0.0,0.85
pair-01-fixed_institution,2,cooperative,drought,12,0.85,0.85,0.85,1.0853842010729748,65.09568916658759,70.47844583293768,0.0,0.0,0.85,0.7061407222155939,0.0,0.0,0.0,0.027951388888888887,0.0,0.8463706512854698
pair-01-fixed_institution,2,cooperative,no_drought,12,0.85,0.85,0.85,1.107673408935816,66.42454912724925,77.12274563624602,0.0,0.0,0.85,0.6837384640429348,0.0,0.0,0.0,0.0,0.0,0.85
pair-01-fixed_institution,2,selfish,drought,12,0.8485836156470274,0.8485055129497289,0.8493189102564103,0.9479430945624219,56.79814774258567,29.295254290974842,0.0009442562353150119,0.0009963247001806984,0.849055743764685,1.331337127063217,0.0,0.0,0.0,0.03348349264257422,0.0,0.8470741948987216
pair-01-fixed_institution,2,selfish,no_drought,12,0.8495572916666666,0.85,0.8493189102564103,1.0086385369044806,60.48111763784233,47.49412985587808,0.0002951388888888889,0.0,0.8497048611111111,1.1109737011372913,0.0,0.0,0.0,0.0,0.0,0.8495720426251039
pair-01-coevolution,0,initial,drought,12,0.8487265049287378,0.8482180238528672,0.8497264645391505,0.9131091902224817,54.75952848545383,19.084315211565503,0.0008489967141747612,0.0011879840980885217,0.8491510032858253,0.0,0.2972222222222222,1.335126331685507,0.0,0.0,0.6329172457141079,0.85
pair-01-coevolution,0,initial,no_drought,12,0.8498416372046629,0.85,0.8497264645391505,0.9493636375499245,56.973353692782865,29.892106511168006,0.0001055751968914342,0.0,0.8498944248031085,0.0,0.3891203703703704,1.2597430651112496,0.0,0.0,0.6283248052852408,0.85
pair-01-coevolution,0,cooperative,drought,12,0.85,0.85,0.85,1.03052042677406,61.86764767798308,54.33823838991514,0.0,0.0,0.85,0.0,0.7335648148148148,1.0119581748782338,0.0,0.0,0.6445909346707009,0.85
pair-01-coevolution,0,cooperative,no_drought,12,0.85,0.85,0.85,1.038143696666611,62.28780307811796,56.43901539058957,0.0,0.0,0.85,0.0,0.7627314814814815,0.9963021436323231,0.0,0.0,0.644450439685331,0.85
pair-01-coevolution,0,selfish,drought,12,0.8452423329655732,0.8418188019617477,0.8497264645391505,0.892961304836619,53.55469029099536,13.688631187285038,0.0031717780229511914,0.005454132025501494,0.8468282219770488,0.0,0.2650462962962963,1.307568454806376,0.0,0.0,0.6166001477166262,0.848605235411746
pair-01-coevolution,0,selfish,no_drought,12,0.8498416372046629,0.85,0.8497264645391505,0.9493636375499245,56.973353692782865,29.892106511168006,0.0001055751968914342,0.0,0.8498944248031085,0.0,0.3891203703703704,1.2597430651112496,0.0,0.0,0.6283248052852408,0.849239958167969
pair-01-coevolution,1,initial,drought,12,0.85,0.85,0.85,0.9282232859375177,55.64560556647292,23.228027832364372,0.0,0.0,0.85,0.3065375094881541,2.663425925925926,0.4793893768420214,0.0,0.0,0.05237554170596094,0.8405653225602182
pair-01-coevolution,1,initial,no_drought,12,0.85,0.85,0.85,0.9535482098204765,57.1938080573126,30.969040286562752,0.0,0.0,0.85,0.0,3.346064814814815,0.0,0.0,0.0,0.0,0.849991673019068
pair-01-coevolution,1,cooperative,drought,12,0.85,0.85,0.85,0.9534832824715597,57.190691544564594,30.953457722822716,0.0,0.0,0.85,0.0,3.346064814814815,0.0,0.0,0.0,0.0,0.85
pair-01-coevolution,1,cooperative,no_drought,12,0.85,0.85,0.85,0.9535482098204765,57.1938080573126,30.969040286562752,0.0,0.0,0.85,0.0,3.346064814814815,0.0,0.0,0.0,0.0,0.85
pair-01-coevolution,1,selfish,drought,12,0.8341508051388518,0.8215511893485821,0.85,0.8732138642739334,52.3885741040189,10.176126264862448,0.010566129907432133,0.018965873767611885,0.8394338700925679,0.37343780133169485,1.4958333333333333,0.621126995808329,0.0,0.0,0.0733068703246352,0.8451594889547775
pair-01-coevolution,1,selfish,no_drought,12,0.8498578983106335,0.8497157966212671,0.85,0.9122666553453783,54.73442389479663,18.694855744281522,9.473445957764138e-05,0.00018946891915528277,0.8499052655404223,0.003194444444444444,1.9613425925925927,0.17093345452903724,0.0,0.0,0.057985999239025546,0.8499263918454836
pair-01-coevolution,2,initial,drought,12,0.85,0.85,0.85,1.0578092708221583,63.41689857372037,62.084492868601586,0.0,0.0,0.85,1.4043588300897258,0.0,0.0,0.0,0.0,0.0,0.8456711086029339
pair-01-coevolution,2,initial,no_drought,12,0.85,0.85,0.85,1.0927531002143323,65.5178831521533,72.58941576076626,0.0,0.0,0.85,1.3807760539309406,0.0,0.0,0.0,0.0,0.0,0.85
pair-01-coevolution,2,cooperative,drought,12,0.85,0.85,0.85,1.0620205499701154,63.67861309585499,63.39306547927471,0.0,0.0,0.85,1.0867984533056119,0.0,0.0,0.0,0.0,0.0,0.8479375801057697
pair-01-coevolution,2,cooperative,no_drought,12,0.85,0.85,0.85,1.081510762636157,64.84769203014683,69.23846015073386,0.0,0.0,0.85,1.0684888989816272,0.0,0.0,0.0,0.0,0.0,0.85
pair-01-coevolution,2,selfish,drought,12,0.8470232906584959,0.8469679561152469,0.8477938298794071,0.938118491180371,56.23191348076924,26.6843865874044,0.0019844728943360737,0.002021362589835365,0.8480155271056639,1.7707772102577293,0.0,0.0,0.0,0.0,0.0,0.8473541559433636
pair-01-coevolution,2,selfish,no_drought,12,0.8490333017526047,0.85,0.8477938298794071,0.9888918496749984,59.292429102917225,41.647654589753586,0.0006444654982634939,0.0,0.8493555345017365,1.6785199974335876,0.0,0.0,0.0,0.0,0.0,0.8495720426251039
