arena_id,focal,schedule,status,proxy_score
experiment-development-000,0,early,ok,0.21804489404328747
experiment-development-000,0,late,ok,0.1970614983672484
experiment-development-000,0,split,ok,0.1990617150284261
experiment-development-000,1,early,ok,0.32385555134571614
experiment-development-000,1,late,ok,0.2803236236990082
experiment-development-000,1,split,ok,0.2977378764744104
experiment-development-000,2,early,ok,0.2819151264852495
experiment-development-000,2,late,ok,0.2661297178470733
experiment-development-000,2,split,ok,0.2730760989171751
experiment-development-001,0,early,ok,0.2446091171251484
experiment-development-001,0,late,ok,0.2020570906792799
experiment-development-001,0,split,ok,0.21833726218510735
experiment-development-001,1,early,ok,0.37458931865930584
experiment-development-001,1,late,ok,0.33525285532102406
experiment-development-001,1,split,ok,0.3530032675809478
experiment-development-001,2,early,ok,0.25818901916214915
experiment-development-001,2,late,ok,0.24365238139297218
experiment-development-001,2,split,ok,0.2432677786640924
experiment-development-002,0,early,ok,0.1334762774624103
experiment-development-002,0,late,ok,0.0970823290718638
experiment-development-002,0,split,ok,0.11158319870131371
experiment-development-002,1,early,ok,0.5270959216275951
experiment-development-002,1,late,ok,0.531093059582348
experiment-development-002,1,split,ok,0.521056515400884
experiment-development-002,2,early,ok,0.3428191849994702
experiment-development-002,2,late,ok,0.29566026950335844
experiment-development-002,2,split,ok,0.3109061005343469
experiment-development-003,0,early,ok,0.20347737941820762
experiment-development-003,0,late,ok,0.18943653279758008
experiment-development-003,0,split,ok,0.18606117699004104
experiment-development-003,1,early,ok,0.481888060462537
experiment-development-003,1,late,ok,0.4346572466338074
experiment-development-003,1,split,ok,0.4516453165163539
experiment-development-003,2,early,ok,0.07852679166380425
experiment-development-003,2,late,ok,0.06848144124071504
experiment-development-003,2,split,ok,0.07283687859168432
experiment-development-004,0,early,ok,0.2717895148332264
experiment-development-004,0,late,ok,0.22530297787595932
experiment-development-004,0,split,ok,0.2436043942738151
experiment-development-004,1,early,ok,0.28680157231887793
experiment-development-004,1,late,ok,0.26419772590221074
experiment-development-004,1,split,ok,0.27409219638491733
experiment-development-004,2,early,ok,0.17605975470621568
experiment-development-004,2,late,ok,0.14177548711255455
experiment-development-004,2,split,ok,0.14875579040102224
experiment-development-005,0,early,ok,0.5061333440312888
experiment-development-005,0,late,ok,0.44327547202503675
experiment-development-005,0,split,ok,0.4730981674966004
experiment-development-005,1,early,ok,0.5111581156328263
experiment-development-005,1,late,ok,0.5010691669104282
experiment-development-005,1,split,ok,0.4982320019228034
experiment-development-005,2,early,ok,0.4613501553423689
experiment-development-005,2,late,ok,0.39586931226127714
experiment-development-005,2,split,ok,0.42335139197386545
