arena_id,consumption_per_member,external_harm,focal,focal_welfare,initial_budget,investment,other_society_utility,other_society_welfare,public_fraction,shortfall_per_member,terminal_wealth_per_member,trajectory_digest,utility,schedule
experiment-development-000,19.42077347883198,0.0,0,0.4853487568202491,1.6685816100117716,0.0,20.231244687863764,0.5214062378096171,0.0,7.779226521168019,0.1211359350541745,fab7b5ddc08531d944fc6aac0a5955e7909d6add270c89b5acbfa184b947e48a,19.445000665842812,early
experiment-development-000,19.31675570290423,0.0,0,0.4804729235736358,1.6685816100117716,0.8342908050058858,20.24637201564274,0.5221116454798052,0.5,7.883244297095769,0.12132900070383537,8be7a030f5a5a4c86702f863353a0cc2772c9d79f7ef3e2098658e5055fc4d85,19.341021503045,early
experiment-development-000,19.22279842869875,0.0,0,0.4760686763452538,1.6685816100117716,1.6685816100117716,20.261499343421722,0.5228170531499932,1.0,7.9772015713012525,0.12194316306283223,fcd068825f3b332e7037d44c70ff4de54c4d4ff4871a6739aafe3cec36a47e45,19.247187061311315,early
experiment-development-000,19.428772107387484,0.0,0,0.48572369253378833,1.6711056627723844,0.0,20.23221561210144,0.5214509002808845,0.0,7.771227892612515,0.12118043778591195,1cb9cef5b50d89483146b2418829ef5d3afa52d3dda57044bd7aa22d8d5500d3,19.453008194944665,late
experiment-development-000,19.31588123789658,0.0,0,0.4804319330264022,1.6711056627723844,0.8355528313861922,20.247365822892682,0.5221573750167565,0.5,7.884118762103419,0.12137379548474983,b21a0d81d3d26878bb3dd4ca4614595b3b1b6e76609716bc091bd5c7d8e54613,19.34015599699353,late
experiment-development-000,19.22150968054197,0.0,0,0.4760082662754048,1.6711056627723844,1.6711056627723844,20.262516033683923,0.5228638497526287,1.0,7.9784903194580306,0.12220053371793771,dc4ece41d62b6e7abc476ff362aafcd49a5d567ddecfe9dc56a6e4fb4f79a7dc,19.245949787285557,late
experiment-development-000,19.42487961560691,0.0,0,0.4855412319815739,1.6698436363920781,0.0,20.231730149982603,0.5214285690452508,0.0,7.775120384393091,0.1211581864200432,024a4c1c52008640844f05a191e4f09c4e19b11c300af50c30203644ee3f2449,19.449111252890916,split
experiment-development-000,19.316318470400404,0.0,0,0.480452428300019,1.6698436363920781,0.8349218181960391,20.246868919267712,0.5221345102482808,0.5,7.883681529599595,0.1213513980942926,ead4f5f0597900a6221e3f1eccfaaddd56f569845d2e3b86c87cf4ac44509d77,19.34058875001926,split
experiment-development-000,19.222154054620358,0.0,0,0.4760384713103293,1.6698436363920781,1.6698436363920781,20.262007688552824,0.522840451451311,1.0,7.9778459453796415,0.12207184839038493,c628a80323de3ba51d5891fed8f96aab5f4766033d2bf511fd129f84cba0b31f,19.246568424298435,split
experiment-development-000,19.513714018766628,0.0,0,0.4897053446296857,1.6543516294053884,0.0,20.204123407618386,0.5201397176446246,0.0,7.686285981233373,0.12088503974032186,71d724c77116b024e9896f00615c9f92a20da9482f27e617c66a2405c22d78bc,19.537891026714693,redistribute
experiment-development-000,19.414623973035017,0.0,0,0.4850604987360164,1.6543516294053884,0.8271758147026942,20.219854654434478,0.5208734654530451,0.5,7.7853760269649825,0.12107645888948557,b8fd8c1e33a7d0708b964a1312ee7456dc1338676e1b5e41c92feaaaeaafdebf,19.438839264812913,redistribute
experiment-development-000,19.3220953088505,0.0,0,0.48072321760236725,1.6543516294053884,1.6543516294053884,20.235279523549526,0.5215928518067289,1.0,7.877904691149498,0.12126787803864927,aa9a65a633dcfaf7a16a9159f2c16ffa123cc48e292c273ea51fdd3796727e51,19.34634888445823,redistribute
experiment-development-000,19.964685696304674,0.0,1,0.5108446420142816,1.5709941947658774,0.0,20.039707138135547,0.5123833564049756,0.0,7.2353143036953265,0.11168623689950871,87a38b5f40190d46906801b7be2d373e4e79a04d9e3fa88c1859f69b63c5e778,19.987022943684575,early
experiment-development-000,19.85635672129722,0.0,1,0.5057667213108074,1.5709941947658774,0.7854970973829387,20.053803278648918,0.5130406427381661,0.5,7.3436432787027766,0.11186801105607738,c4a6d1ed9038b4d02b09e3fcbac0bab0aa69b0f2ede930317cf3bf2d22f27195,19.878730323508435,early
experiment-development-000,19.73381330177544,0.0,1,0.5000224985207238,1.5709941947658774,1.5709941947658774,20.067899419162288,0.5136979290713566,1.0,7.4661866982245595,0.11204978521264605,fd8337e27794dbd4e07743b5ee25b41349a5471edc38b3d4cc8d706232c403f4,19.756223258817972,early
experiment-development-000,19.976786579402216,0.0,1,0.5114118709094789,1.57362964457599,0.0,20.039214022842998,0.5123593545267423,0.0,7.223213420597783,0.11173270372371183,25ba3f8024d284ab978bd72552626668468ad8b87ba8c8ccc382b3d1244b5cec,19.999133120146958,late
experiment-development-000,19.871169026124747,0.0,1,0.5064610480995976,1.57362964457599,0.786814822287995,20.0533338105926,0.5130177435025446,0.5,7.3288309738752515,0.11191478281881437,08f0002d291bb17aa89d18149f43d0f26a38168476dc38a43e9c1f73450a15b6,19.89355198268851,late
experiment-development-000,19.74842003166654,0.0,1,0.5007071889843692,1.57362964457599,1.57362964457599,20.0674535983422,0.5136761324783468,1.0,7.451579968333458,0.1120968619139169,6a9ba718b7166405039c845e9b7e56ba3f9b86a9b094379201ed63b81b21ce83,19.770839404049322,late
experiment-development-000,19.970736137853446,0.0,1,0.5111282564618802,1.5723119196709336,0.0,20.039460580489276,0.512371355465859,0.0,7.229263862146555,0.1117094703116103,b58feefcf511a68f13234e782eb4e0f134ef80ea1b892f0ac03df56967c0090f,19.99307803191577,split
experiment-development-000,19.863762873710986,0.0,1,0.5061138847052025,1.5723119196709336,0.7861559598354668,20.05356854462076,0.5130291931203553,0.5,7.336237126289014,0.1118913969374459,6334f01ca00df8bbae40a4e685454789f0ef15a4f08933a54f1956ea89cb6980,19.886141153098475,split
experiment-development-000,19.74111666672099,0.0,1,0.5003648437525464,1.5723119196709336,1.5723119196709336,20.067676508752246,0.5136870307748517,1.0,7.458883333279009,0.11207332356328151,b298b8ef4ecd2b47d6a5033d1fee4e4a3cd7bbc3e6b4791fc3eed2dd667f2e64,19.763531331433647,split
experiment-development-000,19.90471896136778,0.0,1,0.5080337013141146,1.556136185348556,0.0,20.009567013439675,0.5109755393024101,0.0,7.29528103863222,0.11142426852168028,71d724c77116b024e9896f00615c9f92a20da9482f27e617c66a2405c22d78bc,19.927003815072116,redistribute
experiment-development-000,19.80274807999813,0.0,1,0.5032538162499123,1.556136185348556,0.778068092674278,20.023573886577587,0.5116286740480305,0.5,7.39725192000187,0.11160432351076946,6ce230eafb56c92c7a43c7dc480e3aa3d2bebd1380282ed1ee8d0c25f7a67378,19.82506894470028,redistribute
experiment-development-000,19.701540641043007,0.0,1,0.49850971754889095,1.556136185348556,1.556136185348556,20.037536709864714,0.5122797439568948,1.0,7.498459358956992,0.11178437849985864,30439aa6bb165465af640f0fc3518f95b560bb331c8e0b6b3bc491991e3c79ab,19.72389751674298,redistribute
experiment-development-000,20.361714325882108,0.0,2,0.5294553590257238,1.5640202704589468,0.0,19.761320928603016,0.5002224432282275,0.0,6.838285674117891,0.3047127311481169,49d4d463bbd72296a470b4de4098ca972dfcd3e51e83a13f7f36685eee214338,20.42265687211173,early
experiment-development-000,20.29203940487615,0.0,2,0.5261893471035695,1.5640202704589468,0.7820101352294734,19.775504708416506,0.500886944356749,0.5,6.907960595123852,0.3079712573363832,478d7cbb82f89286528d17c2daddb51001fff789f19c5f6eaac45ddf3b8056c9,20.353633656343426,early
experiment-development-000,20.195273848695468,0.0,2,0.5216534616576001,1.5640202704589468,1.5640202704589468,19.78968848823,0.5015514454852703,1.0,7.004726151304532,0.31122978352464953,0432d81983eb939df05c7d22cf8147273b85e0856eda2e9869285cc7e45039e1,20.2575198054004,early
experiment-development-000,20.36489058435255,0.0,2,0.5296042461415259,1.5666514226386554,0.0,19.762374923672205,0.5002717560507886,0.0,6.835109415647446,0.3055480561671284,703db4e42a225e199a42a71361d74983d91254dfb6c04aa144aceefc9cbafe4b,20.426000195585978,late
experiment-development-000,20.289365805841907,0.0,2,0.5260640221488394,1.5666514226386554,0.7833257113193277,19.776582564866445,0.5009373750699317,0.5,6.910634194158092,0.30881206417583196,43162d125387ac6e26b563b9fa32da9a6b597dceaab699e7d35e4b6f02cf410e,20.351128218677072,late
experiment-development-000,20.203430756668517,0.0,2,0.5220358167188367,1.5666514226386554,1.5666514226386554,19.79079020606068,0.501602994089075,1.0,6.996569243331483,0.31207607218453565,ecf43e821ba77e5bb3973ea94633017157119ff61c2de0d62d1356e83a35d41c,20.265845971105424,late
experiment-development-000,20.360814937500265,0.0,2,0.529413200195325,1.5653358465488012,0.0,19.761847926137612,0.5002470996395081,0.0,6.839185062499733,0.3051303936576223,bef5afc07244eb608400410fd38d6a3c72e0bada1d77ebadad193279b8c32f8b,20.42184101623179,split
experiment-development-000,20.290702605359026,0.0,2,0.5261266846262044,1.5653358465488012,0.7826679232744006,19.776043636641475,0.5009121597133404,0.5,6.909297394640972,0.30839166075610774,a5b3dcdf18794843b9e973465470ab44443fe04360c6fe4853cd039e6160b8de,20.352380937510247,split
experiment-development-000,20.19935230268199,0.0,2,0.5218446391882184,1.5653358465488012,1.5653358465488012,19.790239347145338,0.5015772197871727,1.0,7.000647697318008,0.3116529278545925,7b700a0bb69fa0505bf36c14a8131c043baa13cda49f08041fb682f2d5de1337,20.26168288825291,split
experiment-development-000,20.421242324802872,0.0,2,0.5322457339751346,1.5491864900111048,0.0,19.732447420893404,0.4988695229719001,0.0,6.778757675197127,0.30000337680891714,71d724c77116b024e9896f00615c9f92a20da9482f27e617c66a2405c22d78bc,20.481243000164657,redistribute
experiment-development-000,20.31188507481225,0.0,2,0.5271196128818242,1.5491864900111048,0.7745932450055524,19.747141762956993,0.4995579601539477,0.5,6.888114925187749,0.3032309978593327,8435e2f49b2e1b46a89fb127db79e098cdbacb858713740e41fad06b72542315,20.372531274384116,redistribute
experiment-development-000,20.215753338759203,0.0,2,0.5226134377543377,1.5491864900111048,1.5491864900111048,19.76166135944722,0.5002382061372439,1.0,6.984246661240796,0.306458618909748,798699ae311a730648675f9caa5259cfa1c842166ee9595f14ca698fc993bf0c,20.277045062541152,redistribute
experiment-development-001,21.53307720303844,0.0,0,0.5843629938924271,1.5743256404952426,0.0,21.563013597002847,0.5845810419429385,0.0,5.666922796961557,0.14126051856554525,2ce18590e75b0ea75dbde864404939886ebe2fe50fb54f032965c9edab2c2a3a,21.56132930675155,early
experiment-development-001,21.605129628473215,0.0,0,0.587740451334682,1.5743256404952426,0.7871628202476213,21.577280306157718,0.5852470909947597,0.5,5.594870371526784,0.14383677613774962,7cf807d3f3b066dbde61f2bf09f3fefd3ea096d2cf2e34989ecae51326524638,21.633896983700765,early
experiment-development-001,21.690896074558964,0.0,0,0.5917607534949514,1.5743256404952426,1.5743256404952426,21.591547015312592,0.5859131400465809,1.0,5.509103925441036,0.14647392976629953,57d2153083a00d9589142504a69947b90b6107502de4ea897b1734a244e65549,21.720190860512222,early
experiment-development-001,21.535284083210723,0.0,0,0.5844664414005026,1.5851478087066395,0.0,21.564860008229527,0.584666858426959,0.0,5.664715916789277,0.14196015747149968,c00a8b4cd092213dbd1bc6210de9dd65681cd68703315c612c01f795657c8df7,21.56367611470502,late
experiment-development-001,21.594969495778624,0.0,0,0.5872641951146231,1.5851478087066395,0.7925739043533198,21.57922478904272,0.5853374860073199,0.5,5.605030504221373,0.144554124653511,313e961045bede346052866108733dfe209aab69cf6222c70294978ddb0688ed,21.623880320709326,late
experiment-development-001,21.68856027892119,0.0,0,0.5916512630744308,1.5851478087066395,1.5851478087066395,21.59358956985591,0.5860081135876809,1.0,5.511439721078809,0.14761828162087753,5840507b1f32eb03ec4fbf372d1874f9b355fdf4fdd7e2f4803658b061f68620,21.718083935245367,late
experiment-development-001,21.52306766721667,0.0,0,0.5838937969007814,1.5797367246009408,0.0,21.56396241727399,0.5846251508720332,0.0,5.676932332783331,0.14161033801852244,69512f4a4ac97d3ce0fa806344d4aa3b86ac376dd0d21a4194853befc4465d73,21.551389734820372,split
experiment-development-001,21.59933239844307,0.0,0,0.587468706177019,1.5797367246009408,0.7898683623004704,21.57827816225802,0.5852934891881242,0.5,5.600667601556928,0.14419545039563034,4da870ab94c27e726c6abb2c831803ad5bab0b6d2799e328982669319db22760,21.6281714885222,split
experiment-development-001,21.697769322397583,0.0,0,0.5920829369873868,1.5797367246009408,1.5797367246009408,21.59259390724205,0.5859618275042153,1.0,5.502230677602414,0.14704610569358856,f7dde4b76bf360772b3368abcb1b138a6e8587dbb2402661bfcbe512e0e03da1,21.7271785435363,split
experiment-development-001,21.15750696427631,0.0,0,0.5667581389504519,1.5133129524206037,0.0,21.53636930791771,0.583336229239283,0.0,6.042493035723693,0.13731612872609292,b30401eea05c55365dfa574b32aa3495491dffc5b019f43c6965d04cd60e60dc,21.184970190021527,redistribute
experiment-development-001,21.261132335554557,0.0,0,0.5716155782291199,1.5133129524206037,0.7566564762103019,21.549493831829942,0.5839488431097692,0.5,5.938867664445441,0.13979254393048615,4a758376f2a0044249d1c37afe0e480bcf84a6faccc66f9baa2c23653ae9f9a8,21.289090844340652,redistribute
experiment-development-001,21.355388810479006,0.0,0,0.5760338504912034,1.5133129524206037,1.5133129524206037,21.562595829650956,0.5845604010697294,1.0,5.844611189520995,0.14226895913487939,af4f98ad495528b723382136cade8312de6a62306385071757ea439ceeba26da,21.383842602305982,redistribute
experiment-development-001,23.225449014640837,0.0,1,0.6636929225612893,1.947036296392686,0.0,20.80726181999689,0.5492020630550923,0.0,3.9745509853591607,0.16614267685374942,43879228f70841cfe657f0be977399cbeac9edd9150595356850ab33fcdbfde0,23.258677550011587,early
experiment-development-001,23.290237254931675,0.0,1,0.6667298713249222,1.947036296392686,0.973518148196343,20.826547764595073,0.5501050356863255,0.5,3.909762745068325,0.1781102351716797,ff98dea523e0f71d5353e8499fcbcd5fcd1282ba2af83052a9b6eda051fccea7,23.325859301966013,early
experiment-development-001,23.34943188712227,0.0,1,0.6695046197088564,1.947036296392686,1.947036296392686,20.845804610099684,0.5510066442975476,1.0,3.850568112877729,0.19007779348961,bafbb2734edb7ce7f16928825b53933f8de2bd5fd9124fa0c8f3d8720d1c1134,23.387447445820193,early
experiment-development-001,23.299042512457277,0.0,1,0.6671426177714348,1.9611656216710611,0.0,20.80666459017757,0.549173765156566,0.0,3.900957487542724,0.16957365449289816,5425d8a16423f9164a9a82907039353de1429f2b974a7bf75f5c47eed0b718d0,23.332957243355857,late
experiment-development-001,23.35315567932611,0.0,1,0.6696791724684114,1.9611656216710611,0.9805828108355306,20.82609048973449,0.550083290513112,0.5,3.84684432067389,0.18162805943231944,3393605c0e0df8e4d50b9f20bbcd7332e76a50e88115c279abfed07b1a4a7898,23.389481291212576,late
experiment-development-001,23.42222743578463,0.0,1,0.6729169110524046,1.9611656216710611,1.9611656216710611,20.845458766882416,0.5509901148192361,1.0,3.7777725642153683,0.1936824643717406,8c1ad7c949785156e9553824b5e44f06fc148bde288493da114682aaeb7cd6f3,23.46096392865898,late
experiment-development-001,23.26280744392465,0.0,1,0.6654440989339679,1.9541009590318736,0.0,20.80696320508723,0.5491879141058291,0.0,3.9371925560753493,0.16785816567332387,cf9f5c0c55db7f6a58f97673d2aa9b68b9e0b0adc3523118be12e2bd5d860141,23.296379077059314,split
experiment-development-001,23.315827053964888,0.0,1,0.6679293931546041,1.9541009590318736,0.9770504795159368,20.826319127164783,0.5500941630997188,0.5,3.884172946035112,0.17986914730199957,132115db8947a323b8439c4305c98beab67c255b79c4d471e657e94730d91642,23.351800883425287,split
experiment-development-001,23.387517703076618,0.0,1,0.6712898923317165,1.9541009590318736,1.9541009590318736,20.84563168849105,0.5509983795583919,1.0,3.81248229692338,0.19188012893067533,30f56ca5a3aa8ac221828fa7b9e40a43ea22afa5bfd8c7e73d7552acf074f52d,23.425893728862754,split
experiment-development-001,22.693245867350434,0.0,1,0.6387459000320517,1.867378680739773,0.0,20.767551501279357,0.5473423486984831,0.0,4.506754132649564,0.14679967973899424,b30401eea05c55365dfa574b32aa3495491dffc5b019f43c6965d04cd60e60dc,22.722605803298233,redistribute
experiment-development-001,22.773626623383297,0.0,1,0.6425137479710921,1.867378680739773,0.9336893403698865,20.78407963605323,0.5481160921984192,0.5,4.426373376616704,0.15827761844245739,0b7672ff6648d41dd4aaa3661d42c85e56655145ac04e9c87fc12395bb4f917d,22.80528214707179,redistribute
experiment-development-001,22.866662938414088,0.0,1,0.6468748252381604,1.867378680739773,1.867378680739773,20.800893370258226,0.5489032231716889,1.0,4.333337061585911,0.16975555714592047,889cc46173ea58047b8003458aaf4041ba78c88f506e0c94f1ec3c42acdf1037,22.90061404984327,redistribute
experiment-development-001,20.632118833117207,0.0,2,0.5421305703023692,1.3157951268448358,0.0,21.976476122016436,0.603811348748327,0.0,6.56788116688279,0.10608416916039712,3ab9295c8b0c9f0a88996f940e5e71e4406b1795e7c7df38db629f588057782a,20.653335666949285,early
experiment-development-001,20.723956954363242,0.0,2,0.5464354822357769,1.3157951268448358,0.6578975634224179,21.98846939306965,0.6043708664551776,0.5,6.476043045636759,0.106671403651351,63ff6da5e6836796d6e15e8d4795f5098824bd9fa373579a7c0d7e3900c221b8,20.74529123509351,early
experiment-development-001,20.775992792720306,0.0,2,0.5488746621587643,1.3157951268448358,1.3157951268448358,22.000462664122864,0.6049303841620282,1.0,6.424007207279693,0.10725863814230488,653c1d5358d1adb254b57fe060dacdbb89b09853cff3ee2cd6fa1f98325815d6,20.797444520348765,early
experiment-development-001,20.679739516742853,0.0,2,0.5443627898473212,1.3250472165791713,0.0,21.976503600712572,0.6038118959814902,0.0,6.5202604832571485,0.10624729699745453,e7f41022e4062b19e4051799ce5729e202099980c1a0471b0ab7c8224322705c,20.700988976142344,late
experiment-development-001,20.733441058195506,0.0,2,0.5468800496029144,1.3250472165791713,0.6625236082895857,21.988480684689833,0.604370636166878,0.5,6.466558941804493,0.10683866066178396,3dfe979549e8714a8cab7b46bb17afe76a7ac78c2ffd82f2f8684610a6e62617,20.754808790327864,late
experiment-development-001,20.793566896129104,0.0,2,0.5496984482560519,1.3250472165791713,1.3250472165791713,22.000558287123923,0.6049340881549294,1.0,6.406433103870894,0.1074300243261134,4822bae0299a8353b49326bdebb7cbf311a7d8ce8bceaa27289484f6372a5b27,20.815052900994328,late
experiment-development-001,20.650627011442545,0.0,2,0.5429981411613692,1.3204211717120036,0.0,21.97643960213609,0.6038092664635768,0.0,6.549372988557456,0.10616573307892582,515fe0bf0d66231c8259ed645906959b23ae7f20df32714add8992329870ab75,20.67186015805833,split
experiment-development-001,20.728842051605987,0.0,2,0.5466644711690307,1.3204211717120036,0.6602105858560018,21.98847503887974,0.6043707513110278,0.5,6.471157948394011,0.10675503215656748,361883f830447241bfb6b12d5067c3e4da087f02adbabd2f0b09a0a32278bc05,20.7501930580373,split
experiment-development-001,20.784779844424705,0.0,2,0.5492865552074081,1.3204211717120036,1.3204211717120036,22.000510475623393,0.6049322361584788,1.0,6.415220155575295,0.10734433123420914,1bdeb5022541c7d9e3da35494355acb442d7c6b09be7ab7b8e23b8cc8c636d55,20.806248710671547,split
experiment-development-001,20.32909991352564,0.0,2,0.5279265584465143,1.2636341500449089,0.0,21.95378799665988,0.6027520194912518,0.0,6.870900086474362,0.10516449505773481,b30401eea05c55365dfa574b32aa3495491dffc5b019f43c6965d04cd60e60dc,20.350132812537186,redistribute
experiment-development-001,20.40696464640257,0.0,2,0.5315764678001206,1.2636341500449089,0.6318170750224544,21.964465635176133,0.6032499726436011,0.5,6.7930353535974275,0.1057284502979651,263a4e3e461fe45f3f2fb527a5078bc53b4aa84c6fae35d513611d40aa43b7e6,20.428110336462165,redistribute
experiment-development-001,20.490482068009033,0.0,2,0.5354913469379236,1.2636341500449089,1.2636341500449089,21.97514327369239,0.6037479257959506,1.0,6.709517931990964,0.10629240553819533,c593ef262f9943346f6b82ef384a67fa39444dd16ef555ebcfc197d5251e2848,20.511740549116674,redistribute
experiment-development-002,27.2,0.0,0,0.85,3.3010270805059228,0.0,30.755246897008856,0.85,0.0,0.0,12.82042327706463,dc15bc2c8428d1b8127ba71efee10a9c01775e81152b2a25a0951f161456ade3,29.764084655412926,early
experiment-development-002,27.2,0.0,0,0.85,3.3010270805059228,1.6505135402529614,30.76191194916986,0.85,0.5,0.0,12.563312775758147,677d4483b022136a777428486c3a7c07689a30a3a989d446fd48346b9136d84a,29.712662555151628,early
experiment-development-002,27.2,0.0,0,0.85,3.3010270805059228,3.3010270805059228,30.768577001330865,0.85,1.0,0.0,12.30620227445166,63e92fd782ec7f5381b73ecf88ae7938101a135e18840094028b8ab707ce956c,29.661240454890333,early
experiment-development-002,27.2,0.0,0,0.85,3.3059502572061197,0.0,30.754651677903897,0.85,0.0,0.0,12.804216259838277,e55cbb84413b10a85ca897c5e2c9627e2a31d1c7ea1bd9ad116985c9d0087966,29.760843251967657,late
experiment-development-002,27.2,0.0,0,0.85,3.3059502572061197,1.6529751286030598,30.761326670373997,0.85,0.5,0.0,12.546722301989766,2ca9adc0187057a5b45a5b7924580212488980a194ea7c2ba39bdce07aa4b90f,29.70934446039795,late
experiment-development-002,27.2,0.0,0,0.85,3.3059502572061197,3.3059502572061197,30.768001662844092,0.85,1.0,0.0,12.289228344141263,96bd910d7f24d4fd73746744d42faad562d140547fdcfc8aee83ffeeded52da6,29.65784566882825,late
experiment-development-002,27.2,0.0,0,0.85,3.3034886688560214,0.0,30.754949287456377,0.85,0.0,0.0,12.812319768451456,7464b45ec0bb8bd299fd0f9b1805367caa1f1ac3c4f62bff796552e6013238b3,29.76246395369029,split
experiment-development-002,27.2,0.0,0,0.85,3.3034886688560214,1.6517443344280107,30.761619309771927,0.85,0.5,0.0,12.555017538873962,b72e39477b5bb6598bca0b6c45e8b07b5fa949d3d6ed83e528047e641f811363,29.71100350777479,split
experiment-development-002,27.2,0.0,0,0.85,3.3034886688560214,3.3034886688560214,30.768289332087477,0.85,1.0,0.0,12.297715309296462,54a47362926f1d2de8bbdb1fbb79e84fab1536f09b95ff7f64509be3689ad80c,29.659543061859292,split
experiment-development-002,27.2,0.0,0,0.85,3.273271436860582,0.0,30.742113201616558,0.85,0.0,0.0,13.076688326366572,b57058ed71d602419a0b32eba81a89e12dd5a1e383fcca7e0c4b99fec637a278,29.815337665273315,redistribute
experiment-development-002,27.2,0.0,0,0.85,3.273271436860582,1.636635718430291,30.748722212791485,0.85,0.5,0.0,12.821739657507294,0fa3012be0c55ec7ad7b35737fc073bd5eb5fa60beb882f80b32d9e437382a0e,29.764347931501458,redistribute
experiment-development-002,27.2,0.0,0,0.85,3.273271436860582,3.273271436860582,30.75533122396641,0.85,1.0,0.0,12.566790988648009,e4dda9b4f25ee4ca931b0aa8fb4e42ab5db6184d4e7d5198963f853a878a1f62,29.7133581977296,redistribute
experiment-development-002,27.2,0.0,1,0.85,3.2033344033431157,0.0,30.231165281045016,0.85,0.0,0.0,17.896068663517408,b17a7f92ac001b4bdb34d461c4bde265b808c43bb51d46d6cde4b252556a3c5c,30.779213732703482,early
experiment-development-002,27.2,0.0,1,0.85,3.2033344033431157,1.6016672016715578,30.237633083449154,0.85,0.5,0.0,17.646567252529398,f669f3fd1b55fe24c96b5540a33f851d4554de43c734bed5c68a8a4b6902aadd,30.729313450505877,early
experiment-development-002,27.2,0.0,1,0.85,3.2033344033431157,3.2033344033431157,30.244100885853292,0.85,1.0,0.0,17.397065841541377,88c75240489e1970815de20b7b43eaef961e54ce35cfb4beb91b0518992b3979,30.679413168308276,early
experiment-development-002,27.2,0.0,1,0.85,3.2081290896890735,0.0,30.230537209631763,0.85,0.0,0.0,17.88254269331273,45f5b351a71c5d120218fa1b0c480fddac0717aca3ad93f91c5e3b731cabba58,30.776508538662547,late
experiment-development-002,27.2,0.0,1,0.85,3.2081290896890735,1.6040645448445368,30.23701469291213,0.85,0.5,0.0,17.632667833643453,c3e5ff4246a9df4d661cd481962d69a8691b8fc0f40137669dbd3adce4d71f16,30.72653356672869,late
experiment-development-002,27.2,0.0,1,0.85,3.2081290896890735,3.2081290896890735,30.243492176192497,0.85,1.0,0.0,17.38279297397419,affa73d0eac124f33aa72901bae930873cf5480dbec9c83439f4b764543a1dae,30.676558594794837,late
experiment-development-002,27.2,0.0,1,0.85,3.205731746516095,0.0,30.23085124533839,0.85,0.0,0.0,17.889305678415067,e8f2de6b7a2c03c63ea3509648bdbedca1871eb30c7c133f5dc2ec5eb314ed51,30.77786113568301,split
experiment-development-002,27.2,0.0,1,0.85,3.205731746516095,1.6028658732580474,30.237323888180644,0.85,0.5,0.0,17.639617543086427,0c794be077afb12dfcd891e9c6b18289838e714b1e79d7f41629067d2662abec,30.727923508617284,split
experiment-development-002,27.2,0.0,1,0.85,3.205731746516095,3.205731746516095,30.243796531022895,0.85,1.0,0.0,17.389929407757784,272cbbcb6d1b28a9db968484bde70e562d26732fc3b2e6b7b76907e581a69e94,30.677985881551557,split
experiment-development-002,27.2,0.0,1,0.85,3.1763031563021027,0.0,30.21864715665867,0.85,0.0,0.0,18.311348775945454,b57058ed71d602419a0b32eba81a89e12dd5a1e383fcca7e0c4b99fec637a278,30.86226975518909,redistribute
experiment-development-002,27.2,0.0,1,0.85,3.1763031563021027,1.5881515781510513,30.225060380694586,0.85,0.5,0.0,18.0639527755791,492153319a6f12eeeac3433dba9f86be65f52948244a1ae14fdff801cb9271f8,30.812790555115818,redistribute
experiment-development-002,27.2,0.0,1,0.85,3.1763031563021027,3.1763031563021027,30.231473604730503,0.85,1.0,0.0,17.816556775212735,548bbd369a36f5c294740ff426cf18fd0765b2b19832c5d81e4b85749fada835,30.763311355042546,redistribute
experiment-development-002,27.2,0.0,2,0.85,2.5220371227784923,0.0,30.353200436590576,0.85,0.0,0.0,16.632181807561516,683e2dcb251552326987b8620d7a032a0ae5f5452b688216b3cf8ef3e6fae2c7,30.526436361512303,early
experiment-development-002,27.2,0.0,2,0.85,2.5220371227784923,1.2610185613892462,30.358292642308783,0.85,0.5,0.0,16.435745300639013,90adf27c9b6ab8d38be779c7b70ed827a15f2bd65decd55166be5d9eae2c3545,30.487149060127802,early
experiment-development-002,27.2,0.0,2,0.85,2.5220371227784923,2.5220371227784923,30.36338484802699,0.85,1.0,0.0,16.23930879371652,cd7548e2fb60c97f6e7e360be1548e41f9db635126b667fdfc77c8567f3cc2f5,30.447861758743304,early
experiment-development-002,27.2,0.0,2,0.85,2.527551350403286,0.0,30.3524781101468,0.85,0.0,0.0,16.616625987394546,342d72796f4583bc20bc9eb66314044f4e494ce3cc639c9aacf9be58d2793e9e,30.523325197478908,late
experiment-development-002,27.2,0.0,2,0.85,2.527551350403286,1.263775675201643,30.35758144955578,0.85,0.5,0.0,16.41975998813698,5a204983a5a80e6b09229e48eb750479792047eaa0a0e565db4fd6bb2bbcd693,30.483951997627397,late
experiment-development-002,27.2,0.0,2,0.85,2.527551350403286,2.527551350403286,30.36268478896476,0.85,1.0,0.0,16.22289398887942,06764c05642c7044c4dbe4b7e5391754bfe7e9c97171f716940a68924bc32647,30.444578797775883,late
experiment-development-002,27.2,0.0,2,0.85,2.524794236590889,0.0,30.352839273368687,0.85,0.0,0.0,16.624403897478032,f06b3ce9b84fbc5941f54ca2f6087aeace128f8605ace4878e37ff67b573f27f,30.524880779495607,split
experiment-development-002,27.2,0.0,2,0.85,2.524794236590889,1.2623971182954445,30.35793704593228,0.85,0.5,0.0,16.427752644388,c24fa5eb3ed1c10b3e4817e4e9a92a7e7924a5722c69da2849f0530a79c0e128,30.4855505288776,split
experiment-development-002,27.2,0.0,2,0.85,2.524794236590889,2.524794236590889,30.363034818495876,0.85,1.0,0.0,16.23110139129797,1645482790d324c268eaa5538edf007af55fa5a00a4e563212b12f5295ed6fe8,30.446220278259595,split
experiment-development-002,27.2,0.0,2,0.85,2.4909492812783203,0.0,30.338803710231204,0.85,0.0,0.0,17.109783240220132,b57058ed71d602419a0b32eba81a89e12dd5a1e383fcca7e0c4b99fec637a278,30.621956648044026,redistribute
experiment-development-002,27.2,0.0,2,0.85,2.4909492812783203,1.2454746406391601,30.34383314697475,0.85,0.5,0.0,16.9157681040764,d3dc71c9cc9e8e9645a1ca3572709091b2f76345a8506779a6dac69802c33afa,30.58315362081528,redistribute
experiment-development-002,27.2,0.0,2,0.85,2.4909492812783203,2.4909492812783203,30.348862583718294,0.85,1.0,0.0,16.72175296793267,4f5bbfce9cdfef8f707423c7195fa267129c47d197ea5c75e92d03cb68445272,30.544350593586532,redistribute
experiment-development-003,27.2,0.0,0,0.85,2.831357838059584,0.0,31.08026712298573,0.85,0.0,0.0,18.470428830777948,c83fab4f1cb6dff054e0ee62a75b5ee528303cdda950ff9ca0d94c5f63703dad,30.89408576615559,early
experiment-development-003,27.2,0.0,0,0.85,2.831357838059584,1.415678919029792,31.085983873323396,0.85,0.5,0.0,18.63101663141064,2219c2ea8d1ca9c6c99d52962ead5ac916bc2e795f5a1a5f0f69840020bf81a3,30.926203326282128,early
experiment-development-003,27.2,0.0,0,0.85,2.831357838059584,2.831357838059584,31.091700623661062,0.85,1.0,0.0,18.791604432043318,9d6c5209a2b404f6eaab7d41f402a4fb1d2bf1ce91aea37e92f5352b8e5ca57b,30.958320886408664,early
experiment-development-003,27.2,0.0,0,0.85,2.8500633141624574,0.0,31.079680803292597,0.85,0.0,0.0,18.417660058396212,cbf7b60090d22e19079f2d305beb138fae00134f5db0c76efe7aedb1098fa68a,30.883532011679243,late
experiment-development-003,27.2,0.0,0,0.85,2.8500633141624574,1.4250316570812287,31.085435321564574,0.85,0.5,0.0,18.57930878860366,01a1e13cbaac30af3769160afb9a8cb949e95cf5328e4bd09ad162f1f8beacd2,30.915861757720734,late
experiment-development-003,27.2,0.0,0,0.85,2.8500633141624574,2.8500633141624574,31.091189839836545,0.85,1.0,0.0,18.74095751881111,4101c6a3f3fd10a9df83f3566a0f0e2bcd66b072bb01b8aaf172b50169f03d1c,30.94819150376222,late
experiment-development-003,27.2,0.0,0,0.85,2.8407105761110207,0.0,31.07997396313916,0.85,0.0,0.0,18.44404444458708,5e709fb16cb92874ebf2f592e94a5227321c80640a41a83c1820497b3bc638f6,30.888808888917417,split
experiment-development-003,27.2,0.0,0,0.85,2.8407105761110207,1.4203552880555104,31.085709597443987,0.85,0.5,0.0,18.60516271000715,9020298fbde4c842fd0e9f1f3c2d8124dc71dfd83264b06d00098a77578f94b7,30.92103254200143,split
experiment-development-003,27.2,0.0,0,0.85,2.8407105761110207,2.8407105761110207,31.091445231748807,0.85,1.0,0.0,18.76628097542722,496c9af5175b06dab72a41c6ecb6c16380a420b5abc1d73f6085d5427971b4ab,30.953256195085444,split
experiment-development-003,27.2,0.0,0,0.85,2.7259010241883708,0.0,31.06732979589401,0.85,0.0,0.0,18.02797390107038,056f4871f79e998f2dd4ceb49409f246652696fcf3c26f6c15e55cd71e85f513,30.805594780214076,redistribute
experiment-development-003,27.2,0.0,0,0.85,2.7259010241883708,1.3629505120941854,31.072833620027787,0.85,0.5,0.0,18.18258044508701,e53483de00bfaef7ea7b05547f88d499e6436be58eb01c43a6750cfc180946bd,30.8365160890174,redistribute
experiment-development-003,27.2,0.0,0,0.85,2.7259010241883708,2.7259010241883708,31.07833744416157,0.85,1.0,0.0,18.337186989103643,78eeba6139be34b1798d49d8ea9b2480c228c7e611ce0ae93ba25a97eb64133a,30.86743739782073,redistribute
experiment-development-003,27.2,0.0,1,0.85,3.1675363478567173,0.0,31.055449728553825,0.85,0.0,0.0,18.774098676893548,b73ce619ea8f9f030e9a8990771c04a718fd0b828b7d7035676285aecb5688c4,30.95481973537871,early
experiment-development-003,27.2,0.0,1,0.85,3.1675363478567173,1.5837681739283587,31.061845251663897,0.85,0.5,0.0,18.9537537133177,5789b9ceecd5b321d4f0879f4a1ac03f5c2e5f432063bd7057ad249474572f22,30.99075074266354,early
experiment-development-003,27.2,0.0,1,0.85,3.1675363478567173,3.1675363478567173,31.068240774773965,0.85,1.0,0.0,19.133408749741843,c9b0f10f90d9ca99cb628bbd2578af351e6e123d67b7c7b8643b96f39d83455c,31.026681749948366,early
experiment-development-003,27.2,0.0,1,0.85,3.1880571895951597,0.0,31.054806506560187,0.85,0.0,0.0,18.71620869746601,5c4caa5b0c2a7a849b729693ae55709f910ba0c4c7a6a8946f35c17e6a6f511d,30.943241739493203,late
experiment-development-003,27.2,0.0,1,0.85,3.1880571895951597,1.5940285947975799,31.061243462980933,0.85,0.5,0.0,18.897027626633633,b3e8a4b6e88f1871baa5309c0643bda8f89409b15a7f96ec00cb7cc4a0417eac,30.979405525326726,late
experiment-development-003,27.2,0.0,1,0.85,3.1880571895951597,3.1880571895951597,31.067680419401675,0.85,1.0,0.0,19.077846555801266,35850851fe1c84853d7c356020aea414e8c08689efc8e19e09c0dbb928a0e6bf,31.015569311160252,late
experiment-development-003,27.2,0.0,1,0.85,3.1777967687259387,0.0,31.055128117557004,0.85,0.0,0.0,18.745153687179773,3053c8d3e58cfe11590976874a4f6967aabedacc9dac41b513dabb650fbed3f4,30.949030737435955,split
experiment-development-003,27.2,0.0,1,0.85,3.1777967687259387,1.5888983843629694,31.06154435732241,0.85,0.5,0.0,18.925390669975663,68c59fdaef02c58c79bd67f8c463e2d74f13b85da6915d549963bb861e6bebc0,30.98507813399513,split
experiment-development-003,27.2,0.0,1,0.85,3.1777967687259387,3.1777967687259387,31.06796059708782,0.85,1.0,0.0,19.10562765277156,55dd24c7616028d633582e37f049df06661bad01e56e9df6f23ab876bab42ce1,31.02112553055431,split
experiment-development-003,27.2,0.0,1,0.85,3.0518449548234745,0.0,31.041256834435142,0.85,0.0,0.0,18.288703515659044,056f4871f79e998f2dd4ceb49409f246652696fcf3c26f6c15e55cd71e85f513,30.85774070313181,redistribute
experiment-development-003,27.2,0.0,1,0.85,3.0518449548234745,1.5259224774117373,31.04741876686257,0.85,0.5,0.0,18.46179681477482,de620e7cb951e4888ab7b9a19cb7e2ec10a2a9fd6e57ee8949181ee4ee0d2f06,30.892359362954963,redistribute
experiment-development-003,27.2,0.0,1,0.85,3.0518449548234745,3.0518449548234745,31.053580699290002,0.85,1.0,0.0,18.634890113890606,41df2621052fc0c10a9fd70514ad54210a6090037dde8956d1047da4fbbc6cbe,30.926978022778123,redistribute
experiment-development-003,27.2,0.0,2,0.85,3.1917442588961604,0.0,30.847859373408237,0.85,0.0,0.0,20.938346175033708,e68cbf0c6673a0322f0e8661390cfa2edb34a3f5db624c9234f7546119a4dabc,31.38766923500674,early
experiment-development-003,27.2,0.0,2,0.85,3.1917442588961604,1.5958721294480802,30.854303774332955,0.85,0.5,0.0,21.119374225896188,c3199b7af21916d6e3853c7c30c88c22f9dd60c5cde0d3eebe82a5dcf29095c5,31.42387484517924,early
experiment-development-003,27.2,0.0,2,0.85,3.1917442588961604,3.1917442588961604,30.860748175257672,0.85,1.0,0.0,21.30040227675866,e71d71f4683a26a6bb1fbf75d281cb828741f117f2a9fef636379a480e4861a5,31.460080455351733,early
experiment-development-003,27.2,0.0,2,0.85,3.2151549818641927,0.0,30.84712556862128,0.85,0.0,0.0,20.87230374420766,272b409cfb3d7409248c4c003dae329db7fc3c0e2a633c9492335389383ba5fe,31.374460748841532,late
experiment-development-003,27.2,0.0,2,0.85,3.2151549818641927,1.6075774909320963,30.853617237770678,0.85,0.5,0.0,21.054659594920132,63bec34ccefa6ac2092026e1fe551d7d19732a8894b8b9622fd9e6aadc87cc63,31.410931918984026,late
experiment-development-003,27.2,0.0,2,0.85,3.2151549818641927,3.2151549818641927,30.86010890692007,0.85,1.0,0.0,21.237015445632604,1ef1e95c93ee8a755e0b3f8cba371fd8c47ef81f06163a7566f87fb8685ec112,31.44740308912652,late
experiment-development-003,27.2,0.0,2,0.85,3.2034496203801766,0.0,30.84749247101476,0.85,0.0,0.0,20.90532495962067,892b06d32ece046ef0eaab0b69a54894f7764086b84de9d697fd52c5ad73d10c,31.381064991924134,split
experiment-development-003,27.2,0.0,2,0.85,3.2034496203801766,1.6017248101900883,30.853960506051813,0.85,0.5,0.0,21.08701691040815,99d145588e80dd700c37433b03d4cb49b9e1850421c4d07733c863f75105d0fd,31.41740338208163,split
experiment-development-003,27.2,0.0,2,0.85,3.2034496203801766,3.2034496203801766,30.860428541088872,0.85,1.0,0.0,21.268708861195627,1e15f17968d366d28c109ab8a54bbc18de0995169fc7f7fd9b00c7d104b4658c,31.453741772239127,split
experiment-development-003,27.2,0.0,2,0.85,3.0597604354931804,0.0,30.831667741672945,0.85,0.0,0.0,20.38459444328104,056f4871f79e998f2dd4ceb49409f246652696fcf3c26f6c15e55cd71e85f513,31.27691888865621,redistribute
experiment-development-003,27.2,0.0,2,0.85,3.0597604354931804,1.5298802177465902,30.83784565612362,0.85,0.5,0.0,20.55813668940543,a23d99cf1d9caf2d6b2518d60d507fafcf8ee9229d2b0c393dd802b700e839bd,31.311627337881085,redistribute
experiment-development-003,27.2,0.0,2,0.85,3.0597604354931804,3.0597604354931804,30.8440235705743,0.85,1.0,0.0,20.73167893552982,ec419e008a04a32e39fbf0dc0a79545680d6fd9662314f418672b76d418794fe,31.346335787105964,redistribute
experiment-development-004,27.2,0.0,0,0.85,3.8704587626811766,0.0,35.64677950223558,0.85,0.0,0.0,42.416330731013915,2499ad563b3773ee39facfd1b958d1da60ccb1a307fa26f235a0f6c70f9a1a71,35.68326614620278,early
experiment-development-004,27.2,0.0,0,0.85,3.8704587626811766,1.9352293813405883,35.65459428500202,0.85,0.5,0.0,42.11486831689567,4c05fa0ea22a5709af02de8eaedca624a111b673a3ad60b33e65cbc595c5c321,35.622973663379135,early
experiment-development-004,27.2,0.0,0,0.85,3.8704587626811766,3.8704587626811766,35.66240906776846,0.85,1.0,0.0,41.81340590277741,e16431f6d599286b263098e8412e6d92e2f94e11a5798b4e4f78bdde90c4c5e0,35.56268118055548,early
experiment-development-004,27.2,0.0,0,0.85,3.8778673660475347,0.0,35.645883791491634,0.85,0.0,0.0,42.39543081365516,3b85309cf92b26ae08440d9751d565902070392ed147fa14d50b22ff658d9c4d,35.67908616273103,late
experiment-development-004,27.2,0.0,0,0.85,3.8778673660475347,1.9389336830237673,35.65371353285328,0.85,0.5,0.0,42.09339135800438,280d6b41bdc1bd486933fb91f018a8256519e3e53f4e8339b6babcf240f48d5b,35.61867827160088,late
experiment-development-004,27.2,0.0,0,0.85,3.8778673660475347,3.8778673660475347,35.66154327421493,0.85,1.0,0.0,41.79135190235359,6a740f845314c5d6d570bab6ede6a50f9e49ebee9dd11161a28f0f04637552f7,35.55827038047072,late
experiment-development-004,27.2,0.0,0,0.85,3.874163064364356,0.0,35.64633164686361,0.85,0.0,0.0,42.40588077233453,9d76406ee03871960c2eadb1e02382aba87294d094593aea8aba878983e3ad83,35.681176154466904,split
experiment-development-004,27.2,0.0,0,0.85,3.874163064364356,1.937081532182178,35.65415390892765,0.85,0.5,0.0,42.10412983745002,ccdb9bf5f77348f6cf57b7cb98a77cf2e65aa29c5b3ecaa381ad802df6eead93,35.620825967490006,split
experiment-development-004,27.2,0.0,0,0.85,3.874163064364356,3.874163064364356,35.66197617099169,0.85,1.0,0.0,41.80237890256548,312eb443b779baee5cdb3faaf392e37d875eb16eb801d30837e220ad2fd5205b,35.560475780513094,split
experiment-development-004,27.2,0.0,0,0.85,3.8286909027264304,0.0,35.627015365008454,0.85,0.0,0.0,43.0580089174316,4b3f7ab4f61ee0841bdfb5eb0cdb6c05b66e299fd6dc5fe184b3543acc575bf8,35.81160178348632,redistribute
experiment-development-004,27.2,0.0,0,0.85,3.8286909027264304,1.9143454513632152,35.634745814941965,0.85,0.5,0.0,42.759799719706194,58af3b3a613b347a7c48ef26af426ca51cf616901f35989d181adaad580857b6,35.75195994394124,redistribute
experiment-development-004,27.2,0.0,0,0.85,3.8286909027264304,3.8286909027264304,35.642476264875484,0.85,1.0,0.0,42.46159052198076,8a16ac7a2aefbbd23fd63140ab9004955aac232ad72bd7df2b1dc4004ae6e025,35.69231810439615,redistribute
experiment-development-004,27.2,0.0,1,0.85,4.714604498961291,0.0,35.98104646528849,0.85,0.0,0.0,39.078867093599115,c81446770572c7af002ace118e75722f50ed73e6b76a977fd9c76cf06c91bbf3,35.015773418719824,early
experiment-development-004,27.2,0.0,1,0.85,4.714604498961291,2.3573022494806457,35.99056564951138,0.85,0.5,0.0,38.71165582976301,542295e501f2227c3dc4a29b8e6bcd2a8a951fa269021ac7a2c706f27c4d3431,34.9423311659526,early
experiment-development-004,27.2,0.0,1,0.85,4.714604498961291,4.714604498961291,36.00008483373427,0.85,1.0,0.0,38.34444456592692,269f2db60e3a6860136ca36df3cd7190e9eb2c47712503cca7248cb51114b15a,34.86888891318539,early
experiment-development-004,27.2,0.0,1,0.85,4.721926242101463,0.0,35.98016125607013,0.85,0.0,0.0,39.05821221183741,7d6223394ec847fc125ad462d3ed0b20af8518cb3b9672ef654fea71ec8c8a86,35.01164244236748,late
experiment-development-004,27.2,0.0,1,0.85,4.721926242101463,2.3609631210507316,35.98969522351011,0.85,0.5,0.0,38.690430671840794,3e79f2a91d7af6ce01fff7f03c57d91c6e6e2a7457e9029de66011758ca0fb9b,34.938086134368156,late
experiment-development-004,27.2,0.0,1,0.85,4.721926242101463,4.721926242101463,35.99922919095008,0.85,1.0,0.0,38.32264913184419,1ec0d22bd4052003a2f7273755ab623f6025cc4b470a996438438db0fd698b00,34.86452982636884,late
experiment-development-004,27.2,0.0,1,0.85,4.718265370531377,0.0,35.98060386067931,0.85,0.0,0.0,39.06853965271826,8c17be862ab4b40a33c612c6ad019f602fdc2e3aff127c8cc58f5dfbae9dcf01,35.01370793054365,split
experiment-development-004,27.2,0.0,1,0.85,4.718265370531377,2.3591326852656884,35.99013043651074,0.85,0.5,0.0,38.70104325080191,d2056311584b9be6ca38e96e3a768472ca8892d5a482ea929b5ebf3cda96eac9,34.94020865016038,split
experiment-development-004,27.2,0.0,1,0.85,4.718265370531377,4.718265370531377,35.999657012342176,0.85,1.0,0.0,38.33354684888555,b1a66f9346b1d5cb475692bb4ed26a93b4dcabde15f8092d162b4ce08aba8f33,34.86670936977711,split
experiment-development-004,27.2,0.0,1,0.85,4.6733263353208985,0.0,35.96151404750226,0.85,0.0,0.0,39.71302209249345,4b3f7ab4f61ee0841bdfb5eb0cdb6c05b66e299fd6dc5fe184b3543acc575bf8,35.14260441849869,redistribute
experiment-development-004,27.2,0.0,1,0.85,4.6733263353208985,2.3366631676604492,35.970949887630404,0.85,0.5,0.0,39.349025903568204,07ff6a4e6528ce194e17a0f5dc9000c3100d4e4b2cb0988481712b1d429ebebc,35.069805180713644,redistribute
experiment-development-004,27.2,0.0,1,0.85,4.6733263353208985,4.6733263353208985,35.98038572775854,0.85,1.0,0.0,38.98502971464297,899078aa7738d21a80d4d2ad1d4644139f712286e4d5f9821991b6372792c641,34.997005942928595,redistribute
experiment-development-004,27.2,0.0,2,0.85,4.628560337901528,0.0,35.49703334126075,0.85,0.0,0.0,43.91006053783292,77b1b1b710da616cdf6f210d5ea2d820db2e3a6b7206ad9dd3d5ceaaf558ff9b,35.98201210756658,early
experiment-development-004,27.2,0.0,2,0.85,4.628560337901528,2.314280168950764,35.5063787950635,0.85,0.5,0.0,43.549551084325856,2b1db4a21e6e5be9e2a6bd2ba0ff316d7498d75a70989a45e76462d6b60d30f4,35.90991021686517,early
experiment-development-004,27.2,0.0,2,0.85,4.628560337901528,4.628560337901528,35.515724248866235,0.85,1.0,0.0,43.1890416308188,dd4f77c93c75786d04149653a08d9acbb8836ddb4ef95b23872aa35f50319e89,35.83780832616376,early
experiment-development-004,27.2,0.0,2,0.85,4.636031205131745,0.0,35.4961301027266,0.85,0.0,0.0,43.88898497203618,c16127b8820a6c1f9b1bb3d7c372128dd7f1e05d031c0460b5490416fac4612f,35.977796994407235,late
experiment-development-004,27.2,0.0,2,0.85,4.636031205131745,2.3180156025658727,35.50549064084055,0.85,0.5,0.0,43.52789362738678,2bd65de70a175b0ae8795e52d4683c67046797781de527b9309e5caabf9ad7a8,35.905578725477355,late
experiment-development-004,27.2,0.0,2,0.85,4.636031205131745,4.636031205131745,35.5148511789545,0.85,1.0,0.0,43.1668022827374,37ff77de9b40b36fa9cee7f3e01c16d796982d6f6d2b45afe0e5f7cedc45d9c8,35.83336045654748,late
experiment-development-004,27.2,0.0,2,0.85,4.632295771516636,0.0,35.49658172199368,0.85,0.0,0.0,43.89952275493454,fdb0e56d2ed2c2948024605e541edf835fae6fed7acbe05c91cb1030d2ce18b5,35.97990455098691,split
experiment-development-004,27.2,0.0,2,0.85,4.632295771516636,2.316147885758318,35.50593471795202,0.85,0.5,0.0,43.538722355856315,f74545380191403d21d6d1847c8a982b4f9cd3dd38d16f905918780ba63dc892,35.90774447117126,split
experiment-development-004,27.2,0.0,2,0.85,4.632295771516636,4.632295771516636,35.51528771391037,0.85,1.0,0.0,43.177921956778086,6554aaabbce102265c3717da651fdeeaee1747d95cd5b13c60d6060de98170ed,35.83558439135562,split
experiment-development-004,27.2,0.0,2,0.85,4.586441449795147,0.0,35.47710310099251,0.85,0.0,0.0,44.55713155759106,4b3f7ab4f61ee0841bdfb5eb0cdb6c05b66e299fd6dc5fe184b3543acc575bf8,36.111426311518215,redistribute
experiment-development-004,27.2,0.0,2,0.85,4.586441449795147,2.2932207248975733,35.48636351320687,0.85,0.5,0.0,44.19990266136857,be8c9af1c256e64f3d2d3e8c6bb5c2719e613d16515dbcb1c3f4c5cd6b0787d8,36.03998053227372,redistribute
experiment-development-004,27.2,0.0,2,0.85,4.586441449795147,4.586441449795147,35.49562392542124,0.85,1.0,0.0,43.84267376514609,e215f681027ea67384c081ecbef8eaad09d763fb5a902ba29bb2c8367833c0bc,35.96853475302922,redistribute
experiment-development-005,27.2,0.0,0,0.85,5.677217927613799,0.0,36.199875031070846,0.85,0.0,0.0,50.938911718388724,d7dbdce7a33ce8184d5991bcfb1f39f8a7951a11ca3659759d0ac22c1e460711,37.38778234367774,early
experiment-development-005,27.2,0.0,0,0.85,5.677217927613799,2.8386089638068994,36.211337813015405,0.85,0.5,0.0,51.26090985244752,e08deee5b764aefb3acbf47266748f0a84de1e9104baf02750ac1ccae87a84bb,37.452181970489505,early
experiment-development-005,27.2,0.0,0,0.85,5.677217927613799,5.677217927613799,36.22280059495997,0.85,1.0,0.0,51.58290798650633,456c7320ca47e3b16b7319de0d823a1bc92a4b7cecb420f08fb136b9071c3322,37.51658159730127,early
experiment-development-005,27.2,0.0,0,0.85,5.711163220046944,0.0,36.198811022149975,0.85,0.0,0.0,50.843150915510186,9f7aa4537be5afc7e3a5ff229e50196a78e13f95e7bab0fb79ac192a4dabb33e,37.36863018310204,late
experiment-development-005,27.2,0.0,0,0.85,5.711163220046944,2.855581610023472,36.210342342503694,0.85,0.5,0.0,51.167074344839115,50439feb0c6b457ddc2b917250f742a59b075c2b22888fcfd6f9e8fc466a0989,37.43341486896782,late
experiment-development-005,27.2,0.0,0,0.85,5.711163220046944,5.711163220046944,36.22187366285741,0.85,1.0,0.0,51.49099777416804,a64106ef351afe666750bc22d095638e5f179d14c218324612bd81a3d5b1fd21,37.498199554833604,late
experiment-development-005,27.2,0.0,0,0.85,5.694190573830372,0.0,36.19934302661041,0.85,0.0,0.0,50.89103131694944,4dfbf67cf35d61f6418acef657675c2555a844a36ba8218c92146ee26e541ec1,37.378206263389885,split
experiment-development-005,27.2,0.0,0,0.85,5.694190573830372,2.847095286915186,36.21084007775955,0.85,0.5,0.0,51.21399209864331,57571574aa705e6fc9586915148fe8a92976c6f2564fa7777526d92f65f400d6,37.44279841972866,split
experiment-development-005,27.2,0.0,0,0.85,5.694190573830372,5.694190573830372,36.22233712890869,0.85,1.0,0.0,51.53695288033717,af8d9ff251b1a471a38bdddda7da0695520e4134354661bef96a5d1def7abbb4,37.507390576067436,split
experiment-development-005,27.2,0.0,0,0.85,5.485842826213615,0.0,36.17639734202318,0.85,0.0,0.0,50.13597775964797,f838241f85d883339bf5c823bb902869edba52e8a47af6c63efbf52c7014b8dc,37.2271955519296,redistribute
experiment-development-005,27.2,0.0,0,0.85,5.485842826213615,2.7429214131068074,36.187473721492985,0.85,0.5,0.0,50.44712155865359,1733260ba54f996d9125a255be6c3f45af206b54adac281a99c2c5785b714102,37.28942431173072,redistribute
experiment-development-005,27.2,0.0,0,0.85,5.485842826213615,5.485842826213615,36.19855010096279,0.85,1.0,0.0,50.75826535765924,d1c1922de0c8c1c0f1732320a9c459ecba6977143ececa9eab27ae05eae109c4,37.35165307153185,redistribute
experiment-development-005,27.2,0.0,1,0.85,4.771929116614367,0.0,36.63121351949846,0.85,0.0,0.0,46.48786071984892,67a9c7485554283191f95c1970afd6438e02fdcd3c62648a7cf37d3895160139,36.497572143969784,early
experiment-development-005,27.2,0.0,1,0.85,4.771929116614367,2.3859645583071836,36.640848446960476,0.85,0.5,0.0,46.75851305185416,35d2f8c1881f5e602702753a7379c43bec27dbeb62dcddb71927bee717722eb6,36.55170261037083,early
experiment-development-005,27.2,0.0,1,0.85,4.771929116614367,4.771929116614367,36.65048337442251,0.85,1.0,0.0,47.02916538385941,c46aa156a01f5b14b9dede2509bf30f3850ec770c844ab00cf80bb6366153e17,36.60583307677188,early
experiment-development-005,27.2,0.0,1,0.85,4.801371115562299,0.0,36.63029066548002,0.85,0.0,0.0,46.404803858189645,d32fecd8f95cdb459995d9c7a48bdf1042f1bca13f874014ec7b8db1f409ac43,36.480960771637925,late
experiment-development-005,27.2,0.0,1,0.85,4.801371115562299,2.4006855577811494,36.63998503882174,0.85,0.5,0.0,46.67712606949934,4986ad8ba132de06f8471095b82981d5c2e9392a167021f6e9c6c30adff49e17,36.53542521389987,late
experiment-development-005,27.2,0.0,1,0.85,4.801371115562299,4.801371115562299,36.649679412163465,0.85,1.0,0.0,46.94944828080905,5869d0a010b6bc72343bf60bd937aac82a79465c945c2a08d2964d1c18e1b887,36.58988965616181,late
experiment-development-005,27.2,0.0,1,0.85,4.7866501160883335,0.0,36.63075209248923,0.85,0.0,0.0,46.44633228901929,7f72ba384a0c027c31814e993e0a1b0f0e47c90c010916ea51feae096331f504,36.48926645780386,split
experiment-development-005,27.2,0.0,1,0.85,4.7866501160883335,2.3933250580441667,36.64041674289111,0.85,0.5,0.0,46.71781956067677,f1bb0029d43c2cf9267d479d0b546fe0f2ca6548b17f45f9d3bf136f51145659,36.543563912135355,split
experiment-development-005,27.2,0.0,1,0.85,4.7866501160883335,4.7866501160883335,36.65008139329298,0.85,1.0,0.0,46.989306832334236,9076151861790af68fe6aa59e1cc42538fceca0e50faf8797da8b60a546c548d,36.597861366466844,split
experiment-development-005,27.2,0.0,1,0.85,4.605942461905718,0.0,36.61085045744494,0.85,0.0,0.0,45.79144660543047,f838241f85d883339bf5c823bb902869edba52e8a47af6c63efbf52c7014b8dc,36.35828932108609,redistribute
experiment-development-005,27.2,0.0,1,0.85,4.605942461905718,2.302971230952859,36.62015024384792,0.85,0.5,0.0,46.052684573961166,ef3e71f3b31b2a7cc6130cd410e7a197dd7463d4454a7d54aacefbdba04f020e,36.41053691479223,redistribute
experiment-development-005,27.2,0.0,1,0.85,4.605942461905718,4.605942461905718,36.62945003025091,0.85,1.0,0.0,46.313922542491845,9f8c569322d7f0bce4a05686e8075e7f67bfee0511f80498f81f4707636351d0,36.462784508498366,redistribute
experiment-development-005,27.2,0.0,2,0.85,5.0667801294558465,0.0,36.81250463210661,0.85,0.0,0.0,44.64839137341761,01fae8a213355e96cc726d53e67b0faa2a82b86f870a80dd985e8ebb92fa93e0,36.12967827468352,early
experiment-development-005,27.2,0.0,2,0.85,5.0667801294558465,2.5333900647279233,36.82273488863816,0.85,0.5,0.0,44.93576694507489,53e6d8741f2ec5759009f3e7dbff8001c46f1ce4a36499cdecec73225a4afa10,36.18715338901498,early
experiment-development-005,27.2,0.0,2,0.85,5.0667801294558465,5.0667801294558465,36.83296514516971,0.85,1.0,0.0,45.22314251673219,01a9609d9d95aa7b996f52422d07876fb1d72853e6ff0cace06c233bff1c4a4c,36.24462850334643,early
experiment-development-005,27.2,0.0,2,0.85,5.095353363702171,0.0,36.81160900935727,0.85,0.0,0.0,44.56778532597662,7d6bae2d453f023f0c9e707171178cf87aaf9873807ee6d86afd05e37d13e955,36.11355706519532,late
experiment-development-005,27.2,0.0,2,0.85,5.095353363702171,2.5476766818510854,36.82189695765929,0.85,0.5,0.0,44.85678150269584,843628a353f2c49a3a522907e881373a06a7a59bf24a03cba6c388a4732b8a8e,36.171356300539166,late
experiment-development-005,27.2,0.0,2,0.85,5.095353363702171,5.095353363702171,36.83218490596131,0.85,1.0,0.0,45.145777679415104,f327a5df16c13e9117bda5c66b11e148fb4436b82dc5056d6d1b3083eb95c5c8,36.229155535883024,late
experiment-development-005,27.2,0.0,2,0.85,5.081066746579008,0.0,36.81205682073194,0.85,0.0,0.0,44.60808834969711,74b3b0cd91228155eb56c3a340c1a5b4f83cb3c952bffc6f67ae4e49d93d50a1,36.121617669939425,split
experiment-development-005,27.2,0.0,2,0.85,5.081066746579008,2.540533373289504,36.82231592314872,0.85,0.5,0.0,44.89627422388538,c43eed243b7435c2f1a73064a0a9703327c5cb5f518914477bbdd85c4f5bd3ca,36.17925484477708,split
experiment-development-005,27.2,0.0,2,0.85,5.081066746579008,5.081066746579008,36.832575025565504,0.85,1.0,0.0,45.18446009807364,831f77187c007b8743630da9f6978af5bf9f5caf2beb3bc1ab5adb3a85bc4e7d,36.23689201961473,split
experiment-development-005,27.2,0.0,2,0.85,4.905691353685513,0.0,36.792742436507844,0.85,0.0,0.0,43.97252681480138,f838241f85d883339bf5c823bb902869edba52e8a47af6c63efbf52c7014b8dc,35.994505362960275,redistribute
experiment-development-005,27.2,0.0,2,0.85,4.905691353685513,2.4528456768427565,36.802647441211136,0.85,0.5,0.0,44.250765818886784,b66588b53d1c56ff1d7b88c7c6157e3be5cb1fe47964f56b147b232f171ac0a1,36.05015316377735,redistribute
experiment-development-005,27.2,0.0,2,0.85,4.905691353685513,4.905691353685513,36.81255244591442,0.85,1.0,0.0,44.5290048229722,def31dd1ca606f93fa7521380353ff29bfc8fc6ea2ccbcc29c6abad828edcd7d,36.10580096459444,redistribute
