cell,panel,control,need,horizon,family,endpoint,threshold,status,mean,lower,upper,min,max,negative,zero,positive,interval_kind,seeds,values
grid-r0.12-n0.8,grid,fixed_floor,0.8,256,criteria,focal_utility_gain_fraction,0.01,unresolved,0.0913974788870692,-0.032831187059443684,0.21562614483358208,-0.26545381147936586,0.19919122604666828,1,0,15,simultaneous,"[65001,65002,65003,65004,65005,65006,65007,65008,65009,65010,65011,65012,65013,65014,65015,65016]","[0.07106861923878022,0.1584624961265478,0.10194482172330363,0.1253172259401214,0.04503584905394639,0.0619916345339748,0.1227819501826137,0.07741095756105237,0.19919122604666828,0.13296867643814658,0.1339916068038459,0.11193351956853573,0.11180672737999442,0.19289867136908098,0.08100949170586097,-0.26545381147936586]"
grid-r0.12-n0.8,grid,fixed_floor,0.8,256,criteria,population_consumption_loss_fraction,0.05,pass,0.7439833162186054,0.7270734113625202,0.7608932210746905,0.7218019600770229,0.7695269235814213,0,0,16,simultaneous,"[65001,65002,65003,65004,65005,65006,65007,65008,65009,65010,65011,65012,65013,65014,65015,65016]","[0.7574147117634319,0.7574021811134588,0.7543128013213257,0.7268674708853046,0.7218019600770229,0.7405711160243581,0.7470696036914424,0.7525796181025248,0.7387512388706577,0.7372968399849418,0.7350023627814706,0.7531165714171604,0.7583669729234865,0.7290013134621331,0.7695269235814213,0.7246513734975454]"
grid-r0.12-n0.8,grid,fixed_floor,0.8,256,criteria,population_late_consumption_loss_fraction,0.05,pass,0.8739105459242482,0.8378276562289825,0.909993435619514,0.8043350126492327,0.9128732585907943,0,0,16,simultaneous,"[65001,65002,65003,65004,65005,65006,65007,65008,65009,65010,65011,65012,65013,65014,65015,65016]","[0.8652418576351569,0.8732823040081729,0.8802304270309976,0.8449381848674071,0.8727851987931602,0.8815142880700492,0.9128732585907943,0.8742862640593302,0.8043350126492327,0.8656307439826179,0.9063073066702916,0.9086681353227934,0.9121903613920552,0.8612032246364678,0.8919989379098799,0.8270832291695653]"
grid-r0.12-n0.8,grid,selected,0.8,256,criteria,focal_utility_gain_fraction,0.01,unresolved,0.06457833645604567,-0.11401404121950494,0.2431707141315963,-0.45980109169434097,0.25487025708970934,1,0,15,simultaneous,"[65001,65002,65003,65004,65005,65006,65007,65008,65009,65010,65011,65012,65013,65014,65015,65016]","[0.11718860684658702,0.06187977882253476,0.07515915161334083,0.11070883293162317,0.06730016212953646,0.11093178851124125,0.05621608544277609,0.012301457378018077,0.25487025708970934,0.13321230061674377,0.029301928408318606,0.12435495498327176,0.13252357804161272,0.12417800090485598,-0.45980109169434097,0.08292759127090196]"
grid-r0.12-n0.8,grid,selected,0.8,256,criteria,population_consumption_loss_fraction,0.05,pass,0.7474758908597045,0.732190323842518,0.7627614578768909,0.7223934887829887,0.7618678563251698,0,0,16,simultaneous,"[65001,65002,65003,65004,65005,65006,65007,65008,65009,65010,65011,65012,65013,65014,65015,65016]","[0.731290388139111,0.7618678563251698,0.7485893274235108,0.7497184669150129,0.7223934887829887,0.7385363559110467,0.7564377141094492,0.7591956064936726,0.7322729984028956,0.7611059294807822,0.7489817092122949,0.751609265601671,0.7283526850260081,0.7518477001335291,0.7608657492713953,0.7565490125267328]"
grid-r0.12-n0.8,grid,selected,0.8,256,criteria,population_late_consumption_loss_fraction,0.05,pass,0.8833299340813976,0.8471700680878836,0.9194898000749115,0.8110123008282312,0.9386413287782799,0,0,16,simultaneous,"[65001,65002,65003,65004,65005,65006,65007,65008,65009,65010,65011,65012,65013,65014,65015,65016]","[0.8450120918571592,0.8924650302867502,0.8727956590108878,0.8743662650983827,0.8110123008282312,0.898221292339962,0.8898182949008249,0.8733866595495388,0.9058954658168233,0.8890155458031954,0.8776983840343844,0.9057901791881908,0.8465203387038586,0.9031252449910334,0.9386413287782799,0.9095148641148584]"
grid-r0.12-n1.2,grid,fixed_floor,1.2,256,criteria,focal_utility_gain_fraction,0.01,pass,0.30589837903542194,0.09501577896546798,0.5167809791053759,-0.3446178860883708,0.41476011143153574,1,0,15,simultaneous,"[65001,65002,65003,65004,65005,65006,65007,65008,65009,65010,65011,65012,65013,65014,65015,65016]","[0.3023924238979089,0.3380887561302162,0.41476011143153574,0.3900558988098425,0.3112084627328701,0.3370368411728393,0.31280360981029165,0.3887506641630217,0.31932821098044817,-0.3446178860883708,0.2881611150631854,0.3892859598272573,0.3939290906675506,0.33184160659929574,0.361060656508339,0.36028854286052]"
grid-r0.12-n1.2,grid,fixed_floor,1.2,256,criteria,population_consumption_loss_fraction,0.05,pass,0.5322711604963712,0.5261830107139465,0.538359310278796,0.5206330850199591,0.5392480180748914,0,0,16,simultaneous,"[65001,65002,65003,65004,65005,65006,65007,65008,65009,65010,65011,65012,65013,65014,65015,65016]","[0.5317614622075666,0.5336421784474343,0.5330527199394066,0.5312932254470525,0.5210381620021266,0.535878354630872,0.535643602740305,0.5297832655203202,0.5346025461051536,0.5315227896965291,0.5328604418488467,0.5206330850199591,0.5318763497494893,0.5392480180748914,0.5379664675772238,0.5355358989347625]"
grid-r0.12-n1.2,grid,fixed_floor,1.2,256,criteria,population_late_consumption_loss_fraction,0.05,pass,0.609580527623097,0.5938455657938309,0.6253154894523631,0.5750163913847685,0.6316051306970739,0,0,16,simultaneous,"[65001,65002,65003,65004,65005,65006,65007,65008,65009,65010,65011,65012,65013,65014,65015,65016]","[0.5978036012402131,0.6211188340992989,0.605759090282839,0.6050048297497693,0.6252740574675903,0.6117832998930759,0.6086713090928674,0.6113083893878868,0.6254737240002246,0.6316051306970739,0.612164900913561,0.6111928193107805,0.5750163913847685,0.6069453487279267,0.5998821447926701,0.604284570929006]"
grid-r0.12-n1.2,grid,selected,1.2,256,criteria,focal_utility_gain_fraction,0.01,pass,0.3257486806326065,0.10215270351238898,0.549344657752824,-0.18607432852000413,0.493690303383088,2,0,14,simultaneous,"[65001,65002,65003,65004,65005,65006,65007,65008,65009,65010,65011,65012,65013,65014,65015,65016]","[0.4899697747235823,0.3521296639211552,0.4350858487869041,0.493690303383088,-0.047430521162922235,0.4502228422774609,0.3051376845164497,0.400353192044908,0.2722048225129106,-0.18607432852000413,0.3339344755853418,0.44858411642047785,0.27906301000688816,0.36229881867316305,0.361745061171009,0.4610641257812917]"
grid-r0.12-n1.2,grid,selected,1.2,256,criteria,population_consumption_loss_fraction,0.05,pass,0.5385650537438638,0.529929756948714,0.5472003505390135,0.5189036156524359,0.5487576278863576,0,0,16,simultaneous,"[65001,65002,65003,65004,65005,65006,65007,65008,65009,65010,65011,65012,65013,65014,65015,65016]","[0.5465427081649492,0.5473410563284798,0.5360262945629894,0.541291459930383,0.5409207225392575,0.5330253193782858,0.5487576278863576,0.5310403339340185,0.5410078950967285,0.5189036156524359,0.5396336994878247,0.5400155964041528,0.5328204339051666,0.5393365326654668,0.5420677283471874,0.5383098356181367]"
grid-r0.12-n1.2,grid,selected,1.2,256,criteria,population_late_consumption_loss_fraction,0.05,pass,0.6129633683799769,0.5938141318721064,0.6321126048878474,0.5842689286456791,0.641529097310815,0,0,16,simultaneous,"[65001,65002,65003,65004,65005,65006,65007,65008,65009,65010,65011,65012,65013,65014,65015,65016]","[0.6258587642358948,0.641529097310815,0.6016998923310031,0.6105223329586156,0.6375156463119845,0.607104137279085,0.6245242242902185,0.6184419157183488,0.6309431775722057,0.6135812708177638,0.6130059267656706,0.5931828259053744,0.5968669789109624,0.6001740141564068,0.6081947608696021,0.5842689286456791]"
grid-r0.12-n1.6,grid,fixed_floor,1.6,256,criteria,focal_utility_gain_fraction,0.01,pass,0.4072764311418594,0.21465226676502835,0.5999005955186905,0.10913265868047597,0.6399781983421856,0,0,16,simultaneous,"[65001,65002,65003,65004,65005,65006,65007,65008,65009,65010,65011,65012,65013,65014,65015,65016]","[0.5614734642627442,0.6399781983421856,0.46161923812219796,0.5112565720404713,0.48626650544637695,0.15570687295618169,0.10913265868047597,0.5079524905707101,0.449306846787303,0.21845314464199037,0.5460166190395658,0.390674203157459,0.40594235463867573,0.24317433562598717,0.5734080159829844,0.25606137797444173]"
grid-r0.12-n1.6,grid,fixed_floor,1.6,256,criteria,population_consumption_loss_fraction,0.05,pass,0.4061289481265648,0.3967535617618385,0.4155043344912911,0.38849478098011886,0.4142582416440572,0,0,16,simultaneous,"[65001,65002,65003,65004,65005,65006,65007,65008,65009,65010,65011,65012,65013,65014,65015,65016]","[0.39992802202561967,0.4124612208988947,0.4035707484318096,0.40157423993122643,0.38849478098011886,0.4129479474038129,0.41215688710760784,0.4070588324913245,0.41301978949286156,0.4014757555132205,0.4085436646650226,0.40538277008512663,0.41166324484680106,0.3918235659404496,0.41370345856708324,0.4142582416440572]"
grid-r0.12-n1.6,grid,fixed_floor,1.6,256,criteria,population_late_consumption_loss_fraction,0.05,pass,0.4615719654511971,0.4514711995959368,0.4716727313064574,0.4447700536772725,0.47624641440761456,0,0,16,simultaneous,"[65001,65002,65003,65004,65005,65006,65007,65008,65009,65010,65011,65012,65013,65014,65015,65016]","[0.4447700536772725,0.46010682176212886,0.45668169995180324,0.4732693104050999,0.463893363301616,0.45961956056627123,0.47624641440761456,0.45986386781692457,0.46402157349009715,0.4719957960006866,0.4627565915289337,0.44991809095286944,0.4522241097594943,0.4580731812317247,0.4693305830311806,0.46238042933543627]"
grid-r0.12-n1.6,grid,selected,1.6,256,criteria,focal_utility_gain_fraction,0.01,unresolved,0.20828195918154568,-0.11622368535683347,0.5327876037199248,-0.2936513810196551,0.502790415814105,4,0,12,simultaneous,"[65001,65002,65003,65004,65005,65006,65007,65008,65009,65010,65011,65012,65013,65014,65015,65016]","[0.43376207464279687,0.4588726203014636,0.4306821936074831,0.20692307445657684,0.39248407909826877,0.12403065318520472,0.502381949345814,-0.03374081513804701,-0.2936513810196551,0.08179934338380934,0.33342600595458993,-0.18710319129744432,0.502790415814105,0.37943914379813626,0.25330664778233924,-0.25289146701071047]"
grid-r0.12-n1.6,grid,selected,1.6,256,criteria,population_consumption_loss_fraction,0.05,pass,0.41277686600218816,0.4081835942931543,0.417370137711222,0.4052284383915565,0.4180747536149025,0,0,16,simultaneous,"[65001,65002,65003,65004,65005,65006,65007,65008,65009,65010,65011,65012,65013,65014,65015,65016]","[0.4150450259779015,0.41309894321733753,0.4115813111165868,0.41392915694060534,0.40800332026180813,0.40831396545140936,0.40670428525524527,0.41285666025299844,0.41746654779802284,0.4147597877282892,0.4180747536149025,0.4052284383915565,0.41281042871133833,0.4143736759325147,0.4168911445306861,0.4152924108538079]"
grid-r0.12-n1.6,grid,selected,1.6,256,criteria,population_late_consumption_loss_fraction,0.05,pass,0.46259623095606806,0.4539301233135281,0.471262338598608,0.4513920602243702,0.47411546434618634,0,0,16,simultaneous,"[65001,65002,65003,65004,65005,65006,65007,65008,65009,65010,65011,65012,65013,65014,65015,65016]","[0.46454808663077884,0.4653607171665872,0.4617685474657566,0.47118137251179754,0.45881401968797947,0.4616774163363013,0.45253763051880147,0.4513920602243702,0.47411546434618634,0.46168852840864255,0.4738600092545742,0.4541961100231485,0.45277942371912716,0.46850704152305395,0.46384012517152534,0.4652731423084582]"
grid-r0.24-n0.8,grid,fixed_floor,0.8,256,criteria,focal_utility_gain_fraction,0.01,pass,0.018925781248046863,0.018925781248046863,0.018925781248046863,0.018925781248046863,0.018925781248046863,0,0,16,simultaneous,"[65001,65002,65003,65004,65005,65006,65007,65008,65009,65010,65011,65012,65013,65014,65015,65016]","[0.018925781248046863,0.018925781248046863,0.018925781248046863,0.018925781248046863,0.018925781248046863,0.018925781248046863,0.018925781248046863,0.018925781248046863,0.018925781248046863,0.018925781248046863,0.018925781248046863,0.018925781248046863,0.018925781248046863,0.018925781248046863,0.018925781248046863,0.018925781248046863]"
grid-r0.24-n0.8,grid,fixed_floor,0.8,256,criteria,population_consumption_loss_fraction,0.05,pass,0.7955134165934933,0.7935288216714246,0.797498011515562,0.7922059342528711,0.7988521349117483,0,0,16,simultaneous,"[65001,65002,65003,65004,65005,65006,65007,65008,65009,65010,65011,65012,65013,65014,65015,65016]","[0.797879644808747,0.7957096180266018,0.7955406137001128,0.7963536832505675,0.7922059342528711,0.7964141137360711,0.7988521349117483,0.7942665662347517,0.7934083797527915,0.7963008950605996,0.7954582114083621,0.7941397177120783,0.7962775392360877,0.7941656105618722,0.7946926074280278,0.7965493954146019]"
grid-r0.24-n0.8,grid,fixed_floor,0.8,256,criteria,population_late_consumption_loss_fraction,0.05,pass,0.9884466450985355,0.9858845615619417,0.9910087286351293,0.9836368932120496,0.9918886638840929,0,0,16,simultaneous,"[65001,65002,65003,65004,65005,65006,65007,65008,65009,65010,65011,65012,65013,65014,65015,65016]","[0.9891897038229572,0.9895176942989594,0.9879097869827264,0.985657319849354,0.9901700036572281,0.9888870271403347,0.9918886638840929,0.9861227075413417,0.9836368932120496,0.9895651106150447,0.9906939378172367,0.9877118395303798,0.9902574169203021,0.9886953316998667,0.9860481096100748,0.9891947749946197]"
grid-r0.24-n0.8,grid,selected,0.8,256,criteria,focal_utility_gain_fraction,0.01,pass,0.01853515624804694,0.01853515624804694,0.01853515624804694,0.01853515624804694,0.01853515624804694,0,0,16,simultaneous,"[65001,65002,65003,65004,65005,65006,65007,65008,65009,65010,65011,65012,65013,65014,65015,65016]","[0.01853515624804694,0.01853515624804694,0.01853515624804694,0.01853515624804694,0.01853515624804694,0.01853515624804694,0.01853515624804694,0.01853515624804694,0.01853515624804694,0.01853515624804694,0.01853515624804694,0.01853515624804694,0.01853515624804694,0.01853515624804694,0.01853515624804694,0.01853515624804694]"
grid-r0.24-n0.8,grid,selected,0.8,256,criteria,population_consumption_loss_fraction,0.05,pass,0.7947185192265921,0.7920789968968008,0.7973580415563833,0.7902723899395889,0.7977300127916892,0,0,16,simultaneous,"[65001,65002,65003,65004,65005,65006,65007,65008,65009,65010,65011,65012,65013,65014,65015,65016]","[0.7966848512478061,0.7945035850612476,0.7963911272794946,0.7977300127916892,0.7920607035833895,0.7929992960761509,0.7969265475130917,0.7902723899395889,0.7952288504048313,0.7947388818099499,0.7918017008245434,0.7934443552491646,0.7975173889490539,0.7934294096806029,0.7951601018262753,0.7966071053885945]"
grid-r0.24-n0.8,grid,selected,0.8,256,criteria,population_late_consumption_loss_fraction,0.05,pass,0.9872305250416514,0.982639292896425,0.9918217571868778,0.974399958822095,0.9898941905598198,0,0,16,simultaneous,"[65001,65002,65003,65004,65005,65006,65007,65008,65009,65010,65011,65012,65013,65014,65015,65016]","[0.985946245333432,0.989570028025319,0.9891273280669155,0.9898941905598198,0.9893085473298387,0.9841799846938084,0.9867902838438863,0.974399958822095,0.9873690375845235,0.9882853350081853,0.9848186177681998,0.9887177752264434,0.9894685418595918,0.989701294267775,0.9883565175803601,0.9897547146962296]"
grid-r0.24-n1.2,grid,fixed_floor,1.2,256,criteria,focal_utility_gain_fraction,0.01,pass,0.01382759896066385,0.011795717500681705,0.015859480420645996,0.012421874998697995,0.016458333332031172,0,0,16,simultaneous,"[65001,65002,65003,65004,65005,65006,65007,65008,65009,65010,65011,65012,65013,65014,65015,65016]","[0.012421874998697995,0.016458333332031172,0.012421874998697995,0.012682291665364609,0.014114583332030344,0.01281249999869801,0.016458333332031172,0.012421874998697995,0.014991583390153718,0.012682291665364609,0.01307291666536444,0.01281249999869801,0.012421874998697995,0.016458333332031172,0.016458333332031172,0.01255208333203121]"
grid-r0.24-n1.2,grid,fixed_floor,1.2,256,criteria,population_consumption_loss_fraction,0.05,pass,0.8614357324313501,0.8595451111560907,0.8633263537066095,0.8572032142185378,0.8636953652014228,0,0,16,simultaneous,"[65001,65002,65003,65004,65005,65006,65007,65008,65009,65010,65011,65012,65013,65014,65015,65016]","[0.8632716738247433,0.8617181570827017,0.8611850764949613,0.8625579426041895,0.8595900105115891,0.8619031139087238,0.8636953652014228,0.8618053904630402,0.8613334332031242,0.8612587455503689,0.8601929578228792,0.8618107546316377,0.8613175917852561,0.8606628050120879,0.8572032142185378,0.8634654865863369]"
grid-r0.24-n1.2,grid,fixed_floor,1.2,256,criteria,population_late_consumption_loss_fraction,0.05,pass,0.9875706719069894,0.9825305725533544,0.9926107712606245,0.9734314584399519,0.991265627951855,0,0,16,simultaneous,"[65001,65002,65003,65004,65005,65006,65007,65008,65009,65010,65011,65012,65013,65014,65015,65016]","[0.9878279738609327,0.9882920565108715,0.9831048191030299,0.988609645246073,0.9903577532723861,0.9883371997005046,0.9888309523933153,0.9905444779558561,0.9900617299623609,0.9882419629593152,0.9891327763539578,0.991265627951855,0.9867356045741879,0.9864980715737598,0.9734314584399519,0.9898586406534726]"
grid-r0.24-n1.2,grid,fixed_floor,1.2,256,robustness_criteria,focal_utility_gain_fraction_0.0,0.01,fail,0.0014057239619658566,-0.0006261574980162888,0.003437605421948002,0.0,0.0040364583333331785,0,4,12,simultaneous,"[65001,65002,65003,65004,65005,65006,65007,65008,65009,65010,65011,65012,65013,65014,65015,65016]","[0.0,0.0040364583333331785,0.0,0.0002604166666666149,0.001692708333332349,0.0003906250000000148,0.0040364583333331785,0.0,0.0025697083914557237,0.0002604166666666149,0.0006510416666664447,0.0003906250000000148,0.0,0.0040364583333331785,0.0040364583333331785,0.0001302083333332149]"
grid-r0.24-n1.2,grid,fixed_floor,1.2,256,robustness_criteria,focal_utility_gain_fraction_0.05,0.01,pass,0.01382759896066385,0.011795717500681705,0.015859480420645996,0.012421874998697995,0.016458333332031172,0,0,16,simultaneous,"[65001,65002,65003,65004,65005,65006,65007,65008,65009,65010,65011,65012,65013,65014,65015,65016]","[0.012421874998697995,0.016458333332031172,0.012421874998697995,0.012682291665364609,0.014114583332030344,0.01281249999869801,0.016458333332031172,0.012421874998697995,0.014991583390153718,0.012682291665364609,0.01307291666536444,0.01281249999869801,0.012421874998697995,0.016458333332031172,0.016458333332031172,0.01255208333203121]"
grid-r0.24-n1.2,grid,fixed_floor,1.2,256,robustness_criteria,focal_utility_gain_fraction_0.2,0.01,pass,0.051093223956757465,0.04906134249677532,0.05312510541673961,0.049687499994791606,0.053723958328124786,0,0,16,simultaneous,"[65001,65002,65003,65004,65005,65006,65007,65008,65009,65010,65011,65012,65013,65014,65015,65016]","[0.049687499994791606,0.053723958328124786,0.049687499994791606,0.04994791666145822,0.051380208328123955,0.050078124994791626,0.053723958328124786,0.049687499994791606,0.05225720838624733,0.04994791666145822,0.050338541661458056,0.050078124994791626,0.049687499994791606,0.053723958328124786,0.053723958328124786,0.04981770832812482]"
grid-r0.24-n1.2,grid,fixed_floor,1.2,256,robustness_criteria,population_consumption_loss_fraction,0.05,pass,0.8614357324313501,0.8595451111560907,0.8633263537066095,0.8572032142185378,0.8636953652014228,0,0,16,simultaneous,"[65001,65002,65003,65004,65005,65006,65007,65008,65009,65010,65011,65012,65013,65014,65015,65016]","[0.8632716738247433,0.8617181570827017,0.8611850764949613,0.8625579426041895,0.8595900105115891,0.8619031139087238,0.8636953652014228,0.8618053904630402,0.8613334332031242,0.8612587455503689,0.8601929578228792,0.8618107546316377,0.8613175917852561,0.8606628050120879,0.8572032142185378,0.8634654865863369]"
grid-r0.24-n1.2,grid,fixed_floor,1.2,256,robustness_criteria,population_late_consumption_loss_fraction,0.05,pass,0.9875706719069894,0.9825305725533544,0.9926107712606245,0.9734314584399519,0.991265627951855,0,0,16,simultaneous,"[65001,65002,65003,65004,65005,65006,65007,65008,65009,65010,65011,65012,65013,65014,65015,65016]","[0.9878279738609327,0.9882920565108715,0.9831048191030299,0.988609645246073,0.9903577532723861,0.9883371997005046,0.9888309523933153,0.9905444779558561,0.9900617299623609,0.9882419629593152,0.9891327763539578,0.991265627951855,0.9867356045741879,0.9864980715737598,0.9734314584399519,0.9898586406534726]"
grid-r0.24-n1.2,grid,selected,1.2,256,criteria,focal_utility_gain_fraction,0.01,unresolved,0.0005929267700762592,-0.05500807340803311,0.05619392694818563,-0.1749562814260867,0.014012786675771476,1,0,15,simultaneous,"[65001,65002,65003,65004,65005,65006,65007,65008,65009,65010,65011,65012,65013,65014,65015,65016]","[0.01203124999869798,0.013229802255128598,0.01203124999869798,0.01203124999869798,0.01203124999869798,0.014012786675771476,0.012229817707031243,0.01203124999869798,0.01203124999869798,0.012229817707031243,0.01203124999869798,0.012229817707031243,-0.1749562814260867,0.012229817707031243,0.01203124999869798,0.01203124999869798]"
grid-r0.24-n1.2,grid,selected,1.2,256,criteria,population_consumption_loss_fraction,0.05,pass,0.8617077315391003,0.8574064219783367,0.8660090410998639,0.8520038430650294,0.8651771640501681,0,0,16,simultaneous,"[65001,65002,65003,65004,65005,65006,65007,65008,65009,65010,65011,65012,65013,65014,65015,65016]","[0.8635395467432535,0.8623911398585986,0.8635997589671335,0.8619399395036375,0.8610532884233898,0.8630588962117502,0.8651771640501681,0.8623079071004274,0.8619436348759298,0.864397607225221,0.861553543517003,0.8621718541822492,0.8640627559406657,0.8520038430650294,0.8538943105931417,0.8642285143680066]"
grid-r0.24-n1.2,grid,selected,1.2,256,criteria,population_late_consumption_loss_fraction,0.05,pass,0.9896748804403879,0.9826999364735823,0.9966498244071934,0.9687395536275161,0.9937544707672649,0,0,16,simultaneous,"[65001,65002,65003,65004,65005,65006,65007,65008,65009,65010,65011,65012,65013,65014,65015,65016]","[0.9902340631469322,0.9909726970861721,0.9910233337238175,0.9866009431367945,0.9935345454392086,0.9914051986571758,0.9907826161487445,0.9879125055438702,0.9904009256833117,0.9937544707672649,0.9920625181117415,0.9907163389526591,0.9923932081127514,0.991842226332554,0.9687395536275161,0.9924229425756925]"
grid-r0.24-n1.2,grid,selected,1.2,256,robustness_criteria,focal_utility_gain_fraction_0.0,0.01,unresolved,-0.011487965155705037,-0.06707343161507659,0.04409750130366651,-0.1869875314247847,0.001981536677073496,1,13,2,simultaneous,"[65001,65002,65003,65004,65005,65006,65007,65008,65009,65010,65011,65012,65013,65014,65015,65016]","[0.0,0.0011985522564306184,0.0,0.0,0.0,0.001981536677073496,0.0,0.0,0.0,0.0,0.0,0.0,-0.1869875314247847,0.0,0.0,0.0]"
grid-r0.24-n1.2,grid,selected,1.2,256,robustness_criteria,focal_utility_gain_fraction_0.05,0.01,unresolved,0.0005929267700762592,-0.05500807340803311,0.05619392694818563,-0.1749562814260867,0.014012786675771476,1,0,15,simultaneous,"[65001,65002,65003,65004,65005,65006,65007,65008,65009,65010,65011,65012,65013,65014,65015,65016]","[0.01203124999869798,0.013229802255128598,0.01203124999869798,0.01203124999869798,0.01203124999869798,0.014012786675771476,0.012229817707031243,0.01203124999869798,0.01203124999869798,0.012229817707031243,0.01203124999869798,0.012229817707031243,-0.1749562814260867,0.012229817707031243,0.01203124999869798,0.01203124999869798]"
grid-r0.24-n1.2,grid,selected,1.2,256,robustness_criteria,focal_utility_gain_fraction_0.2,0.01,unresolved,0.03683560254741987,-0.01881317204432336,0.0924843771391631,-0.13886253142999314,0.05010653667186504,1,0,15,simultaneous,"[65001,65002,65003,65004,65005,65006,65007,65008,65009,65010,65011,65012,65013,65014,65015,65016]","[0.04812499999479155,0.04932355225122217,0.04812499999479155,0.04812499999479155,0.04812499999479155,0.05010653667186504,0.04891927082812497,0.04812499999479155,0.04812499999479155,0.04891927082812497,0.04812499999479155,0.04891927082812497,-0.13886253142999314,0.04891927082812497,0.04812499999479155,0.04812499999479155]"
grid-r0.24-n1.2,grid,selected,1.2,256,robustness_criteria,population_consumption_loss_fraction,0.05,pass,0.8617077315391003,0.8574064219783367,0.8660090410998639,0.8520038430650294,0.8651771640501681,0,0,16,simultaneous,"[65001,65002,65003,65004,65005,65006,65007,65008,65009,65010,65011,65012,65013,65014,65015,65016]","[0.8635395467432535,0.8623911398585986,0.8635997589671335,0.8619399395036375,0.8610532884233898,0.8630588962117502,0.8651771640501681,0.8623079071004274,0.8619436348759298,0.864397607225221,0.861553543517003,0.8621718541822492,0.8640627559406657,0.8520038430650294,0.8538943105931417,0.8642285143680066]"
grid-r0.24-n1.2,grid,selected,1.2,256,robustness_criteria,population_late_consumption_loss_fraction,0.05,pass,0.9896748804403879,0.9826999364735823,0.9966498244071934,0.9687395536275161,0.9937544707672649,0,0,16,simultaneous,"[65001,65002,65003,65004,65005,65006,65007,65008,65009,65010,65011,65012,65013,65014,65015,65016]","[0.9902340631469322,0.9909726970861721,0.9910233337238175,0.9866009431367945,0.9935345454392086,0.9914051986571758,0.9907826161487445,0.9879125055438702,0.9904009256833117,0.9937544707672649,0.9920625181117415,0.9907163389526591,0.9923932081127514,0.991842226332554,0.9687395536275161,0.9924229425756925]"
grid-r0.24-n1.6,grid,fixed_floor,1.6,256,criteria,focal_utility_gain_fraction,0.01,unresolved,0.08604818381704538,-0.15260941432260924,0.32470578195669997,-0.5443491832693853,0.21816593784795724,2,0,14,simultaneous,"[65001,65002,65003,65004,65005,65006,65007,65008,65009,65010,65011,65012,65013,65014,65015,65016]","[0.10063588079933697,0.09456093733073961,0.1280844378098736,-0.2558977683230938,0.1343798117735423,-0.5443491832693853,0.2017466134440661,0.21816593784795724,0.1533762161341974,0.16676623730672566,0.1386197214059512,0.09003863039528118,0.207626368976674,0.19076327163110446,0.16274612173976535,0.18950770606998998]"
grid-r0.24-n1.6,grid,fixed_floor,1.6,256,criteria,population_consumption_loss_fraction,0.05,pass,0.7350200999420005,0.7119821717248451,0.7580580281591558,0.7007504924366783,0.7715156226479926,0,0,16,simultaneous,"[65001,65002,65003,65004,65005,65006,65007,65008,65009,65010,65011,65012,65013,65014,65015,65016]","[0.7286410860843601,0.7350187603637321,0.7715156226479926,0.7438764327326111,0.7236922665916654,0.7195138680729896,0.7007504924366783,0.73934074274043,0.7524902596154416,0.700822371770338,0.7309234721687361,0.764822384614578,0.7421437193330471,0.7327726267911742,0.7273008571303419,0.7466966359778905]"
grid-r0.24-n1.6,grid,fixed_floor,1.6,256,criteria,population_late_consumption_loss_fraction,0.05,pass,0.8117946501867237,0.768822723628662,0.8547665767447854,0.7318578763191081,0.854931554402375,0,0,16,simultaneous,"[65001,65002,65003,65004,65005,65006,65007,65008,65009,65010,65011,65012,65013,65014,65015,65016]","[0.7971814148763027,0.8520392415221363,0.8538289444011038,0.8336551023642987,0.8125657013872676,0.8026067046683563,0.7564653899627529,0.7878397208943186,0.8448893972919722,0.7812608858338035,0.8200603470121977,0.854931554402375,0.840374052843553,0.7318578763191081,0.8278325302994461,0.791325538908586]"
grid-r0.24-n1.6,grid,selected,1.6,256,criteria,focal_utility_gain_fraction,0.01,unresolved,0.05023042275863275,-0.2200904796617138,0.32055132517897933,-0.5716441706053202,0.20957089111229954,3,0,13,simultaneous,"[65001,65002,65003,65004,65005,65006,65007,65008,65009,65010,65011,65012,65013,65014,65015,65016]","[0.162504511850763,-0.06891228232593527,0.09886708242419759,-0.5716441706053202,0.1648483156648245,0.12713245435652165,0.053707368337958666,0.1250785880183819,0.18580193561869032,0.20957089111229954,0.1329746266145987,0.17707282614286363,0.1268450181952764,0.1950547704124786,-0.43743201577973573,0.12221684410026079]"
grid-r0.24-n1.6,grid,selected,1.6,256,criteria,population_consumption_loss_fraction,0.05,pass,0.7567035108174539,0.7330376808144478,0.7803693408204601,0.7234860279723038,0.7880833986805715,0,0,16,simultaneous,"[65001,65002,65003,65004,65005,65006,65007,65008,65009,65010,65011,65012,65013,65014,65015,65016]","[0.7644878840804417,0.7427971256556007,0.7880833986805715,0.7528677701159956,0.7336368788728744,0.7666662139683535,0.7876507390409704,0.7404402036871047,0.7380040421065466,0.7658413043695028,0.7748224522599029,0.7333855732684639,0.7664418255464375,0.7234860279723038,0.7536065454029334,0.7750381880512599]"
grid-r0.24-n1.6,grid,selected,1.6,256,criteria,population_late_consumption_loss_fraction,0.05,pass,0.8159928650299153,0.7703044317617428,0.8616812982980878,0.7445333747829288,0.8730550900515036,0,0,16,simultaneous,"[65001,65002,65003,65004,65005,65006,65007,65008,65009,65010,65011,65012,65013,65014,65015,65016]","[0.8328542342849257,0.8029273390425098,0.8548521159325828,0.8013500993933643,0.7540635948133014,0.83397830087453,0.8730550900515036,0.776444067563016,0.7445333747829288,0.8161445733585424,0.8599246559522733,0.8194738668681164,0.8672316575702217,0.8299484831249154,0.8057862790405543,0.7833181078253587]"
grid-r0.36-n0.8,grid,fixed_floor,0.8,256,criteria,focal_utility_gain_fraction,0.01,pass,0.018925781248046863,0.018925781248046863,0.018925781248046863,0.018925781248046863,0.018925781248046863,0,0,16,simultaneous,"[65001,65002,65003,65004,65005,65006,65007,65008,65009,65010,65011,65012,65013,65014,65015,65016]","[0.018925781248046863,0.018925781248046863,0.018925781248046863,0.018925781248046863,0.018925781248046863,0.018925781248046863,0.018925781248046863,0.018925781248046863,0.018925781248046863,0.018925781248046863,0.018925781248046863,0.018925781248046863,0.018925781248046863,0.018925781248046863,0.018925781248046863,0.018925781248046863]"
grid-r0.36-n0.8,grid,fixed_floor,0.8,256,criteria,population_consumption_loss_fraction,0.05,pass,0.7242947034334108,0.7018691880957579,0.7467202187710638,0.6907311405567953,0.7471996147284683,0,0,16,simultaneous,"[65001,65002,65003,65004,65005,65006,65007,65008,65009,65010,65011,65012,65013,65014,65015,65016]","[0.7471996147284683,0.7168788082641211,0.7449901768031919,0.7468282232432085,0.6907311405567953,0.7277771168058964,0.7108843027465748,0.7355401496565098,0.7067562307107326,0.7432768473659777,0.6954219232430836,0.7194096765956215,0.7298617588244622,0.7243995916813841,0.7039948088024617,0.7447648849060845]"
grid-r0.36-n0.8,grid,fixed_floor,0.8,256,criteria,population_late_consumption_loss_fraction,0.05,pass,0.9686572893624563,0.9472563426741721,0.9900582360507405,0.9149389620265643,0.9813445835502613,0,0,16,simultaneous,"[65001,65002,65003,65004,65005,65006,65007,65008,65009,65010,65011,65012,65013,65014,65015,65016]","[0.9802842587579709,0.9412568384815764,0.9733849125834807,0.9813445835502613,0.9756783691189841,0.9773549091848305,0.9149389620265643,0.9775540716816331,0.9808928274840021,0.9781629452891512,0.9515476384338586,0.9740274969248874,0.9731640578307821,0.9710943660439787,0.9680666350410986,0.979763757366241]"
grid-r0.36-n0.8,grid,selected,0.8,256,criteria,focal_utility_gain_fraction,0.01,pass,0.01853515624804694,0.01853515624804694,0.01853515624804694,0.01853515624804694,0.01853515624804694,0,0,16,simultaneous,"[65001,65002,65003,65004,65005,65006,65007,65008,65009,65010,65011,65012,65013,65014,65015,65016]","[0.01853515624804694,0.01853515624804694,0.01853515624804694,0.01853515624804694,0.01853515624804694,0.01853515624804694,0.01853515624804694,0.01853515624804694,0.01853515624804694,0.01853515624804694,0.01853515624804694,0.01853515624804694,0.01853515624804694,0.01853515624804694,0.01853515624804694,0.01853515624804694]"
grid-r0.36-n0.8,grid,selected,0.8,256,criteria,population_consumption_loss_fraction,0.05,pass,0.7255078628966524,0.7023282941659945,0.7486874316273102,0.6834438247825048,0.749309392760237,0,0,16,simultaneous,"[65001,65002,65003,65004,65005,65006,65007,65008,65009,65010,65011,65012,65013,65014,65015,65016]","[0.7426173231334945,0.7290068513869438,0.7438066664130638,0.7439542310590064,0.6834438247825048,0.7202655094733185,0.749309392760237,0.7368685094229652,0.704022142668567,0.7430608352409507,0.7043180310176078,0.719279437632974,0.7264722542144597,0.7270186761359657,0.6967595978358709,0.7379225231685075]"
grid-r0.36-n0.8,grid,selected,0.8,256,criteria,population_late_consumption_loss_fraction,0.05,pass,0.97210156248439,0.9604083032332071,0.9837948217355728,0.9495739049115772,0.9833021819586119,0,0,16,simultaneous,"[65001,65002,65003,65004,65005,65006,65007,65008,65009,65010,65011,65012,65013,65014,65015,65016]","[0.971671015325788,0.9819103637844885,0.9737403230133632,0.9718780006688169,0.9566746270278098,0.9495739049115772,0.980094714143244,0.9740027551263097,0.9728719377501496,0.9755812979272894,0.9833021819586119,0.9811998121433299,0.973697921369869,0.9763938416836521,0.9758439052071789,0.9551883977087613]"
grid-r0.36-n1.2,grid,fixed_floor,1.2,256,criteria,focal_utility_gain_fraction,0.01,pass,0.012421874998697995,0.012421874998697995,0.012421874998697995,0.012421874998697995,0.012421874998697995,0,0,16,simultaneous,"[65001,65002,65003,65004,65005,65006,65007,65008,65009,65010,65011,65012,65013,65014,65015,65016]","[0.012421874998697995,0.012421874998697995,0.012421874998697995,0.012421874998697995,0.012421874998697995,0.012421874998697995,0.012421874998697995,0.012421874998697995,0.012421874998697995,0.012421874998697995,0.012421874998697995,0.012421874998697995,0.012421874998697995,0.012421874998697995,0.012421874998697995,0.012421874998697995]"
grid-r0.36-n1.2,grid,fixed_floor,1.2,256,criteria,population_consumption_loss_fraction,0.05,pass,0.8192149046992157,0.803338201368706,0.8350916080297253,0.7906129083115964,0.8323731352843904,0,0,16,simultaneous,"[65001,65002,65003,65004,65005,65006,65007,65008,65009,65010,65011,65012,65013,65014,65015,65016]","[0.8318461969076979,0.8244918756212739,0.8300065952808083,0.8304869611614123,0.7906129083115964,0.8178605862165732,0.8323731352843904,0.8294046020424255,0.8165455784366668,0.8280374375286321,0.7974096495103674,0.8101280417225541,0.8162246512934557,0.8230511530547108,0.7996243534292984,0.8293347493855867]"
grid-r0.36-n1.2,grid,fixed_floor,1.2,256,criteria,population_late_consumption_loss_fraction,0.05,pass,0.9834434932765216,0.9730223584807265,0.9938646280723167,0.9524214170148658,0.9894026463488309,0,0,16,simultaneous,"[65001,65002,65003,65004,65005,65006,65007,65008,65009,65010,65011,65012,65013,65014,65015,65016]","[0.9880277985668817,0.9856815657405831,0.9860785592549308,0.9854166324413995,0.9880639705712998,0.9834012517865817,0.9871604000868147,0.9877906918577744,0.9524214170148658,0.9861215296136135,0.9777814223375392,0.9870128366822322,0.9894026463488309,0.9808927361348976,0.9836436371529393,0.9861987968331606]"
grid-r0.36-n1.2,grid,selected,1.2,256,criteria,focal_utility_gain_fraction,0.01,pass,0.01203124999869798,0.01203124999869798,0.01203124999869798,0.01203124999869798,0.01203124999869798,0,0,16,simultaneous,"[65001,65002,65003,65004,65005,65006,65007,65008,65009,65010,65011,65012,65013,65014,65015,65016]","[0.01203124999869798,0.01203124999869798,0.01203124999869798,0.01203124999869798,0.01203124999869798,0.01203124999869798,0.01203124999869798,0.01203124999869798,0.01203124999869798,0.01203124999869798,0.01203124999869798,0.01203124999869798,0.01203124999869798,0.01203124999869798,0.01203124999869798,0.01203124999869798]"
grid-r0.36-n1.2,grid,selected,1.2,256,criteria,population_consumption_loss_fraction,0.05,pass,0.8193507890828812,0.8038316377083434,0.8348699404574189,0.7818176577457147,0.8306812163412048,0,0,16,simultaneous,"[65001,65002,65003,65004,65005,65006,65007,65008,65009,65010,65011,65012,65013,65014,65015,65016]","[0.8306812163412048,0.8221610595455615,0.8294396257084073,0.8283306815149437,0.7818176577457147,0.8152707792632203,0.8296374719358313,0.8288700564239421,0.8232014249369785,0.8253773120406165,0.8031157817399176,0.8086017957759596,0.8155767808176666,0.8249510350306681,0.8130022831685004,0.8295776633369649]"
grid-r0.36-n1.2,grid,selected,1.2,256,criteria,population_late_consumption_loss_fraction,0.05,pass,0.9791688939981945,0.9636604720923466,0.9946773159040424,0.9399039948679239,0.9887190134356085,0,0,16,simultaneous,"[65001,65002,65003,65004,65005,65006,65007,65008,65009,65010,65011,65012,65013,65014,65015,65016]","[0.985691219073034,0.9753675981865723,0.9840610801907897,0.9851336931486068,0.9837790561083813,0.9884130258217161,0.984612740453056,0.9887190134356085,0.9848835468537059,0.9785291129254783,0.9399039948679239,0.9694435232129599,0.9865118520954219,0.9875070362182081,0.9594207799693607,0.9847250314102887]"
grid-r0.36-n1.6,grid,fixed_floor,1.6,256,criteria,focal_utility_gain_fraction,0.01,fail,0.00916992187402349,0.00916992187402349,0.00916992187402349,0.00916992187402349,0.00916992187402349,0,0,16,simultaneous,"[65001,65002,65003,65004,65005,65006,65007,65008,65009,65010,65011,65012,65013,65014,65015,65016]","[0.00916992187402349,0.00916992187402349,0.00916992187402349,0.00916992187402349,0.00916992187402349,0.00916992187402349,0.00916992187402349,0.00916992187402349,0.00916992187402349,0.00916992187402349,0.00916992187402349,0.00916992187402349,0.00916992187402349,0.00916992187402349,0.00916992187402349,0.00916992187402349]"
grid-r0.36-n1.6,grid,fixed_floor,1.6,256,criteria,population_consumption_loss_fraction,0.05,pass,0.8643219157033641,0.8558156350907635,0.8728281963159648,0.8521006078712701,0.8739862448813762,0,0,16,simultaneous,"[65001,65002,65003,65004,65005,65006,65007,65008,65009,65010,65011,65012,65013,65014,65015,65016]","[0.8736491528538077,0.8610907126023495,0.8661371559208683,0.8723711682216276,0.8552225713714051,0.8648158011336567,0.8739862448813762,0.8704516369288942,0.8521006078712701,0.8605243747238281,0.8638490615036069,0.8586525328672445,0.8666645978450473,0.8638872916525564,0.8532840852131324,0.8724636556631546]"
grid-r0.36-n1.6,grid,fixed_floor,1.6,256,criteria,population_late_consumption_loss_fraction,0.05,pass,0.9817236759400114,0.9611682437118253,1.0022791081681977,0.9298870843259275,0.9932661484769396,0,0,16,simultaneous,"[65001,65002,65003,65004,65005,65006,65007,65008,65009,65010,65011,65012,65013,65014,65015,65016]","[0.9922056771256494,0.9775035740400851,0.9793927337228577,0.9932661484769396,0.9917842580922603,0.9893487511946744,0.9903723543274493,0.9900072099636665,0.9298870843259275,0.9525575189157396,0.9910567135677743,0.9921396573522101,0.9888396924305488,0.9852466078931311,0.9739921198701209,0.9899787137411477]"
grid-r0.36-n1.6,grid,selected,1.6,256,criteria,focal_utility_gain_fraction,0.01,fail,0.008779296874023429,0.008779296874023429,0.008779296874023429,0.008779296874023429,0.008779296874023429,0,0,16,simultaneous,"[65001,65002,65003,65004,65005,65006,65007,65008,65009,65010,65011,65012,65013,65014,65015,65016]","[0.008779296874023429,0.008779296874023429,0.008779296874023429,0.008779296874023429,0.008779296874023429,0.008779296874023429,0.008779296874023429,0.008779296874023429,0.008779296874023429,0.008779296874023429,0.008779296874023429,0.008779296874023429,0.008779296874023429,0.008779296874023429,0.008779296874023429,0.008779296874023429]"
grid-r0.36-n1.6,grid,selected,1.6,256,criteria,population_consumption_loss_fraction,0.05,pass,0.865508283842588,0.856616210658721,0.8744003570264551,0.8513600924573219,0.8739272139609128,0,0,16,simultaneous,"[65001,65002,65003,65004,65005,65006,65007,65008,65009,65010,65011,65012,65013,65014,65015,65016]","[0.8732073437660683,0.8691707337820537,0.8720056012835872,0.8713853320576751,0.8528394012179291,0.8702048746423088,0.871952005265282,0.8643450463953842,0.8673512311295369,0.8684590835211583,0.8665759111922936,0.8513600924573219,0.8553549259987753,0.8629845828141869,0.8570091619969339,0.8739272139609128]"
grid-r0.36-n1.6,grid,selected,1.6,256,criteria,population_late_consumption_loss_fraction,0.05,pass,0.985491822750895,0.9784538377141229,0.9925298077876671,0.9713319540547445,0.9921608378300378,0,0,16,simultaneous,"[65001,65002,65003,65004,65005,65006,65007,65008,65009,65010,65011,65012,65013,65014,65015,65016]","[0.9912224409912088,0.9892055457951596,0.9899144648185078,0.9850085934606341,0.9897036350804034,0.9853318056073574,0.9800749586815521,0.9899294549925298,0.9921608378300378,0.9713319540547445,0.9840040082821064,0.9855269675922623,0.9751873437732816,0.9814486949498802,0.988429056346083,0.9893894017585703]"
keyed_priority-r0.24-n1.2,keyed_priority,fixed_floor,1.2,256,robustness_criteria,focal_utility_gain_fraction_0.0,0.01,fail,0.0014057239619658566,-0.0006261574980162888,0.003437605421948002,0.0,0.0040364583333331785,0,4,12,simultaneous,"[65001,65002,65003,65004,65005,65006,65007,65008,65009,65010,65011,65012,65013,65014,65015,65016]","[0.0,0.0040364583333331785,0.0,0.0002604166666666149,0.001692708333332349,0.0003906250000000148,0.0040364583333331785,0.0,0.0025697083914557237,0.0002604166666666149,0.0006510416666664447,0.0003906250000000148,0.0,0.0040364583333331785,0.0040364583333331785,0.0001302083333332149]"
keyed_priority-r0.24-n1.2,keyed_priority,fixed_floor,1.2,256,robustness_criteria,focal_utility_gain_fraction_0.05,0.01,pass,0.01382759896066385,0.011795717500681705,0.015859480420645996,0.012421874998697995,0.016458333332031172,0,0,16,simultaneous,"[65001,65002,65003,65004,65005,65006,65007,65008,65009,65010,65011,65012,65013,65014,65015,65016]","[0.012421874998697995,0.016458333332031172,0.012421874998697995,0.012682291665364609,0.014114583332030344,0.01281249999869801,0.016458333332031172,0.012421874998697995,0.014991583390153718,0.012682291665364609,0.01307291666536444,0.01281249999869801,0.012421874998697995,0.016458333332031172,0.016458333332031172,0.01255208333203121]"
keyed_priority-r0.24-n1.2,keyed_priority,fixed_floor,1.2,256,robustness_criteria,focal_utility_gain_fraction_0.2,0.01,pass,0.051093223956757465,0.04906134249677532,0.05312510541673961,0.049687499994791606,0.053723958328124786,0,0,16,simultaneous,"[65001,65002,65003,65004,65005,65006,65007,65008,65009,65010,65011,65012,65013,65014,65015,65016]","[0.049687499994791606,0.053723958328124786,0.049687499994791606,0.04994791666145822,0.051380208328123955,0.050078124994791626,0.053723958328124786,0.049687499994791606,0.05225720838624733,0.04994791666145822,0.050338541661458056,0.050078124994791626,0.049687499994791606,0.053723958328124786,0.053723958328124786,0.04981770832812482]"
keyed_priority-r0.24-n1.2,keyed_priority,fixed_floor,1.2,256,robustness_criteria,population_consumption_loss_fraction,0.05,pass,0.8623355134210106,0.8609055765284956,0.8637654503135255,0.8603732818454387,0.8646777126463323,0,0,16,simultaneous,"[65001,65002,65003,65004,65005,65006,65007,65008,65009,65010,65011,65012,65013,65014,65015,65016]","[0.8634557531612693,0.8628032874127288,0.8614066548355959,0.8640277774500937,0.8603732818454387,0.8624213895618715,0.8646777126463323,0.8616831511444599,0.8626912925129467,0.863097765078721,0.8612134760467132,0.8619635742230801,0.862101829245332,0.8618120266039905,0.8604395136659748,0.8631997293016196]"
keyed_priority-r0.24-n1.2,keyed_priority,fixed_floor,1.2,256,robustness_criteria,population_late_consumption_loss_fraction,0.05,pass,0.9895060919755148,0.9864530233413639,0.9925591606096656,0.9826564735931919,0.9930475919178193,0,0,16,simultaneous,"[65001,65002,65003,65004,65005,65006,65007,65008,65009,65010,65011,65012,65013,65014,65015,65016]","[0.9903955002588379,0.9908005097809741,0.9826564735931919,0.9885514793457943,0.9913154273146904,0.98734657430395,0.9902270222778039,0.9904683021121863,0.9905293016300567,0.9930475919178193,0.9909266082611905,0.9922354249775761,0.986587990581979,0.9901277148694142,0.9868249818748537,0.9900565685079176]"
keyed_priority-r0.24-n1.2,keyed_priority,selected,1.2,256,robustness_criteria,focal_utility_gain_fraction_0.0,0.01,unresolved,-0.011487965155705037,-0.06707343161507659,0.04409750130366651,-0.1869875314247847,0.001981536677073496,1,13,2,simultaneous,"[65001,65002,65003,65004,65005,65006,65007,65008,65009,65010,65011,65012,65013,65014,65015,65016]","[0.0,0.0011985522564306184,0.0,0.0,0.0,0.001981536677073496,0.0,0.0,0.0,0.0,0.0,0.0,-0.1869875314247847,0.0,0.0,0.0]"
keyed_priority-r0.24-n1.2,keyed_priority,selected,1.2,256,robustness_criteria,focal_utility_gain_fraction_0.05,0.01,unresolved,0.0005929267700762592,-0.05500807340803311,0.05619392694818563,-0.1749562814260867,0.014012786675771476,1,0,15,simultaneous,"[65001,65002,65003,65004,65005,65006,65007,65008,65009,65010,65011,65012,65013,65014,65015,65016]","[0.01203124999869798,0.013229802255128598,0.01203124999869798,0.01203124999869798,0.01203124999869798,0.014012786675771476,0.012229817707031243,0.01203124999869798,0.01203124999869798,0.012229817707031243,0.01203124999869798,0.012229817707031243,-0.1749562814260867,0.012229817707031243,0.01203124999869798,0.01203124999869798]"
keyed_priority-r0.24-n1.2,keyed_priority,selected,1.2,256,robustness_criteria,focal_utility_gain_fraction_0.2,0.01,unresolved,0.03683560254741987,-0.01881317204432336,0.0924843771391631,-0.13886253142999314,0.05010653667186504,1,0,15,simultaneous,"[65001,65002,65003,65004,65005,65006,65007,65008,65009,65010,65011,65012,65013,65014,65015,65016]","[0.04812499999479155,0.04932355225122217,0.04812499999479155,0.04812499999479155,0.04812499999479155,0.05010653667186504,0.04891927082812497,0.04812499999479155,0.04812499999479155,0.04891927082812497,0.04812499999479155,0.04891927082812497,-0.13886253142999314,0.04891927082812497,0.04812499999479155,0.04812499999479155]"
keyed_priority-r0.24-n1.2,keyed_priority,selected,1.2,256,robustness_criteria,population_consumption_loss_fraction,0.05,pass,0.8622621819939438,0.8592731732000845,0.8652511907878031,0.8535994307338709,0.864575982279577,0,0,16,simultaneous,"[65001,65002,65003,65004,65005,65006,65007,65008,65009,65010,65011,65012,65013,65014,65015,65016]","[0.8635508290472482,0.8619911078848582,0.8637110622874171,0.8633128910079302,0.8609957428280485,0.8629839404266428,0.8639565769171746,0.8619614209876441,0.8627059817563121,0.8629910608812166,0.8614645556935778,0.8620711615617087,0.8640481229223989,0.8622750446874754,0.8535994307338709,0.864575982279577]"
keyed_priority-r0.24-n1.2,keyed_priority,selected,1.2,256,robustness_criteria,population_late_consumption_loss_fraction,0.05,pass,0.9901214923413054,0.9830378238146723,0.9972051608679385,0.9686882388147094,0.994528543512029,0,0,16,simultaneous,"[65001,65002,65003,65004,65005,65006,65007,65008,65009,65010,65011,65012,65013,65014,65015,65016]","[0.9901489971243377,0.9922597016277714,0.9923504290206303,0.9887286029790736,0.9928529627817118,0.9921193638286929,0.988251872763052,0.9897381318721471,0.9907364454026156,0.9914153633482222,0.9915698256928567,0.9921574455018206,0.9924895630828372,0.993908390108379,0.9686882388147094,0.994528543512029]"
long_horizon-r0.24-n1.2,long_horizon,fixed_floor,1.2,512,robustness_criteria,focal_utility_gain_fraction_0.0,0.01,fail,0.0037619416228599238,0.0002766634953684571,0.0072472197503513905,0.0,0.008395645579072538,0,1,15,simultaneous,"[65001,65002,65003,65004,65005,65006,65007,65008,65009,65010,65011,65012,65013,65014,65015,65016]","[0.0024088541666674366,0.002083333333333289,0.0001302083333332149,0.00019531249999982236,0.007644016477068213,0.008395645579072538,0.004101562499999971,0.0021484375000002665,0.00798490717674701,0.00019531249999982236,0.005242017566204164,0.003059895833332956,0.0,0.006119791666666652,0.006250000000000052,0.00423177083333337]"
long_horizon-r0.24-n1.2,long_horizon,fixed_floor,1.2,512,robustness_criteria,focal_utility_gain_fraction_0.05,0.01,unresolved,0.009979084363094422,0.006483298573473215,0.013474870152715628,0.0062109374993490896,0.014606583078421628,0,0,16,simultaneous,"[65001,65002,65003,65004,65005,65006,65007,65008,65009,65010,65011,65012,65013,65014,65015,65016]","[0.008619791666016527,0.008294270832682379,0.0063411458326823045,0.006406249999348912,0.013954237830583843,0.014606583078421628,0.010312499999349061,0.008359374999349356,0.0141958446760961,0.006406249999348912,0.011452955065553255,0.009270833332682046,0.0062109374993490896,0.012330729166015741,0.012460937499349142,0.01044270833268246]"
long_horizon-r0.24-n1.2,long_horizon,fixed_floor,1.2,512,robustness_criteria,focal_utility_gain_fraction_0.2,0.01,pass,0.028630512583797396,0.02510191371273274,0.032159111454862055,0.024843749997395803,0.03323939557646834,0,0,16,simultaneous,"[65001,65002,65003,65004,65005,65006,65007,65008,65009,65010,65011,65012,65013,65014,65015,65016]","[0.027252604164063242,0.026927083330729094,0.024973958330729018,0.025039062497395626,0.03288490189113073,0.03323939557646834,0.028945312497395775,0.02699218749739607,0.032828657174142815,0.025039062497395626,0.030085767563599968,0.02790364583072876,0.024843749997395803,0.030963541664062455,0.031093749997395857,0.029075520830729173]"
long_horizon-r0.24-n1.2,long_horizon,fixed_floor,1.2,512,robustness_criteria,population_consumption_loss_fraction,0.05,pass,0.9238354792039793,0.9220932040789688,0.9255777543289899,0.9205839603469229,0.9259738170121342,0,0,16,simultaneous,"[65001,65002,65003,65004,65005,65006,65007,65008,65009,65010,65011,65012,65013,65014,65015,65016]","[0.9237404733392603,0.9253296516521159,0.9251900569654686,0.9249778323082896,0.9216883672875974,0.9205839603469229,0.9259738170121342,0.9240989053855214,0.9247976357993412,0.9232812427922631,0.9227291083459473,0.9233481295418444,0.9252952273052855,0.922984062399477,0.9228161990813951,0.924532997700806]"
long_horizon-r0.24-n1.2,long_horizon,fixed_floor,1.2,512,robustness_criteria,population_late_consumption_loss_fraction,0.05,pass,0.9857770893462656,0.9821119723403487,0.9894422063521825,0.9791071827672948,0.9898399383376532,0,0,16,simultaneous,"[65001,65002,65003,65004,65005,65006,65007,65008,65009,65010,65011,65012,65013,65014,65015,65016]","[0.982508133223556,0.9898399383376532,0.9887754527692835,0.9874811985826087,0.9791071827672948,0.9848192109678496,0.9893099090792178,0.9856176566372421,0.9863498569855524,0.9855191537653273,0.982114840202231,0.9879619266377573,0.9889219861329601,0.9837354097257777,0.9876876344454627,0.9826839392804765]"
long_horizon-r0.24-n1.2,long_horizon,selected,1.2,512,robustness_criteria,focal_utility_gain_fraction_0.0,0.01,unresolved,-0.0024672105598551666,-0.032033250661105676,0.027098829541395343,-0.09349376571239669,0.02151668834522724,1,3,12,simultaneous,"[65001,65002,65003,65004,65005,65006,65007,65008,65009,65010,65011,65012,65013,65014,65015,65016]","[0.0002951629517076541,0.0005992761282153092,0.002158941833214264,0.008622838995118362,0.02151668834522724,0.003550271009799359,0.008264138775489299,0.0,0.00028916191453583673,0.0,0.0007437501807315099,0.004476057469868048,-0.09349376571239669,0.0028467956267611933,0.0006553135240459456,0.0]"
long_horizon-r0.24-n1.2,long_horizon,selected,1.2,512,robustness_criteria,focal_utility_gain_fraction_0.05,0.01,unresolved,0.0035724653054092113,-0.025996814941419897,0.03314174555223832,-0.0874781407130476,0.027532313344576325,1,0,15,simultaneous,"[65001,65002,65003,65004,65005,65006,65007,65008,65009,65010,65011,65012,65013,65014,65015,65016]","[0.006310787951056737,0.006614901127564392,0.008174566832563346,0.014638463994467443,0.027532313344576325,0.009565896009148442,0.01427976377483838,0.0060156249993490825,0.006304786913884919,0.00640043885399381,0.0067593751800805926,0.01049168246921713,-0.0874781407130476,0.008862420626110276,0.006670938523395028,0.0060156249993490825]"
long_horizon-r0.24-n1.2,long_horizon,selected,1.2,512,robustness_criteria,focal_utility_gain_fraction_0.2,0.01,unresolved,0.021691492901201814,-0.0078901535476158,0.051273139350019425,-0.06943126571500091,0.04557918834262302,1,0,15,simultaneous,"[65001,65002,65003,65004,65005,65006,65007,65008,65009,65010,65011,65012,65013,65014,65015,65016]","[0.02435766294910343,0.024661776125611084,0.026221441830610037,0.032685338992514135,0.04557918834262302,0.027612771007195135,0.03232663877288507,0.024062499997395775,0.02435166191193161,0.025601755415975057,0.024806250178127286,0.028538557467263824,-0.06943126571500091,0.02690929562415697,0.02471781352144172,0.024062499997395775]"
long_horizon-r0.24-n1.2,long_horizon,selected,1.2,512,robustness_criteria,population_consumption_loss_fraction,0.05,pass,0.9240800981126551,0.9199232102484739,0.9282369859768363,0.9163467324553336,0.9277937508727113,0,0,16,simultaneous,"[65001,65002,65003,65004,65005,65006,65007,65008,65009,65010,65011,65012,65013,65014,65015,65016]","[0.9264969791724739,0.9261928085290088,0.9163467324553336,0.9240321488985359,0.9175934820324954,0.9270190840135206,0.9244413400365953,0.9249302729157988,0.9255093430643093,0.9272987106141743,0.9252712865557249,0.9250736890419944,0.9277937508727113,0.9206669039035509,0.9200950388948034,0.9265199988014513]"
long_horizon-r0.24-n1.2,long_horizon,selected,1.2,512,robustness_criteria,population_late_consumption_loss_fraction,0.05,pass,0.9854211007330967,0.974547874911275,0.9962943265549185,0.9583206777111188,0.9924042952168401,0,0,16,simultaneous,"[65001,65002,65003,65004,65005,65006,65007,65008,65009,65010,65011,65012,65013,65014,65015,65016]","[0.9876065208393907,0.9924042952168401,0.9583206777111188,0.9902635858736246,0.9681740401417152,0.9903562274875354,0.9896379680352463,0.9839801570180905,0.9909841973578067,0.990889999187483,0.9867697476104256,0.9863373506161871,0.9902474644853587,0.9895202642155542,0.986123994499659,0.9851211214335115]"
lower_stock-r0.24-n1.2,lower_stock,fixed_floor,1.2,256,robustness_criteria,focal_utility_gain_fraction_0.0,0.01,unresolved,-0.11227291830497466,-0.39834825704557814,0.17380242043562882,-0.7120821810584759,0.01503491525706539,4,2,10,simultaneous,"[65001,65002,65003,65004,65005,65006,65007,65008,65009,65010,65011,65012,65013,65014,65015,65016]","[0.001562499999999134,0.01449829712524442,0.0001302083333332149,0.004296874999999978,0.008072916666666357,-0.7120821810584759,0.008072916666666357,-0.4913912349374022,0.0005208333333332298,0.0002604166666666149,-0.5605877468642249,0.01503491525706539,0.0,0.007837215320813756,0.0,-0.09259262438927995]"
lower_stock-r0.24-n1.2,lower_stock,fixed_floor,1.2,256,robustness_criteria,focal_utility_gain_fraction_0.05,0.01,unresolved,-0.10193851555354225,-0.3934321306336529,0.18955509952656838,-0.7124793164751424,0.027456790255763384,4,0,12,simultaneous,"[65001,65002,65003,65004,65005,65006,65007,65008,65009,65010,65011,65012,65013,65014,65015,65016]","[0.01398437499869713,0.02711873983227568,0.01255208333203121,0.016718749998697973,0.020494791665364352,-0.7124793164751424,0.020494791665364352,-0.4869294627725577,0.012942708332031224,0.012682291665364609,-0.5609848822808915,0.027456790255763384,0.012421874998697995,0.02025909031951175,0.012421874998697995,-0.08017074939058197]"
lower_stock-r0.24-n1.2,lower_stock,fixed_floor,1.2,256,robustness_criteria,focal_utility_gain_fraction_0.2,0.01,unresolved,-0.07093530729924535,-0.3787023206017499,0.2368317060032592,-0.7136707227251425,0.06498006795336946,4,0,12,simultaneous,"[65001,65002,65003,65004,65005,65006,65007,65008,65009,65010,65011,65012,65013,65014,65015,65016]","[0.05124999999479074,0.06498006795336946,0.04981770832812482,0.053984374994791584,0.05776041666145797,-0.7136707227251425,0.05776041666145797,-0.47354414627802444,0.05020833332812484,0.04994791666145822,-0.5621762885308915,0.064722415251857,0.049687499994791606,0.057524715315605365,0.049687499994791606,-0.04290512439448835]"
lower_stock-r0.24-n1.2,lower_stock,fixed_floor,1.2,256,robustness_criteria,population_consumption_loss_fraction,0.05,pass,0.9149305534793056,0.9128233916079722,0.917037715350639,0.9119165643179169,0.9183034567403947,0,0,16,simultaneous,"[65001,65002,65003,65004,65005,65006,65007,65008,65009,65010,65011,65012,65013,65014,65015,65016]","[0.9119165643179169,0.9151418541372721,0.9127011217044247,0.9151567725710706,0.9142420427101361,0.9145721032301091,0.9183034567403947,0.9136429025266473,0.9171351528072046,0.9168043957641328,0.9138246215760734,0.9153787672670679,0.9174909642876382,0.9141403821083183,0.9133694701614592,0.915068283759025]"
lower_stock-r0.24-n1.2,lower_stock,fixed_floor,1.2,256,robustness_criteria,population_late_consumption_loss_fraction,0.05,pass,0.9851003765069899,0.979092153338185,0.9911085996757948,0.9727048310029498,0.9914242731806115,0,0,16,simultaneous,"[65001,65002,65003,65004,65005,65006,65007,65008,65009,65010,65011,65012,65013,65014,65015,65016]","[0.9751581772830561,0.9854591408287768,0.9831060594498592,0.9878846099658534,0.9828120643975901,0.9887713077083464,0.9867401304026215,0.984863413140748,0.9914242731806115,0.9909108338821223,0.9845001784774847,0.9863387250633521,0.9897897601562116,0.9855362938322482,0.9727048310029498,0.9856062253400072]"
lower_stock-r0.24-n1.2,lower_stock,selected,1.2,256,robustness_criteria,focal_utility_gain_fraction_0.0,0.01,unresolved,-0.15065252289304015,-0.4207556230539152,0.11945057726783487,-0.7413271721014107,0.012612614251283905,6,5,5,simultaneous,"[65001,65002,65003,65004,65005,65006,65007,65008,65009,65010,65011,65012,65013,65014,65015,65016]","[-0.3750735124269748,0.002336338672475254,-0.7413271721014107,0.0,-0.22872563460141956,0.0,0.0,-0.38137519614878196,0.00043405883289604485,0.0,-0.39335026972928355,0.012612614251283905,0.0,-0.30997308206631236,0.0008090980069003217,0.003192391021985171]"
lower_stock-r0.24-n1.2,lower_stock,selected,1.2,256,robustness_criteria,focal_utility_gain_fraction_0.05,0.01,unresolved,-0.1411541656077718,-0.4158057922924693,0.13349746107692564,-0.7421149325180774,0.024643864249981884,6,0,10,simultaneous,"[65001,65002,65003,65004,65005,65006,65007,65008,65009,65010,65011,65012,65013,65014,65015,65016]","[-0.37585476242697474,0.014367588671173234,-0.7421149325180774,0.01203124999869798,-0.21861172795585795,0.01203124999869798,0.01203124999869798,-0.369343946150084,0.012465308831594024,0.01203124999869798,-0.3822438404431469,0.024643864249981884,0.01203124999869798,-0.31075433206631226,0.013600239069181952,0.015223641020683151]"
lower_stock-r0.24-n1.2,lower_stock,selected,1.2,256,robustness_criteria,focal_utility_gain_fraction_0.2,0.01,unresolved,-0.11265909375196717,-0.4012987431286238,0.17598055562468948,-0.7444782137680775,0.060737614246075454,6,0,10,simultaneous,"[65001,65002,65003,65004,65005,65006,65007,65008,65009,65010,65011,65012,65013,65014,65015,65016]","[-0.3781985124269749,0.050461338667266806,-0.7444782137680775,0.04812499999479155,-0.18827000801917348,0.04812499999479155,0.04812499999479155,-0.33325019615399043,0.048559058827687594,0.04812499999479155,-0.3489245525847373,0.060737614246075454,0.04812499999479155,-0.31309808206631246,0.05197366225602703,0.05131739101677672]"
lower_stock-r0.24-n1.2,lower_stock,selected,1.2,256,robustness_criteria,population_consumption_loss_fraction,0.05,pass,0.9155131670726813,0.9125697668225554,0.9184565673228071,0.9099222042322738,0.9195404145909108,0,0,16,simultaneous,"[65001,65002,65003,65004,65005,65006,65007,65008,65009,65010,65011,65012,65013,65014,65015,65016]","[0.9155147954269904,0.9139290247425397,0.9177935005179618,0.9195404145909108,0.9107525698049759,0.9154585337949919,0.915096080987623,0.914919477828286,0.9176106008467827,0.9167563580582468,0.9154898059639381,0.9147461588583933,0.9160707352341082,0.9099222042322738,0.9168118593641444,0.9177985529107335]"
lower_stock-r0.24-n1.2,lower_stock,selected,1.2,256,robustness_criteria,population_late_consumption_loss_fraction,0.05,pass,0.9863350638199544,0.9793425468114049,0.9933275808285039,0.9727970867384683,0.9929680690311625,0,0,16,simultaneous,"[65001,65002,65003,65004,65005,65006,65007,65008,65009,65010,65011,65012,65013,65014,65015,65016]","[0.9852947612190601,0.9771610962319803,0.9929680690311625,0.9918350604977613,0.9897370473289213,0.983333650969945,0.9727970867384683,0.9883321733860044,0.9910308389804442,0.9867209157745196,0.9905371139519686,0.989962523517904,0.9778130646716626,0.9858627778578365,0.9864664497550185,0.9915083912066135]"
small_inventory-r0.24-n1.2,small_inventory,fixed_floor,1.2,256,robustness_criteria,focal_utility_gain_fraction_0.0,0.01,fail,0.0014057239619658566,-0.0006261574980162888,0.003437605421948002,0.0,0.0040364583333331785,0,4,12,simultaneous,"[65001,65002,65003,65004,65005,65006,65007,65008,65009,65010,65011,65012,65013,65014,65015,65016]","[0.0,0.0040364583333331785,0.0,0.0002604166666666149,0.001692708333332349,0.0003906250000000148,0.0040364583333331785,0.0,0.0025697083914557237,0.0002604166666666149,0.0006510416666664447,0.0003906250000000148,0.0,0.0040364583333331785,0.0040364583333331785,0.0001302083333332149]"
small_inventory-r0.24-n1.2,small_inventory,fixed_floor,1.2,256,robustness_criteria,focal_utility_gain_fraction_0.05,0.01,fail,0.002108848960663777,7.69675006816314e-05,0.004140730420645922,0.0007031249986979201,0.004739583332031098,0,0,16,simultaneous,"[65001,65002,65003,65004,65005,65006,65007,65008,65009,65010,65011,65012,65013,65014,65015,65016]","[0.0007031249986979201,0.004739583332031098,0.0007031249986979201,0.000963541665364535,0.002395833332030269,0.0010937499986979349,0.004739583332031098,0.0007031249986979201,0.003272833390153644,0.000963541665364535,0.0013541666653643647,0.0010937499986979349,0.0007031249986979201,0.004739583332031098,0.004739583332031098,0.000833333332031135]"
small_inventory-r0.24-n1.2,small_inventory,fixed_floor,1.2,256,robustness_criteria,focal_utility_gain_fraction_0.2,0.01,fail,0.004218223956757537,0.0021863424967753916,0.006250105416739682,0.0028124999947916804,0.0068489583281248585,0,0,16,simultaneous,"[65001,65002,65003,65004,65005,65006,65007,65008,65009,65010,65011,65012,65013,65014,65015,65016]","[0.0028124999947916804,0.0068489583281248585,0.0028124999947916804,0.0030729166614582954,0.00450520832812403,0.003203124994791695,0.0068489583281248585,0.0028124999947916804,0.005382208386247404,0.0030729166614582954,0.003463541661458125,0.003203124994791695,0.0028124999947916804,0.0068489583281248585,0.0068489583281248585,0.0029427083281248954]"
small_inventory-r0.24-n1.2,small_inventory,fixed_floor,1.2,256,robustness_criteria,population_consumption_loss_fraction,0.05,unresolved,0.0908878923734364,0.034569574812760163,0.14720620993411265,0.02327701236764642,0.15905489653111468,0,0,16,simultaneous,"[65001,65002,65003,65004,65005,65006,65007,65008,65009,65010,65011,65012,65013,65014,65015,65016]","[0.02327701236764642,0.06432015716795544,0.08707904226790206,0.10729535816175066,0.0542869377545759,0.0261481153638841,0.11467666918492345,0.15371912563076684,0.15905489653111468,0.08234413417448054,0.14985071904163633,0.07924538369872058,0.1373948829950648,0.13787434592179404,0.03915137406206341,0.03848812365070324]"
small_inventory-r0.24-n1.2,small_inventory,fixed_floor,1.2,256,robustness_criteria,population_late_consumption_loss_fraction,0.05,pass,0.3583049158313987,0.14372800291843435,0.572881828744363,0.09258373906812926,0.5954917389867109,0,0,16,simultaneous,"[65001,65002,65003,65004,65005,65006,65007,65008,65009,65010,65011,65012,65013,65014,65015,65016]","[0.09258373906812926,0.25951066880019424,0.35200984867092583,0.4282992414248211,0.21699527622360354,0.10527043298594867,0.45877445440803793,0.5954917389867109,0.587783768044467,0.33599794332889577,0.5940700921102882,0.3191901074727327,0.5547479278256281,0.5160724191800659,0.16201984059495875,0.15406115417697136]"
small_inventory-r0.24-n1.2,small_inventory,selected,1.2,256,robustness_criteria,focal_utility_gain_fraction_0.0,0.01,fail,0.00019875555834400715,-0.0004682266571852763,0.0008657377738732906,0.0,0.001981536677073496,0,14,2,simultaneous,"[65001,65002,65003,65004,65005,65006,65007,65008,65009,65010,65011,65012,65013,65014,65015,65016]","[0.0,0.0011985522564306184,0.0,0.0,0.0,0.001981536677073496,0.0,0.0,0.0,0.0,0.0,0.0,0.0,0.0,0.0,0.0]"
small_inventory-r0.24-n1.2,small_inventory,selected,1.2,256,robustness_criteria,focal_utility_gain_fraction_0.05,0.01,fail,0.0005608974841252284,-9.20183154051791e-05,0.0012138132836556359,0.0003124999986979053,0.0022940366757714012,0,0,16,simultaneous,"[65001,65002,65003,65004,65005,65006,65007,65008,65009,65010,65011,65012,65013,65014,65015,65016]","[0.0003124999986979053,0.0015110522551285237,0.0003124999986979053,0.0003124999986979053,0.0003124999986979053,0.0022940366757714012,0.0005110677070311691,0.0003124999986979053,0.0003124999986979053,0.0005110677070311691,0.0003124999986979053,0.0005110677070311691,0.0003124999986979053,0.0005110677070311691,0.0003124999986979053,0.0003124999986979053]"
small_inventory-r0.24-n1.2,small_inventory,selected,1.2,256,robustness_criteria,focal_utility_gain_fraction_0.2,0.01,fail,0.0016473232614689845,0.0009373407310244456,0.0023573057919135235,0.0012499999947916212,0.003231536671865117,0,0,16,simultaneous,"[65001,65002,65003,65004,65005,65006,65007,65008,65009,65010,65011,65012,65013,65014,65015,65016]","[0.0012499999947916212,0.0024485522512222397,0.0012499999947916212,0.0012499999947916212,0.0012499999947916212,0.003231536671865117,0.0020442708281250463,0.0012499999947916212,0.0012499999947916212,0.0020442708281250463,0.0012499999947916212,0.0020442708281250463,0.0012499999947916212,0.0020442708281250463,0.0012499999947916212,0.0012499999947916212]"
small_inventory-r0.24-n1.2,small_inventory,selected,1.2,256,robustness_criteria,population_consumption_loss_fraction,0.05,unresolved,0.0919323848389363,0.03390754500363711,0.1499572246742355,0.023966376257709143,0.16099625838243797,0,0,16,simultaneous,"[65001,65002,65003,65004,65005,65006,65007,65008,65009,65010,65011,65012,65013,65014,65015,65016]","[0.023966376257709143,0.06593416291445664,0.08452083976342765,0.1092635954634554,0.05749227815034952,0.027501323560942075,0.10668748478336895,0.15904306945222066,0.16099625838243797,0.08525675484695869,0.16054368274974085,0.08001543764630452,0.1401592152042358,0.13631136596038337,0.03377742265963472,0.03944888962735482]"
small_inventory-r0.24-n1.2,small_inventory,selected,1.2,256,robustness_criteria,population_late_consumption_loss_fraction,0.05,pass,0.3603931782507885,0.13981090915762426,0.5809754473439527,0.09457847499802274,0.6340529994940087,0,0,16,simultaneous,"[65001,65002,65003,65004,65005,65006,65007,65008,65009,65010,65011,65012,65013,65014,65015,65016]","[0.09457847499802274,0.26365241313808546,0.3395037284866622,0.4358683711871956,0.22570142284318095,0.10839879555312941,0.42599978958081147,0.6132118514511847,0.59645872200276,0.3398695416005912,0.6340529994940087,0.32047808475783784,0.5605867875051894,0.5055991095432018,0.14475206262050974,0.15757869725024465]"
