panel,renewal_rate,need,paired_configurations,condition,consumption_per_agent_tick,depleted_patch_time_fraction,late_consumption_per_agent_tick,max_ledger_residual,max_relative_ledger_residual,max_unaffordable_known_returns,movement_steps_per_agent,shortfall_per_agent_tick,terminal_inventory_per_agent,terminal_stock_fraction,total_harvest_cost,total_movement_cost,total_waste,consumption_fraction_of_need
additive,0.24,1.2,4,restraint,1.1999999999999942,0.0,1.2000000000000015,2.798039577811551e-13,1.139256266499696e-16,0,0.3333333333333333,0.0,31.046362548403856,0.7808189131803132,164.69536124819808,0.16,0.0,0.9999999999999952
additive,0.24,1.2,4,greedy,1.1999999999999942,0.51092529296875,1.2000000000000015,2.406408405875027e-13,1.0437815407394201e-16,0,0.3333333333333333,0.0,37.57969588173725,0.5308189131803132,167.89536124819807,0.16,0.0,0.9999999999999952
additive,0.24,1.2,4,focal_greedy,1.1999999999999942,0.00701904296875,1.2000000000000015,2.738642645994105e-13,1.0021887677958786e-16,0,0.46875,0.0,31.555984225907856,0.7806890778861537,164.94629839636332,0.225,0.0,0.9999999999999952
additive,0.24,1.2,4,half_greedy,1.1111501417921845,0.13275146484375,1.1084469787756208,2.8071989177647083e-13,1.1838132350198516e-16,0,2.2291666666666665,0.08884985820781133,39.99196402620944,0.7896252607601326,157.95476750612764,1.0699999999999998,0.0,0.9259584514934871
grid,0.12,0.8,4,restraint,0.6931330234438497,0.0,0.6653614376605181,1.9387269567516796e-13,1.1432413854687014e-16,0,0.3333333333333333,0.10686697655615116,26.453333338666667,0.6707653125967201,98.8908019625921,0.16,0.0,0.8664162793048121
grid,0.12,0.8,4,greedy,0.14877537190186385,0.66766357421875,0.0333333333333333,1.0231746006006404e-13,1.1282278340830746e-16,0,110.05208333333334,0.6512246280981372,3.270022905214172,0.47417791042798735,20.35472315694269,52.82500000000004,0.0,0.1859692148773298
grid,0.12,0.8,4,focal_greedy,0.6278706876828464,0.03985595703125,0.593140354437023,1.877664690397296e-13,1.3009801361767395e-16,0,32.53125,0.17212931231715403,22.099564627580335,0.6741196339154064,88.89065420786399,15.615000000000009,0.0,0.784838359603558
grid,0.12,0.8,4,half_greedy,0.2638653095667064,0.635498046875,0.2426808801703024,1.1013065459586358e-13,1.2091252673619824e-16,0,80.0625,0.5361346904332935,7.573116570092022,0.4653066235773704,36.599454278776605,38.43000000000002,0.0,0.32983163695838297
grid,0.12,1.2,4,restraint,0.8169691341877913,0.0,0.7919213143789903,1.0925982341092322e-13,1.0620244047796112e-16,0,85.6875,0.3830308658122067,6.117521797690875,0.538053750086184,105.29405884886494,41.13000000000003,0.0,0.6808076118231594
grid,0.12,1.2,4,greedy,0.1490422644760179,0.56500244140625,0.03235273245055084,1.0590063981991138e-13,1.1437342192048614e-16,0,88.3125,1.0509577355239776,1.719613725844868,0.5506029565912195,19.415844946141448,42.39000000000003,0.0,0.12420188706334825
grid,0.12,1.2,4,focal_greedy,0.6760027661542747,0.07269287109375,0.6427468929448179,1.185648801360628e-13,1.0478206790642361e-16,0,91.5625,0.5239972338457237,5.9834014608276,0.5860642304282064,87.61046184309662,43.95000000000003,0.0,0.5633356384618956
grid,0.12,1.2,4,half_greedy,0.32245340812394757,0.5452880859375,0.3171966189393209,8.970602038971265e-14,1.0687764940523154e-16,0,80.08333333333333,0.8775465918760493,4.1849394195149365,0.4249138958901466,42.28637317514069,38.440000000000026,0.0,0.268711173436623
grid,0.12,1.6,4,restraint,0.8380839621120263,0.0,0.7969728598652116,9.230116670977395e-14,8.494782753531028e-17,0,112.33333333333333,0.7619160378879721,0.19053787467462086,0.5309903891639445,105.29960759609153,53.920000000000044,0.0,0.5238024763200164
grid,0.12,1.6,4,greedy,0.16841688832811963,0.56781005859375,0.0501214233103729,1.127986593019159e-13,1.1326846341654235e-16,0,83.1875,1.4315831116718845,1.5365701028279715,0.5381748956723016,21.70532743583343,39.93000000000002,0.0,0.10526055520507477
grid,0.12,1.6,4,focal_greedy,0.7047930189893907,0.1217041015625,0.6487875918683619,1.1752404605047673e-13,1.1433653752482563e-16,0,100.47916666666666,0.8952069810106085,2.6541920124150113,0.47868856455144065,89.67712075446487,48.23000000000003,0.0,0.4404956368683692
grid,0.12,1.6,4,half_greedy,0.3317740984513061,0.5111083984375,0.2983674717747054,8.999051503977284e-14,8.552904380519119e-17,0,76.65625,1.2682259015486959,1.0981672878289033,0.4846145812962752,41.909613791688145,36.79500000000002,0.0,0.2073588115320663
grid,0.24,0.8,4,restraint,0.8000000000000029,0.0,0.7999999999999992,3.9630798642775744e-13,1.2224303301843686e-16,0,0.3333333333333333,0.0,79.2,0.8786065905389931,138.12571428571437,0.16,0.0,1.0000000000000036
grid,0.24,0.8,4,greedy,0.2114256567062906,0.6138916015625,0.08444266783805406,1.3634579576482508e-13,1.0975981363703677e-16,0,108.65625,0.58857434329371,8.922130336927545,0.5768649594428429,30.965007405912466,52.15500000000004,0.0,0.2642820708828632
grid,0.24,0.8,4,focal_greedy,0.7966016726842998,0.0118408203125,0.7934084455777569,4.0910330678656237e-13,1.0974505648866768e-16,0,2.0,0.003398327315702969,65.23423849043617,0.856200391922974,130.8755591988325,0.96,0.0,0.9957520908553747
grid,0.24,0.8,4,half_greedy,0.40618602357932687,0.6649169921875,0.3516077987994974,1.5892842597509116e-13,1.2461114361687502e-16,0,100.96875,0.39381397642067323,23.989389574157357,0.3815967091254511,62.69014854390123,48.46500000000003,0.0,0.5077325294741586
grid,0.24,1.2,4,restraint,1.1999999999999942,0.0,1.2000000000000015,2.6748048220781584e-13,1.0544658117932042e-16,0,0.3333333333333333,0.0,30.370764630731685,0.7225664239424947,164.3644561456648,0.16,0.0,0.9999999999999952
grid,0.24,1.2,4,greedy,0.2297686764461987,0.51910400390625,0.10000000000000013,1.2469018872973692e-13,1.2119561007542087e-16,0,87.5625,0.9702313235537973,6.586906617145015,0.6670408765579706,31.914581773406706,42.03000000000003,0.0,0.19147389703849893
grid,0.24,1.2,4,focal_greedy,1.1034296242290362,0.01873779296875,1.075889526652518,2.5701663020072374e-13,1.1141866154443628e-16,0,7.645833333333333,0.09657037577095987,24.957725876108743,0.7489907673129669,149.67606188346625,3.6700000000000017,0.0,0.9195246868575302
grid,0.24,1.2,4,half_greedy,0.5378277406078809,0.57659912109375,0.5399994300183174,1.3848644453418046e-13,1.1829668548380482e-16,0,86.13541666666667,0.6621722593921169,18.669383999471286,0.37538636949362925,76.44538478126813,41.34500000000003,0.0,0.4481897838399007
grid,0.24,1.6,4,restraint,1.3491566326512974,0.0,1.324186895468678,1.9781398741258727e-13,1.168381951797518e-16,0,0.3333333333333333,0.25084336734870455,26.186666672,0.6944367943349561,181.017517370154,0.16,0.0,0.8432228954070609
grid,0.24,1.6,4,greedy,0.18026589341276864,0.56292724609375,0.01666666666666665,1.326879144752935e-13,1.2879351168243674e-16,0,96.92708333333334,1.419734106587235,0.8424036674771936,0.5288018444017463,22.98563953362249,46.525000000000034,0.0,0.11266618338298039
grid,0.24,1.6,4,focal_greedy,1.2497762235704308,0.02471923828125,1.2230128846089339,1.842137553609291e-13,1.2356873985304252e-16,0,23.78125,0.3502237764295704,23.33281773999759,0.7168753458077407,167.38832129340102,11.415000000000008,0.0,0.7811101397315192
grid,0.24,1.6,4,half_greedy,0.5843474592503541,0.5103759765625,0.5451352491867981,1.0822245877228909e-13,1.0326888284717697e-16,0,77.67708333333334,1.015652540749646,10.28419665000927,0.4344372124861524,78.08850018845713,37.285000000000025,0.0,0.3652171620314713
grid,0.36,0.8,4,restraint,0.8000000000000029,0.0,0.7999999999999992,4.1014414087214845e-13,1.198454094481438e-16,0,0.3333333333333333,0.0,79.2,0.9374710667794595,138.1257142857142,0.16,0.0,1.0000000000000036
grid,0.36,0.8,4,greedy,0.3506940044162471,0.5806884765625,0.21666666666666645,1.691043138851711e-13,9.753426642150675e-17,0,112.07291666666666,0.4493059955837533,21.1525847051617,0.716843922972437,54.45144889912864,53.79500000000004,0.0,0.43836750552030884
grid,0.36,0.8,4,focal_greedy,0.8000000000000029,0.00244140625,0.7999999999999992,4.003741782554471e-13,1.0578366224671395e-16,0,0.875,0.0,79.2,0.9361955695582397,138.13102040816318,0.42,0.0,1.0000000000000036
grid,0.36,0.8,4,half_greedy,0.7724917991225551,0.110595703125,0.7783976537386689,4.826139488045555e-13,1.164955601476141e-16,0,24.927083333333332,0.027508200877447424,69.60592410836202,0.9131598833469634,130.21830188591122,11.965000000000003,3.552713678800501e-15,0.9656147489031938
grid,0.36,1.2,4,restraint,1.1999999999999942,0.0,1.2000000000000015,4.35457225833602e-13,1.0845455183450822e-16,0,0.3333333333333333,0.0,78.8,0.893115833173401,188.08489795918467,0.16,3.552713678800501e-15,0.9999999999999952
grid,0.36,1.2,4,greedy,0.34937014570059843,0.49365234375,0.20000000000000026,1.5125574404084574e-13,1.1040142483406866e-16,0,90.90625,0.8506298542993979,13.150313565612112,0.6912923153308907,50.15862654610566,43.635000000000026,0.0,0.29114178808383206
grid,0.36,1.2,4,focal_greedy,1.1999999999999942,0.00244140625,1.2000000000000015,4.547473508864641e-13,1.0452711718879026e-16,0,0.8645833333333334,0.0,74.27390108598337,0.883818913352938,185.87323726660497,0.415,3.552713678800501e-15,0.9999999999999952
grid,0.36,1.2,4,half_greedy,1.0376354012319084,0.262939453125,1.0827831396888137,3.2363001167823313e-13,1.1703952498779609e-16,0,57.70833333333333,0.1623645987680874,57.266568246087,0.7364043506164311,157.74141924642822,27.700000000000014,0.0,0.8646961676932571
grid,0.36,1.6,4,restraint,1.6000000000000059,0.0,1.5999999999999983,3.7048142331741474e-13,7.854379395418905e-17,0,0.3333333333333333,0.0,61.60894577299172,0.7522789919977237,229.8198918071794,0.16,3.552713678800501e-15,1.0000000000000036
grid,0.36,1.6,4,greedy,0.38992484802868643,0.4725341796875,0.2666666666666664,1.4425266536832737e-13,9.172322314297221e-17,0,81.58333333333334,1.2100751519713164,13.084423687160712,0.6958218500873709,55.120090505716306,39.160000000000025,0.0,0.243703030017929
grid,0.36,1.6,4,focal_greedy,1.557075232165229,0.0042724609375,1.5437498531792921,3.643751966819764e-13,9.359650034359146e-17,0,1.375,0.042924767834776334,57.222533033871755,0.7618641985363516,222.29940855583763,0.66,0.0,0.9731720201032681
grid,0.36,1.6,4,half_greedy,1.0254658386652549,0.4134521484375,0.9636389911631724,1.8897383657900946e-13,8.304095682359673e-17,0,88.02083333333334,0.5745341613347454,27.711018271899317,0.49325684700188444,142.03625614867144,42.25000000000003,7.105427357601002e-15,0.6409161491657842
keyed_priority,0.24,1.2,4,restraint,1.1999999999999942,0.0,1.2000000000000015,2.6748048220781584e-13,1.0544658117932042e-16,0,0.3333333333333333,0.0,30.370764630731685,0.7225664239424947,164.3644561456648,0.16,0.0,0.9999999999999952
keyed_priority,0.24,1.2,4,greedy,0.25111547364504877,0.573974609375,0.1580624844735618,1.4661015457217985e-13,1.3418771873052222e-16,0,95.26041666666667,0.9488845263549475,10.8338590486006,0.4898936884824948,36.746756882481584,45.72500000000003,0.0,0.2092628947042073
keyed_priority,0.24,1.2,4,focal_greedy,1.1034296242290362,0.01873779296875,1.075889526652518,2.5701663020072374e-13,1.1141866154443628e-16,0,7.645833333333333,0.09657037577095987,24.957725876108743,0.7489907673129669,149.67606188346625,3.6700000000000017,0.0,0.9195246868575302
keyed_priority,0.24,1.2,4,half_greedy,0.5486919970495161,0.54132080078125,0.5776920258262739,1.3663375986183723e-13,1.1829668548380482e-16,0,79.95833333333334,0.6513080029504815,17.839347976149277,0.45376129228802736,77.34057104693508,38.380000000000024,0.0,0.4572433308745968
long_horizon,0.24,1.2,4,restraint,1.199747080607024,0.0,1.1989883224280933,2.8715918531929674e-13,1.0544658117932042e-16,0,0.3333333333333333,0.0002529193929766385,28.127333497407292,0.7228117846126272,313.66751286605785,0.16,0.0,0.9997892338391867
long_horizon,0.24,1.2,4,greedy,0.16488433822309922,0.415802001953125,0.09999999999999998,1.3513582614033126e-13,1.2119561007542087e-16,0,141.4375,1.0351156617768984,6.588663441716895,0.6730377183567094,44.981972871156,67.88999999999997,0.0,0.13740361518591604
long_horizon,0.24,1.2,4,focal_greedy,1.0807654000278284,0.009368896484375,1.057175956357888,2.6575963651964685e-13,1.1141866154443628e-16,0,13.729166666666668,0.11923459997217167,23.49342767432234,0.7504775711895103,281.6913775454216,6.589999999999976,0.0,0.9006378333565237
long_horizon,0.24,1.2,4,half_greedy,0.56384516858357,0.41082763671875,0.6123315289712372,2.3014923300479495e-13,1.1829668548380482e-16,0,130.47916666666666,0.6361548314164258,27.166803110054744,0.6981712643889963,155.00332053461688,62.62999999999991,0.0,0.4698709738196417
lower_stock,0.24,1.2,4,restraint,1.1950130757363644,0.0,1.1920399328121185,2.545741395465484e-13,1.061970776474865e-16,0,0.3333333333333333,0.004986924263630463,26.443015159893196,0.7225664239424946,161.81536124819812,0.16,0.0,0.9958442297803037
lower_stock,0.24,1.2,4,greedy,0.1381112728128583,0.5445556640625,0.050000000000000065,8.910201135942097e-14,7.628527926560062e-17,0,90.80208333333334,1.061888727187137,3.308698394722293,0.5865172113884894,18.847947380317127,43.58500000000003,0.0,0.11509272734404857
lower_stock,0.24,1.2,4,focal_greedy,1.0883830714372618,0.017578125,1.083226937112256,2.687711164739426e-13,8.58349955858672e-17,0,12.895833333333334,0.11161692856273436,29.736540146832212,0.7549432058572185,150.18148070274592,6.190000000000004,3.552713678800501e-15,0.9069858928643848
lower_stock,0.24,1.2,4,half_greedy,0.5135287198002446,0.48809814453125,0.5260884398149782,1.549316230864406e-13,1.0744457635108523e-16,0,75.85416666666667,0.6864712801997523,21.796211050919947,0.5145544404645712,74.82937795254682,36.410000000000025,0.0,0.4279405998335372
small_inventory,0.24,1.2,4,restraint,1.1999999999999942,0.0,1.2000000000000015,1.3772316620475067e-13,8.053338997852461e-17,0,0.3333333333333333,0.0,5.272385898788408,0.7225664239424952,152.07137268512102,0.16,2.6645352591003757e-15,0.9999999999999952
small_inventory,0.24,1.2,4,greedy,1.0931968388186786,0.1204833984375,0.7998905539575589,1.0916267889626852e-13,8.053338997852461e-17,0,21.6875,0.10680316118131662,2.445814383513673,0.33490692667360794,137.5043045491088,10.410000000000004,1.3322676295501878e-15,0.9109973656822322
small_inventory,0.24,1.2,4,focal_greedy,1.1999999999999942,0.0,1.2000000000000015,1.3225531780847177e-13,8.053338997852461e-17,0,0.3333333333333333,0.0,5.271488860989808,0.7225931022814771,152.07093331966865,0.16,3.1086244689504383e-15,0.9999999999999952
small_inventory,0.24,1.2,4,half_greedy,1.196663598850374,0.0078125,1.186786543610181,1.2398415627501436e-13,8.053338997852461e-17,0,1.6666666666666667,0.0033364011496203163,5.249698645923706,0.6849694770162431,151.6549779354881,0.8,2.220446049250313e-15,0.9972196657086451
