condition,tick,configurations,consumption_fraction_of_need,stock_fraction_of_capacity
restraint,1,4,1.0,0.9221525961403597
restraint,2,4,1.0,0.8142447225102318
restraint,3,4,1.0,0.7160895749529981
restraint,4,4,1.0,0.6570600559328644
restraint,5,4,1.0,0.6347350781793325
restraint,6,4,1.0,0.6137997300682736
restraint,7,4,1.0,0.5935859486971757
restraint,8,4,1.0,0.5743801664439304
restraint,9,4,1.0,0.561565753007718
restraint,10,4,1.0,0.5601443139431375
restraint,11,4,1.0,0.560300050417693
restraint,12,4,1.0,0.5616054232729885
restraint,13,4,1.0,0.5604693176267296
restraint,14,4,1.0,0.5605492402380018
restraint,15,4,1.0,0.5604399796776007
restraint,16,4,1.0,0.5600341690196335
restraint,17,4,1.0,0.5607810836629983
restraint,18,4,1.0,0.5603513832763467
restraint,19,4,1.0,0.5601684040414245
restraint,20,4,1.0,0.5609180106414805
restraint,21,4,1.0,0.5608611446677272
restraint,22,4,1.0,0.5601514933542999
restraint,23,4,1.0,0.5602120278320759
restraint,24,4,1.0,0.5605663474210136
restraint,25,4,1.0,0.5605833621046834
restraint,26,4,1.0,0.5604059053357869
restraint,27,4,1.0,0.5614099300111066
restraint,28,4,1.0,0.5611822922928468
restraint,29,4,1.0,0.5604129806140581
restraint,30,4,1.0,0.5601320468736419
restraint,31,4,1.0,0.5609584620617435
restraint,32,4,1.0,0.5606179120991968
restraint,33,4,1.0,0.560617328428324
restraint,34,4,1.0,0.5608134652771704
restraint,35,4,1.0,0.5611501472756915
restraint,36,4,1.0,0.5607832630401368
restraint,37,4,1.0,0.5607663623232375
restraint,38,4,1.0,0.5601215019367932
restraint,39,4,1.0,0.5605033975660144
restraint,40,4,1.0,0.5603234321072077
restraint,41,4,1.0,0.5612438918840464
restraint,42,4,1.0,0.5607359560931595
restraint,43,4,1.0,0.5602009656399072
restraint,44,4,1.0,0.5599755050826463
restraint,45,4,1.0,0.5601451640795468
restraint,46,4,1.0,0.560199560134425
restraint,47,4,1.0,0.5605379599015082
restraint,48,4,1.0,0.5606662060080916
restraint,49,4,1.0,0.5605271459648621
restraint,50,4,1.0,0.5603525579733732
restraint,51,4,1.0,0.560357131747146
restraint,52,4,1.0,0.5600567564886346
restraint,53,4,1.0,0.5604709904865552
restraint,54,4,1.0,0.5632812418790172
restraint,55,4,1.0,0.5735716539006578
restraint,56,4,1.0,0.5872997547853289
restraint,57,4,1.0,0.6012012168244231
restraint,58,4,1.0,0.6151240779578863
restraint,59,4,1.0,0.6275799409774419
restraint,60,4,1.0,0.6400217054220056
restraint,61,4,1.0,0.6509708051400042
restraint,62,4,1.0,0.6607487558193181
restraint,63,4,1.0,0.6694362165775218
restraint,64,4,1.0,0.6770023622525034
restraint,65,4,1.0,0.6834322435239942
restraint,66,4,1.0,0.6894937458558839
restraint,67,4,1.0,0.6948671971851698
restraint,68,4,1.0,0.6983705779600319
restraint,69,4,1.0,0.7016201342983075
restraint,70,4,1.0,0.7054883969436465
restraint,71,4,1.0,0.7084455006216953
restraint,72,4,1.0,0.7103191670034108
restraint,73,4,1.0,0.7121608397649188
restraint,74,4,1.0,0.7131044931159197
restraint,75,4,1.0,0.7147890298261794
restraint,76,4,1.0,0.7160663118655113
restraint,77,4,1.0,0.7165380230147385
restraint,78,4,1.0,0.7178091358372147
restraint,79,4,1.0,0.71876453386938
restraint,80,4,1.0,0.7183694990679771
restraint,81,4,1.0,0.7196913159364051
restraint,82,4,1.0,0.7203245307334383
restraint,83,4,1.0,0.7207882474358369
restraint,84,4,1.0,0.7200248939165246
restraint,85,4,1.0,0.7215071711415351
restraint,86,4,1.0,0.7208375093403943
restraint,87,4,1.0,0.721825988222518
restraint,88,4,1.0,0.7218711029720232
restraint,89,4,1.0,0.7220313089545163
restraint,90,4,1.0,0.7220922231923974
restraint,91,4,1.0,0.7219033938961367
restraint,92,4,1.0,0.722154864532482
restraint,93,4,1.0,0.7224511177927342
restraint,94,4,1.0,0.7224851692545735
restraint,95,4,1.0,0.7221427204048493
restraint,96,4,1.0,0.7213986233475278
restraint,97,4,1.0,0.7223514317478594
restraint,98,4,1.0,0.7221359559519567
restraint,99,4,1.0,0.7214249652599659
restraint,100,4,1.0,0.7215788206009202
restraint,101,4,1.0,0.7215166778497295
restraint,102,4,1.0,0.7221698169758024
restraint,103,4,1.0,0.7217776777342266
restraint,104,4,1.0,0.7210988782380814
restraint,105,4,1.0,0.7219863872692482
restraint,106,4,1.0,0.7221053978910807
restraint,107,4,1.0,0.7221648733405711
restraint,108,4,1.0,0.7215425265716049
restraint,109,4,1.0,0.7219260319067207
restraint,110,4,1.0,0.7216992793305048
restraint,111,4,1.0,0.7222512253672888
restraint,112,4,1.0,0.7221398417029326
restraint,113,4,1.0,0.7213767195204479
restraint,114,4,1.0,0.7222238887931404
restraint,115,4,1.0,0.7219592285803685
restraint,116,4,1.0,0.7219843878875858
restraint,117,4,1.0,0.7220770610697003
restraint,118,4,1.0,0.7224625193115843
restraint,119,4,1.0,0.7226745474847187
restraint,120,4,1.0,0.7228550031612477
restraint,121,4,1.0,0.722554066579199
restraint,122,4,1.0,0.7224962992267417
restraint,123,4,1.0,0.7218024852125949
restraint,124,4,1.0,0.7222494900196497
restraint,125,4,1.0,0.7220835916771818
restraint,126,4,1.0,0.7225270366611604
restraint,127,4,1.0,0.7219000110998564
restraint,128,4,1.0,0.7226030132763377
restraint,129,4,1.0,0.722203055576014
restraint,130,4,1.0,0.7222805705517954
restraint,131,4,1.0,0.721903665458597
restraint,132,4,1.0,0.7224771549580818
restraint,133,4,1.0,0.7222280881302532
restraint,134,4,1.0,0.7221037979197316
restraint,135,4,1.0,0.7218142290020739
restraint,136,4,1.0,0.72225553143448
restraint,137,4,1.0,0.7219542824773542
restraint,138,4,1.0,0.7217589932197297
restraint,139,4,1.0,0.7226874485616867
restraint,140,4,1.0,0.7217122355258536
restraint,141,4,1.0,0.7222952320657192
restraint,142,4,1.0,0.7225290389962604
restraint,143,4,1.0,0.722330611655721
restraint,144,4,1.0,0.7221870065525089
restraint,145,4,1.0,0.7224478686520015
restraint,146,4,1.0,0.7212946271846896
restraint,147,4,1.0,0.7212963025951574
restraint,148,4,1.0,0.7213777771199628
restraint,149,4,1.0,0.7224572328807983
restraint,150,4,1.0,0.7211680404820225
restraint,151,4,1.0,0.7220741418223985
restraint,152,4,1.0,0.7214884237707433
restraint,153,4,1.0,0.7215291823954529
restraint,154,4,1.0,0.7220187438174641
restraint,155,4,1.0,0.7219739833780637
restraint,156,4,1.0,0.7218298153993832
restraint,157,4,1.0,0.721939171824384
restraint,158,4,1.0,0.721920947568798
restraint,159,4,1.0,0.7216139532183498
restraint,160,4,1.0,0.7220712460192527
restraint,161,4,1.0,0.7220263068739464
restraint,162,4,1.0,0.7216635316787254
restraint,163,4,1.0,0.7219553641150419
restraint,164,4,1.0,0.7211421774071397
restraint,165,4,1.0,0.7216322750744263
restraint,166,4,1.0,0.7219462602501582
restraint,167,4,1.0,0.7226330891516902
restraint,168,4,1.0,0.7222239170674938
restraint,169,4,1.0,0.7225708127851355
restraint,170,4,1.0,0.7226573068189561
restraint,171,4,1.0,0.7225333136593829
restraint,172,4,1.0,0.7222918099028826
restraint,173,4,1.0,0.7218999882700319
restraint,174,4,1.0,0.722350423287263
restraint,175,4,1.0,0.7225665735817564
restraint,176,4,1.0,0.7226161730541777
restraint,177,4,1.0,0.7220710722963797
restraint,178,4,1.0,0.7220370038578583
restraint,179,4,1.0,0.7216505509309897
restraint,180,4,1.0,0.721311836413522
restraint,181,4,1.0,0.7211077671386634
restraint,182,4,1.0,0.7208477279074541
restraint,183,4,1.0,0.7213252640132329
restraint,184,4,1.0,0.7223310962779894
restraint,185,4,1.0,0.7216212091023045
restraint,186,4,1.0,0.7215776718653456
restraint,187,4,1.0,0.7216971198567039
restraint,188,4,1.0,0.721664827627537
restraint,189,4,1.0,0.7228201463871102
restraint,190,4,1.0,0.7222474875811893
restraint,191,4,1.0,0.7217875786310143
restraint,192,4,1.0,0.7224151123733857
restraint,193,4,1.0,0.7218310226422384
restraint,194,4,1.0,0.7221447288812073
restraint,195,4,1.0,0.7220397823662632
restraint,196,4,1.0,0.722167713582178
restraint,197,4,1.0,0.7216778670985932
restraint,198,4,1.0,0.7214543261856681
restraint,199,4,1.0,0.7216492246431708
restraint,200,4,1.0,0.7221230381645294
restraint,201,4,1.0,0.7223296830970358
restraint,202,4,1.0,0.7220055659234038
restraint,203,4,1.0,0.7215230010082072
restraint,204,4,1.0,0.7224660694841758
restraint,205,4,1.0,0.7222121667392365
restraint,206,4,1.0,0.7215317133013067
restraint,207,4,1.0,0.7227747138743017
restraint,208,4,1.0,0.7222361765218566
restraint,209,4,1.0,0.7221061665852475
restraint,210,4,1.0,0.7219807260334974
restraint,211,4,1.0,0.7222239103671151
restraint,212,4,1.0,0.7219734661425133
restraint,213,4,1.0,0.7215746035693291
restraint,214,4,1.0,0.7221022082716843
restraint,215,4,1.0,0.7217613572222548
restraint,216,4,1.0,0.7221472104003074
restraint,217,4,1.0,0.7219074681137025
restraint,218,4,1.0,0.7220611067988513
restraint,219,4,1.0,0.7226902497954065
restraint,220,4,1.0,0.722221927003812
restraint,221,4,1.0,0.7218429195996416
restraint,222,4,1.0,0.7221738960602826
restraint,223,4,1.0,0.7224272894839093
restraint,224,4,1.0,0.7222410670477621
restraint,225,4,1.0,0.7223203873496951
restraint,226,4,1.0,0.722611417851982
restraint,227,4,1.0,0.7216579824690886
restraint,228,4,1.0,0.7226967528845764
restraint,229,4,1.0,0.7223394364172594
restraint,230,4,1.0,0.7222105447601216
restraint,231,4,1.0,0.7223468970849225
restraint,232,4,1.0,0.7220134377861325
restraint,233,4,1.0,0.7228965095314265
restraint,234,4,1.0,0.7218270495447081
restraint,235,4,1.0,0.7226478490955133
restraint,236,4,1.0,0.7229377434197588
restraint,237,4,1.0,0.7223275050013378
restraint,238,4,1.0,0.7230075441493579
restraint,239,4,1.0,0.722096224357496
restraint,240,4,1.0,0.722713923286247
restraint,241,4,1.0,0.7228338942965867
restraint,242,4,1.0,0.7224510412163418
restraint,243,4,1.0,0.7227807379481417
restraint,244,4,1.0,0.7222759697788699
restraint,245,4,1.0,0.7225525297662269
restraint,246,4,1.0,0.7223489528166361
restraint,247,4,1.0,0.7222757102635421
restraint,248,4,1.0,0.7224043719175419
restraint,249,4,1.0,0.7228237436672295
restraint,250,4,1.0,0.7217781133892957
restraint,251,4,1.0,0.7216847926033054
restraint,252,4,1.0,0.7220599277801472
restraint,253,4,1.0,0.7217009821566824
restraint,254,4,1.0,0.7214137944159608
restraint,255,4,1.0,0.7223252667348034
restraint,256,4,1.0,0.7225664239424947
greedy,1,4,1.0,0.9221525961403597
greedy,2,4,1.0,0.8142447225102318
greedy,3,4,1.0,0.7160895749529981
greedy,4,4,1.0,0.6214016709962074
greedy,5,4,1.0,0.5238090959194608
greedy,6,4,1.0,0.4175759859675289
greedy,7,4,1.0,0.3140248514899371
greedy,8,4,1.0,0.29451841321722094
greedy,9,4,1.0,0.2752925193321397
greedy,10,4,1.0,0.2554739509198988
greedy,11,4,1.0,0.2031254059583761
greedy,12,4,1.0,0.1480995770064453
greedy,13,4,1.0,0.07267588153738741
greedy,14,4,1.0,0.039816430962271825
greedy,15,4,1.0,0.023756473779588956
greedy,16,4,1.0,0.0182212101989939
greedy,17,4,1.0,0.014327032334312918
greedy,18,4,1.0,0.01341192548617727
greedy,19,4,1.0,0.01202968853942705
greedy,20,4,1.0,0.012281777178948704
greedy,21,4,0.9759734220026935,0.011076143132290226
greedy,22,4,0.9361844541546239,0.014111322311166515
greedy,23,4,0.897899100087634,0.012035006851815053
greedy,24,4,0.8595802192197212,0.012865250011605408
greedy,25,4,0.798765027238477,0.012554705762087452
greedy,26,4,0.7652437518717762,0.012813111542192172
greedy,27,4,0.6793640458425768,0.011845318595170889
greedy,28,4,0.6687113880777922,0.011779270998469907
greedy,29,4,0.6535469086598055,0.012349867525761107
greedy,30,4,0.5478876822245615,0.011828633901874417
greedy,31,4,0.5000663781696989,0.012884722695130869
greedy,32,4,0.46432443960557074,0.013639298486033822
greedy,33,4,0.42916372163398864,0.014289002624062215
greedy,34,4,0.3740955972822616,0.01750358065229657
greedy,35,4,0.35309066988266385,0.018473099897841315
greedy,36,4,0.34529477019219346,0.018488971328652105
greedy,37,4,0.36521670142800305,0.019972367394051685
greedy,38,4,0.3639427106750282,0.020970256314946145
greedy,39,4,0.36442694209814697,0.022485655612110276
greedy,40,4,0.35621154372773806,0.02495104443339182
greedy,41,4,0.3500529094257694,0.02766126021939841
greedy,42,4,0.3353047119433974,0.03252918205171872
greedy,43,4,0.3141701587197162,0.03564457557016238
greedy,44,4,0.27185924847285575,0.03794827768333217
greedy,45,4,0.2254499492722405,0.03909934010177697
greedy,46,4,0.1962748606131017,0.04189230681251946
greedy,47,4,0.18885917006210168,0.04357761268332267
greedy,48,4,0.2092013472621078,0.04382423614078194
greedy,49,4,0.1775737677083888,0.04401942580796241
greedy,50,4,0.153747421405278,0.047758231061763995
greedy,51,4,0.12069936770945103,0.053635786171416996
greedy,52,4,0.11347199941690944,0.06035715438800143
greedy,53,4,0.11820147988624882,0.06196063427760924
greedy,54,4,0.09837397409344387,0.06363846243729862
greedy,55,4,0.09465298798828478,0.06671348473216374
greedy,56,4,0.07279472174108673,0.07198880639822311
greedy,57,4,0.06380678760868293,0.07802026669766307
greedy,58,4,0.0857068160392443,0.08171534180796033
greedy,59,4,0.08578137895710519,0.08509843727168011
greedy,60,4,0.0658825245164535,0.08985605429303145
greedy,61,4,0.0625,0.09500138613125447
greedy,62,4,0.07521442972102814,0.09923690048818892
greedy,63,4,0.0734929026813261,0.10363205939216688
greedy,64,4,0.08202164916512811,0.10833810299581766
greedy,65,4,0.048024783405707726,0.11447955098315497
greedy,66,4,0.04440480131929388,0.11995023358006575
greedy,67,4,0.05498076049580276,0.1250242822251441
greedy,68,4,0.04135626500087411,0.1308507824949407
greedy,69,4,0.043114368239607584,0.13728979208073622
greedy,70,4,0.046379209452234754,0.14480961482631577
greedy,71,4,0.04166666666666667,0.15133705201386774
greedy,72,4,0.054135850067419465,0.1558273787412169
greedy,73,4,0.06438692265482622,0.160560839446973
greedy,74,4,0.0626729940166073,0.1655544835539951
greedy,75,4,0.06532798702825297,0.17066567848057895
greedy,76,4,0.052309713788963506,0.17721568585546213
greedy,77,4,0.05338981881608547,0.18496812704562082
greedy,78,4,0.0527390853656777,0.19374348498579505
greedy,79,4,0.05855076803103493,0.20287431444513826
greedy,80,4,0.06389873308709411,0.21045218010326727
greedy,81,4,0.06316450280024215,0.22014050099730909
greedy,82,4,0.056296623730858,0.23023373514763532
greedy,83,4,0.05030986328953409,0.2411018128916388
greedy,84,4,0.04236005908287552,0.2518045708391007
greedy,85,4,0.042914546586212694,0.26346484376028884
greedy,86,4,0.042452442734427144,0.27186958956208074
greedy,87,4,0.04334272070272334,0.2788080267119374
greedy,88,4,0.05267906243485688,0.28772446120509365
greedy,89,4,0.05208333333333334,0.2954145012514274
greedy,90,4,0.05279515651073063,0.30321675639441115
greedy,91,4,0.05287197658676016,0.3121803779317139
greedy,92,4,0.05228480241600739,0.3207533831493472
greedy,93,4,0.05270426202088483,0.3291280183095483
greedy,94,4,0.05208333333333334,0.33752310232389476
greedy,95,4,0.05275362091190347,0.34592624383630244
greedy,96,4,0.0632560768029478,0.3536336630795264
greedy,97,4,0.05483759195813459,0.35865809835634804
greedy,98,4,0.05280914043967189,0.3634496907142181
greedy,99,4,0.05208333333333334,0.3675788300814035
greedy,100,4,0.05267490039072087,0.37067239096201265
greedy,101,4,0.05370770344703645,0.3770073567155855
greedy,102,4,0.05265272883698632,0.3847283320959504
greedy,103,4,0.05277088085310483,0.39344237463026066
greedy,104,4,0.05208333333333334,0.4020876562893303
greedy,105,4,0.05272185010985689,0.4106575656110918
greedy,106,4,0.053419125204167986,0.419316897872793
greedy,107,4,0.05270959995441808,0.42555218824164964
greedy,108,4,0.05280291811911321,0.4322141493091392
greedy,109,4,0.05208333333333334,0.43817637689791894
greedy,110,4,0.052630884704112084,0.44428743475611115
greedy,111,4,0.05363505030448358,0.4505253620606694
greedy,112,4,0.05208333333333334,0.4571650103338512
greedy,113,4,0.052707693835054296,0.4632206041560526
greedy,114,4,0.05208333333333334,0.4692838056885368
greedy,115,4,0.0526984424004256,0.4752075065951409
greedy,116,4,0.05276208448699568,0.4809742798991163
greedy,117,4,0.05208333333333334,0.4861422654652508
greedy,118,4,0.052842031067819976,0.490739842849254
greedy,119,4,0.05208333333333334,0.4951504387815717
greedy,120,4,0.05208333333333334,0.4977892951436815
greedy,121,4,0.05276391012227229,0.4998021025593337
greedy,122,4,0.0625,0.5003870642565722
greedy,123,4,0.0625,0.5006355411566173
greedy,124,4,0.0625,0.5007112087311228
greedy,125,4,0.0625,0.5024706220039152
greedy,126,4,0.06322212063396246,0.5048323575798321
greedy,127,4,0.0625,0.5079522968521335
greedy,128,4,0.0625,0.5117728720165248
greedy,129,4,0.0625,0.5143295886614505
greedy,130,4,0.07291666666666667,0.5136873777634807
greedy,131,4,0.07291666666666667,0.5129077399062263
greedy,132,4,0.07291666666666667,0.5123654840424091
greedy,133,4,0.07291666666666667,0.5124593841059146
greedy,134,4,0.07291666666666667,0.5120879496173406
greedy,135,4,0.07291666666666667,0.5112495136540013
greedy,136,4,0.07291666666666667,0.51271661673708
greedy,137,4,0.07291666666666667,0.5125085709556205
greedy,138,4,0.07291666666666667,0.5125231766819186
greedy,139,4,0.07291666666666667,0.5118925929201118
greedy,140,4,0.07291666666666667,0.5130151136469877
greedy,141,4,0.07291666666666667,0.5137908971643016
greedy,142,4,0.07291666666666667,0.5158164245265804
greedy,143,4,0.07291666666666667,0.517973241358221
greedy,144,4,0.07291666666666667,0.5187023195794744
greedy,145,4,0.07291666666666667,0.5194517412808906
greedy,146,4,0.07291666666666667,0.5199099595298724
greedy,147,4,0.07291666666666667,0.5204878900442478
greedy,148,4,0.07291666666666667,0.522269443914163
greedy,149,4,0.07291666666666667,0.5244866684322584
greedy,150,4,0.07291666666666667,0.5259024931013156
greedy,151,4,0.07291666666666667,0.5277981641767211
greedy,152,4,0.0649960140990989,0.5284618092496435
greedy,153,4,0.0625,0.5296874013709206
greedy,154,4,0.07291666666666667,0.5316105356885615
greedy,155,4,0.08333333333333334,0.5335438107618169
greedy,156,4,0.0750396269145114,0.5370159947622543
greedy,157,4,0.07291666666666667,0.5408245484774652
greedy,158,4,0.07317705043565238,0.5444861980069653
greedy,159,4,0.07291666666666667,0.54649450016982
greedy,160,4,0.07291666666666667,0.5485634830236902
greedy,161,4,0.07291666666666667,0.5502919218591913
greedy,162,4,0.07291666666666667,0.5521252679891777
greedy,163,4,0.07354447767341546,0.5534506711661041
greedy,164,4,0.07291666666666667,0.5532488623093318
greedy,165,4,0.07291666666666667,0.553519443742406
greedy,166,4,0.07291666666666667,0.5545024026765001
greedy,167,4,0.08333333333333334,0.5546568152691743
greedy,168,4,0.08333333333333334,0.5549112258548278
greedy,169,4,0.08333333333333334,0.5550323970890559
greedy,170,4,0.08333333333333334,0.555190122453584
greedy,171,4,0.08333333333333334,0.5557804529647566
greedy,172,4,0.08333333333333334,0.556875360608516
greedy,173,4,0.08333333333333334,0.5591246308076538
greedy,174,4,0.08333333333333334,0.5630522406838772
greedy,175,4,0.08333333333333334,0.5668452635317158
greedy,176,4,0.08333333333333334,0.5708238658072773
greedy,177,4,0.08333333333333334,0.5748827445491972
greedy,178,4,0.08333333333333334,0.5790126605401947
greedy,179,4,0.08333333333333334,0.5816956839643597
greedy,180,4,0.08333333333333334,0.5845428454498294
greedy,181,4,0.08333333333333334,0.5871959114476686
greedy,182,4,0.08333333333333334,0.589888859044303
greedy,183,4,0.08333333333333334,0.5919754685723897
greedy,184,4,0.08333333333333334,0.5941435072345806
greedy,185,4,0.08333333333333334,0.5965289008271872
greedy,186,4,0.08333333333333334,0.5999910032019244
greedy,187,4,0.08333333333333334,0.603030512596517
greedy,188,4,0.08333333333333334,0.6059415667445975
greedy,189,4,0.08333333333333334,0.6088030863578229
greedy,190,4,0.08333333333333334,0.6113711097266277
greedy,191,4,0.08333333333333334,0.613671706790254
greedy,192,4,0.08333333333333334,0.6158473415343148
greedy,193,4,0.08333333333333334,0.6179980843405725
greedy,194,4,0.08333333333333334,0.6201019124826024
greedy,195,4,0.08333333333333334,0.6221167191511656
greedy,196,4,0.08333333333333334,0.6240539989855077
greedy,197,4,0.08333333333333334,0.6260301629280383
greedy,198,4,0.08333333333333334,0.6288773894851282
greedy,199,4,0.08333333333333334,0.631759100674844
greedy,200,4,0.08333333333333334,0.6337459229154343
greedy,201,4,0.08333333333333334,0.6363967797650985
greedy,202,4,0.08333333333333334,0.6391670118017443
greedy,203,4,0.08333333333333334,0.6413262375298504
greedy,204,4,0.08333333333333334,0.6435171384162129
greedy,205,4,0.08333333333333334,0.6456139417373004
greedy,206,4,0.08333333333333334,0.6473521641429345
greedy,207,4,0.08333333333333334,0.6490959746733621
greedy,208,4,0.08333333333333334,0.6505310162050678
greedy,209,4,0.08333333333333334,0.6506828027719659
greedy,210,4,0.08333333333333334,0.6507620227106442
greedy,211,4,0.08333333333333334,0.6510240290655991
greedy,212,4,0.08333333333333334,0.6511379498488158
greedy,213,4,0.08333333333333334,0.6513501801117606
greedy,214,4,0.08333333333333334,0.6516369795394313
greedy,215,4,0.08333333333333334,0.6516683702564333
greedy,216,4,0.08333333333333334,0.651602286136257
greedy,217,4,0.08333333333333334,0.6515248605926911
greedy,218,4,0.08333333333333334,0.6517089467194713
greedy,219,4,0.08333333333333334,0.6516666313274662
greedy,220,4,0.08333333333333334,0.6516714223958738
greedy,221,4,0.08333333333333334,0.6516279387622602
greedy,222,4,0.08333333333333334,0.6515929736636271
greedy,223,4,0.08333333333333334,0.6517378343382347
greedy,224,4,0.08333333333333334,0.6516469807076823
greedy,225,4,0.08333333333333334,0.6515202145853758
greedy,226,4,0.08333333333333334,0.6511385528957042
greedy,227,4,0.08333333333333334,0.6512587900318354
greedy,228,4,0.08333333333333334,0.652360717283132
greedy,229,4,0.08333333333333334,0.653079562709329
greedy,230,4,0.08333333333333334,0.6539673184051048
greedy,231,4,0.08333333333333334,0.6549472908650579
greedy,232,4,0.08333333333333334,0.6554856962387079
greedy,233,4,0.08333333333333334,0.6563035112418985
greedy,234,4,0.08333333333333334,0.6557419850480332
greedy,235,4,0.08333333333333334,0.6552378682834271
greedy,236,4,0.08333333333333334,0.6550792473401121
greedy,237,4,0.08333333333333334,0.6546453806514732
greedy,238,4,0.08333333333333334,0.6548735975275088
greedy,239,4,0.08333333333333334,0.6554612173370274
greedy,240,4,0.08333333333333334,0.6561274003309334
greedy,241,4,0.08333333333333334,0.6566882518758757
greedy,242,4,0.08333333333333334,0.6570746444219511
greedy,243,4,0.08333333333333334,0.6575187330356356
greedy,244,4,0.08333333333333334,0.6580956592347387
greedy,245,4,0.08333333333333334,0.6586691187472495
greedy,246,4,0.08333333333333334,0.6590240744104028
greedy,247,4,0.08333333333333334,0.6595982257308277
greedy,248,4,0.08333333333333334,0.6602960462796599
greedy,249,4,0.08333333333333334,0.6609956504880017
greedy,250,4,0.08333333333333334,0.6615632317792669
greedy,251,4,0.08333333333333334,0.662432481121345
greedy,252,4,0.08333333333333334,0.6634101473635377
greedy,253,4,0.08333333333333334,0.6642572856328943
greedy,254,4,0.08333333333333334,0.6651461041614679
greedy,255,4,0.08333333333333334,0.6660367561179767
greedy,256,4,0.08333333333333334,0.6670408765579706
focal_greedy,1,4,1.0,0.9221525961403597
focal_greedy,2,4,1.0,0.8142447225102318
focal_greedy,3,4,1.0,0.7160895749529981
focal_greedy,4,4,1.0,0.6553330036750216
focal_greedy,5,4,1.0,0.6310328135881005
focal_greedy,6,4,1.0,0.6079416629811032
focal_greedy,7,4,1.0,0.5856591475882647
focal_greedy,8,4,1.0,0.563904849553444
focal_greedy,9,4,1.0,0.5484204645143298
focal_greedy,10,4,1.0,0.5436329701128374
focal_greedy,11,4,1.0,0.5396974405279473
focal_greedy,12,4,1.0,0.5361187106046351
focal_greedy,13,4,1.0,0.5316525815011187
focal_greedy,14,4,1.0,0.530822407947358
focal_greedy,15,4,1.0,0.5297971036810705
focal_greedy,16,4,1.0,0.5283722047843481
focal_greedy,17,4,1.0,0.5279792500006153
focal_greedy,18,4,1.0,0.5262074893568586
focal_greedy,19,4,1.0,0.5243145281408301
focal_greedy,20,4,0.9940933595988595,0.5228760408015254
focal_greedy,21,4,0.9895833333333334,0.5203260852404485
focal_greedy,22,4,0.9895833333333334,0.5176613986007359
focal_greedy,23,4,0.9895833333333334,0.5154343493077327
focal_greedy,24,4,0.9895833333333334,0.5132313723976331
focal_greedy,25,4,0.9856394438688405,0.5093692386153447
focal_greedy,26,4,0.9791666666666667,0.5051469712352378
focal_greedy,27,4,0.9791666666666667,0.5035094985388909
focal_greedy,28,4,0.9791666666666667,0.5008476133884378
focal_greedy,29,4,0.9791666666666667,0.49832926200898703
focal_greedy,30,4,0.9791666666666667,0.4981532872089931
focal_greedy,31,4,0.9761667878524374,0.4987418696828854
focal_greedy,32,4,0.9735810476076177,0.49694514819109903
focal_greedy,33,4,0.9721468169018166,0.4973945472015828
focal_greedy,34,4,0.9725828888909781,0.4986929385572984
focal_greedy,35,4,0.9620195321960103,0.4971679105959264
focal_greedy,36,4,0.9622637016769768,0.49578030643481497
focal_greedy,37,4,0.9614095237591176,0.4952938632827693
focal_greedy,38,4,0.96206113480961,0.49492274547229165
focal_greedy,39,4,0.9612516756457015,0.495627576999112
focal_greedy,40,4,0.9621095266991755,0.49620199707674256
focal_greedy,41,4,0.9570967529855576,0.49864260442122305
focal_greedy,42,4,0.9585590930168874,0.498826447146974
focal_greedy,43,4,0.9589784253621342,0.500319155325875
focal_greedy,44,4,0.9573203546540203,0.5010276510122699
focal_greedy,45,4,0.9507164575645619,0.5021315013146964
focal_greedy,46,4,0.9398501019850847,0.5023584787262938
focal_greedy,47,4,0.9268990949392028,0.5043239289599236
focal_greedy,48,4,0.9281229925420964,0.5058856501464944
focal_greedy,49,4,0.9484863133625059,0.503752492332662
focal_greedy,50,4,0.9339568348095102,0.5042672619546084
focal_greedy,51,4,0.9177262785499062,0.5042641430307507
focal_greedy,52,4,0.9421455065997866,0.5029661981566568
focal_greedy,53,4,0.9195203072022688,0.5053586370845642
focal_greedy,54,4,0.9161065530867543,0.5097818737159756
focal_greedy,55,4,0.9461865303147237,0.5174436391744172
focal_greedy,56,4,0.9263193586122721,0.5300539581375792
focal_greedy,57,4,0.9224742331386859,0.5428898616265864
focal_greedy,58,4,0.9635535876135208,0.5497719947728852
focal_greedy,59,4,0.9453606824644887,0.5594714456433242
focal_greedy,60,4,0.9330287790147465,0.5705580455666042
focal_greedy,61,4,0.9611554471313294,0.5773370896924854
focal_greedy,62,4,0.95576027058397,0.5856854653989615
focal_greedy,63,4,0.942104508877664,0.59336449895506
focal_greedy,64,4,0.9355072314061897,0.6000837379098052
focal_greedy,65,4,0.9142299306328157,0.6068091260626591
focal_greedy,66,4,0.9141762042681798,0.6138179112572336
focal_greedy,67,4,0.9556444143841579,0.6180888429867321
focal_greedy,68,4,0.9502375962924394,0.6223307586556506
focal_greedy,69,4,0.9092768681784629,0.6283103322059967
focal_greedy,70,4,0.8997441469107132,0.6338615755521841
focal_greedy,71,4,0.9437231896355891,0.6363093501867518
focal_greedy,72,4,0.9048837283339655,0.6414987302679365
focal_greedy,73,4,0.8891292297574718,0.6462197682905299
focal_greedy,74,4,0.9455681216977136,0.6480646449973506
focal_greedy,75,4,0.9391905665701382,0.6529711592392708
focal_greedy,76,4,0.9180688120620051,0.6565085115339476
focal_greedy,77,4,0.921133663622538,0.6599905586457668
focal_greedy,78,4,0.8828828191254141,0.6656528932139333
focal_greedy,79,4,0.880800438200146,0.6715655790111829
focal_greedy,80,4,0.9158028082462385,0.672340161547466
focal_greedy,81,4,0.8796336313564241,0.6764396796436485
focal_greedy,82,4,0.8805080169854744,0.67962292476483
focal_greedy,83,4,0.9363648378594214,0.6808012886305774
focal_greedy,84,4,0.9150452003028313,0.684372861455446
focal_greedy,85,4,0.8962447112995955,0.6895644077017179
focal_greedy,86,4,0.9417063965186235,0.689932713771789
focal_greedy,87,4,0.9375201037632451,0.6940119071357648
focal_greedy,88,4,0.8942499367778989,0.6979062121653562
focal_greedy,89,4,0.892531933850785,0.7017296740937038
focal_greedy,90,4,0.9309569789297153,0.7026420632747649
focal_greedy,91,4,0.9053741073871826,0.7056548453905889
focal_greedy,92,4,0.8881702578078272,0.7090076472828625
focal_greedy,93,4,0.9317585471217303,0.7098732511874727
focal_greedy,94,4,0.9099519424576277,0.7126406611817192
focal_greedy,95,4,0.8912431462954034,0.7149004737071384
focal_greedy,96,4,0.9403609531633921,0.7139682958334083
focal_greedy,97,4,0.9052471531013908,0.7175880685360412
focal_greedy,98,4,0.8945053728618533,0.7196121096214225
focal_greedy,99,4,0.9310003038732323,0.7184422721701449
focal_greedy,100,4,0.9065796276396908,0.720708283551075
focal_greedy,101,4,0.8936784143901458,0.7224944104324127
focal_greedy,102,4,0.9312502441096342,0.7226433818469876
focal_greedy,103,4,0.9066112826753772,0.724775091493276
focal_greedy,104,4,0.8943397239427864,0.7257814632959043
focal_greedy,105,4,0.9250420837856094,0.7259097385093513
focal_greedy,106,4,0.929662213416413,0.7271152297292076
focal_greedy,107,4,0.8942621940094078,0.7289969159798527
focal_greedy,108,4,0.8908403833579408,0.7301391817333515
focal_greedy,109,4,0.9318965895477671,0.7296188647830336
focal_greedy,110,4,0.9097139919503875,0.7316508464098539
focal_greedy,111,4,0.8895194255600037,0.7340022845296406
focal_greedy,112,4,0.9324692927827799,0.7332828849137487
focal_greedy,113,4,0.9109717504773124,0.7337619661922279
focal_greedy,114,4,0.8850940997387832,0.7362143458863462
focal_greedy,115,4,0.9293283197506241,0.7347350052591118
focal_greedy,116,4,0.9179686871063226,0.7354999299221859
focal_greedy,117,4,0.8893390177511415,0.7367742365167549
focal_greedy,118,4,0.8919713987942683,0.7387572331473309
focal_greedy,119,4,0.9306865502289741,0.7373177599791936
focal_greedy,120,4,0.9061522179613147,0.7385591975837487
focal_greedy,121,4,0.8921908969642892,0.7394093623141947
focal_greedy,122,4,0.9284460259323088,0.7376638041220152
focal_greedy,123,4,0.9100324506886414,0.7389683022445483
focal_greedy,124,4,0.8893824760543,0.7406207983420775
focal_greedy,125,4,0.9297609288524769,0.7392385102906972
focal_greedy,126,4,0.9192175045682702,0.7406710387167063
focal_greedy,127,4,0.8871699143318248,0.741816700493326
focal_greedy,128,4,0.8826521230049931,0.744306379391627
focal_greedy,129,4,0.9311422192037766,0.7434204398497917
focal_greedy,130,4,0.9272641812296563,0.743959276727751
focal_greedy,131,4,0.9110130557061217,0.744256433193921
focal_greedy,132,4,0.9004811268975832,0.7452010667481078
focal_greedy,133,4,0.8803292361567975,0.7466501782931866
focal_greedy,134,4,0.88399186975348,0.7473867757860388
focal_greedy,135,4,0.9145313127184785,0.7458744479223816
focal_greedy,136,4,0.9115035844674612,0.746546659630291
focal_greedy,137,4,0.8800270619216038,0.7478268424014055
focal_greedy,138,4,0.8771799893942306,0.748707079464182
focal_greedy,139,4,0.9204024960470859,0.7479010830205963
focal_greedy,140,4,0.8970992039387562,0.748084534725461
focal_greedy,141,4,0.8842175200835689,0.7498392372731428
focal_greedy,142,4,0.9203652784063296,0.748179315420685
focal_greedy,143,4,0.922486163629142,0.7481458087408804
focal_greedy,144,4,0.901939490661327,0.7484064741006975
focal_greedy,145,4,0.8814237447487457,0.7496301417082561
focal_greedy,146,4,0.8806160476508704,0.7496715154858697
focal_greedy,147,4,0.913915893182524,0.7480423183601889
focal_greedy,148,4,0.9155018852961683,0.7478415981208454
focal_greedy,149,4,0.9052265851787764,0.7486950401420038
focal_greedy,150,4,0.9051817217371924,0.747647849315676
focal_greedy,151,4,0.8798627403607179,0.7491078001122659
focal_greedy,152,4,0.8807187488358135,0.7493068781596068
focal_greedy,153,4,0.9218938131780144,0.7478986637788805
focal_greedy,154,4,0.8961738101814799,0.7493196622210094
focal_greedy,155,4,0.8824984138574611,0.7501012587177771
focal_greedy,156,4,0.9220329685021131,0.7484095648306505
focal_greedy,157,4,0.9208893700443219,0.7484225722840675
focal_greedy,158,4,0.900963391005374,0.7481425582327969
focal_greedy,159,4,0.9016370249271025,0.7481408972350263
focal_greedy,160,4,0.8829563331268917,0.7490804983649526
focal_greedy,161,4,0.8774035439571287,0.75031830822786
focal_greedy,162,4,0.9189131078511423,0.7482380653570784
focal_greedy,163,4,0.8896655330565688,0.7488721356814112
focal_greedy,164,4,0.8775826816959643,0.7497357710881685
focal_greedy,165,4,0.9176554146907357,0.7482101927006859
focal_greedy,166,4,0.9220318281414347,0.7480568645774989
focal_greedy,167,4,0.8753085819585572,0.7499433296840228
focal_greedy,168,4,0.8791445958510347,0.7508648880326472
focal_greedy,169,4,0.9199639794298196,0.7493713744575466
focal_greedy,170,4,0.8936111382684456,0.7501140492774945
focal_greedy,171,4,0.8779643961974031,0.7508856601383556
focal_greedy,172,4,0.9204309054412394,0.7484825495486422
focal_greedy,173,4,0.8943001037040387,0.749315966370367
focal_greedy,174,4,0.8828224246947982,0.7501822581912705
focal_greedy,175,4,0.9209520507236789,0.7489487269308754
focal_greedy,176,4,0.8967862306453165,0.7496107773986005
focal_greedy,177,4,0.8846622279412438,0.749780912333216
focal_greedy,178,4,0.9150919740848787,0.7483190852918764
focal_greedy,179,4,0.8910621514470662,0.7491924644215952
focal_greedy,180,4,0.8793691260645095,0.7497541215194905
focal_greedy,181,4,0.919854408706348,0.7479026182795375
focal_greedy,182,4,0.9143833791720687,0.7478572950500503
focal_greedy,183,4,0.875177394367651,0.7491937787343554
focal_greedy,184,4,0.8772243663267789,0.7502841180305646
focal_greedy,185,4,0.9207172864277495,0.7483434008962001
focal_greedy,186,4,0.8899054978019281,0.7490815652165972
focal_greedy,187,4,0.8778769875110491,0.7502095838891761
focal_greedy,188,4,0.9261232530724672,0.7479417124467393
focal_greedy,189,4,0.8929557862312796,0.7500984414438079
focal_greedy,190,4,0.8841476670280116,0.7502643139780041
focal_greedy,191,4,0.9198049063248313,0.7484832253198873
focal_greedy,192,4,0.9196621688864385,0.7486575529792023
focal_greedy,193,4,0.9021454923401211,0.7478398924458942
focal_greedy,194,4,0.8774267693738347,0.7495155779770519
focal_greedy,195,4,0.8852088584183332,0.750345299819455
focal_greedy,196,4,0.9193690484045337,0.7483987923835174
focal_greedy,197,4,0.9000661995686298,0.7487944912860072
focal_greedy,198,4,0.8787237796953558,0.7498518590039155
focal_greedy,199,4,0.9204540689331127,0.748300151539034
focal_greedy,200,4,0.8960732707844495,0.749382252850715
focal_greedy,201,4,0.8832621575796329,0.7505056445700282
focal_greedy,202,4,0.9252877350032164,0.7484574395510397
focal_greedy,203,4,0.9192590976722889,0.7479620332506074
focal_greedy,204,4,0.8800139001474677,0.7495739233466345
focal_greedy,205,4,0.8817854187721859,0.7502213786170289
focal_greedy,206,4,0.9143351650135902,0.748196745861682
focal_greedy,207,4,0.8890527153633474,0.7497726988153616
focal_greedy,208,4,0.8809051695724122,0.7503532072285495
focal_greedy,209,4,0.9179841038391969,0.7484728041439703
focal_greedy,210,4,0.9194055233322896,0.7483462268598204
focal_greedy,211,4,0.9021331653262041,0.7487011072411469
focal_greedy,212,4,0.8802553524864813,0.7493102275378811
focal_greedy,213,4,0.8759902698853209,0.7499993394114206
focal_greedy,214,4,0.9179985320991689,0.7485578467932461
focal_greedy,215,4,0.915177586907393,0.7484226769946288
focal_greedy,216,4,0.8764971556240416,0.7493079741337136
focal_greedy,217,4,0.8797502190228487,0.7501775530957988
focal_greedy,218,4,0.9234280093391511,0.7485214979780542
focal_greedy,219,4,0.8915709327290509,0.7501470398056023
focal_greedy,220,4,0.8813159888581812,0.7502918491268861
focal_greedy,221,4,0.9178467246125803,0.7482602212090324
focal_greedy,222,4,0.893568756123585,0.7491464762523461
focal_greedy,223,4,0.8769478658965469,0.7503968520076943
focal_greedy,224,4,0.925171928511667,0.748426319085517
focal_greedy,225,4,0.9109086895762346,0.7484361608755075
focal_greedy,226,4,0.9000499808264455,0.74894482073554
focal_greedy,227,4,0.878151623935626,0.7489506251733032
focal_greedy,228,4,0.8751702809579494,0.7508465786199989
focal_greedy,229,4,0.9224953919698059,0.7486259964102113
focal_greedy,230,4,0.909763796774056,0.7486150546511516
focal_greedy,231,4,0.8785353986846537,0.749455061275139
focal_greedy,232,4,0.8787145190094066,0.7502087712192594
focal_greedy,233,4,0.916097422104246,0.7492162576758488
focal_greedy,234,4,0.8973915409197869,0.749253877956443
focal_greedy,235,4,0.875632143064801,0.7502964155429679
focal_greedy,236,4,0.9115073488036939,0.7495312874092216
focal_greedy,237,4,0.9158630003153616,0.748510045349996
focal_greedy,238,4,0.8684457351939809,0.7500175039665002
focal_greedy,239,4,0.8708159141246485,0.7508276070583451
focal_greedy,240,4,0.9124605730935252,0.7492228450914349
focal_greedy,241,4,0.8901611522467529,0.7503792514851659
focal_greedy,242,4,0.8733977463103864,0.7510608978124336
focal_greedy,243,4,0.9118270093486023,0.7489252400910758
focal_greedy,244,4,0.8908579948516443,0.749492874284615
focal_greedy,245,4,0.8685150710576928,0.7507933140405955
focal_greedy,246,4,0.9125020478274214,0.7485776038394847
focal_greedy,247,4,0.9085466048809023,0.7486503432221712
focal_greedy,248,4,0.8953059811657182,0.7490347938822982
focal_greedy,249,4,0.8774986623456302,0.7503787032364981
focal_greedy,250,4,0.8806688346042892,0.7505921812553062
focal_greedy,251,4,0.9154748974032196,0.748345722148746
focal_greedy,252,4,0.884680259507245,0.7497035616241237
focal_greedy,253,4,0.8769530553194356,0.7500013041277585
focal_greedy,254,4,0.9167235904299535,0.747903603319581
focal_greedy,255,4,0.907390424543794,0.7489355424411661
focal_greedy,256,4,0.8998571023677697,0.7489907673129669
half_greedy,1,4,1.0,0.9221525961403597
half_greedy,2,4,1.0,0.8142447225102318
half_greedy,3,4,1.0,0.7160895749529981
half_greedy,4,4,1.0,0.6406042154660525
half_greedy,5,4,1.0,0.5933564579178824
half_greedy,6,4,1.0,0.545729423919933
half_greedy,7,4,1.0,0.4980166184640384
half_greedy,8,4,1.0,0.46138971036746385
half_greedy,9,4,1.0,0.4283968973697327
half_greedy,10,4,1.0,0.3949518718604019
half_greedy,11,4,0.9429116315181905,0.3555364699526589
half_greedy,12,4,0.9194524822993961,0.3143631676282407
half_greedy,13,4,0.9135476765471846,0.27091483201430067
half_greedy,14,4,0.9058633204702968,0.24605776528247858
half_greedy,15,4,0.8637826601859332,0.22222431162339257
half_greedy,16,4,0.8467109152687438,0.20321091285297524
half_greedy,17,4,0.838599933291249,0.17479031668037148
half_greedy,18,4,0.8399880769721553,0.1496273719115943
half_greedy,19,4,0.8398256544052249,0.13830074378121932
half_greedy,20,4,0.8399147256232756,0.13288448558100358
half_greedy,21,4,0.8314003990174146,0.12021818443042702
half_greedy,22,4,0.8229166666666667,0.10995657033570908
half_greedy,23,4,0.8121874028620298,0.09643850686217299
half_greedy,24,4,0.8020833333333334,0.07890287171410297
half_greedy,25,4,0.8020833333333334,0.07233442726003385
half_greedy,26,4,0.7912663532138845,0.06358459977714193
half_greedy,27,4,0.7708333333333334,0.05674946605966778
half_greedy,28,4,0.7690007455107062,0.052664635106773626
half_greedy,29,4,0.7387182554897329,0.05113131220280431
half_greedy,30,4,0.716406099682274,0.05154987849628669
half_greedy,31,4,0.7083333333333334,0.04616799780616868
half_greedy,32,4,0.6860317924256318,0.048630744370879615
half_greedy,33,4,0.6595630260837744,0.0533055462243423
half_greedy,34,4,0.6179643463374584,0.05982927508454867
half_greedy,35,4,0.6023791236683473,0.059967998659458
half_greedy,36,4,0.580944775908429,0.062206725978094464
half_greedy,37,4,0.5676450017693008,0.06346106236139823
half_greedy,38,4,0.5745630438170699,0.06599935176235262
half_greedy,39,4,0.5721941937500176,0.07120931172201449
half_greedy,40,4,0.546665485835728,0.07734526721962133
half_greedy,41,4,0.5367331438175849,0.0823998751311761
half_greedy,42,4,0.5549233606328846,0.08364325876342289
half_greedy,43,4,0.5668183355980569,0.0810739234759283
half_greedy,44,4,0.5438633934065753,0.08196221884051802
half_greedy,45,4,0.5226606145395835,0.08421720643466685
half_greedy,46,4,0.510539320110776,0.08620469194916568
half_greedy,47,4,0.492598632009303,0.0896053077177223
half_greedy,48,4,0.5130089444494745,0.08692044966813002
half_greedy,49,4,0.4634437912837427,0.08697790320078584
half_greedy,50,4,0.44785904399919735,0.08756148245777381
half_greedy,51,4,0.4293402777777778,0.08517733740484934
half_greedy,52,4,0.4172544469863434,0.08931445333604697
half_greedy,53,4,0.42069065200352895,0.09100062617684197
half_greedy,54,4,0.4166666666666667,0.09215460002860734
half_greedy,55,4,0.4296074439859948,0.08831950999373188
half_greedy,56,4,0.4184417317546165,0.08781332918163212
half_greedy,57,4,0.4444822284114415,0.08574705095832723
half_greedy,58,4,0.4274920474670668,0.08536082680805755
half_greedy,59,4,0.3926024661703801,0.08268129803633441
half_greedy,60,4,0.38605313607978653,0.08351629307417233
half_greedy,61,4,0.38283754951433757,0.07980235357760498
half_greedy,62,4,0.37939339871875055,0.07644495456601555
half_greedy,63,4,0.3452395887094869,0.07581449316347093
half_greedy,64,4,0.3235879964250556,0.07142342176027522
half_greedy,65,4,0.33401653403146225,0.06693195760607853
half_greedy,66,4,0.3252779187654716,0.06566997526943175
half_greedy,67,4,0.3225134394498005,0.06392899347445644
half_greedy,68,4,0.3021191761812109,0.06409612591352315
half_greedy,69,4,0.29239650587207977,0.06766161998505318
half_greedy,70,4,0.2989000628860498,0.06866796690409581
half_greedy,71,4,0.2950391535221572,0.06989971278484527
half_greedy,72,4,0.2850560135526846,0.07358261785307044
half_greedy,73,4,0.29112739239053487,0.07784645822471825
half_greedy,74,4,0.29192993169023806,0.08427082915931768
half_greedy,75,4,0.299596119140748,0.08846946086652308
half_greedy,76,4,0.28484546464358346,0.08858078151524873
half_greedy,77,4,0.27333986320307657,0.08923759538333237
half_greedy,78,4,0.2563043989756487,0.09381974092752426
half_greedy,79,4,0.25048896968589873,0.10021967288516367
half_greedy,80,4,0.2743005151449,0.10417392772287881
half_greedy,81,4,0.26618513572732444,0.10633689849057758
half_greedy,82,4,0.2825921722376722,0.11000252322700482
half_greedy,83,4,0.27179910459456097,0.11535728782694118
half_greedy,84,4,0.25890835271081086,0.12163469248681784
half_greedy,85,4,0.24192027941088728,0.12496517836118692
half_greedy,86,4,0.24220305930270836,0.12692319129409363
half_greedy,87,4,0.24440964816932378,0.12534611608694649
half_greedy,88,4,0.2843986385804815,0.12508711802477102
half_greedy,89,4,0.2688886230898158,0.13024089867655486
half_greedy,90,4,0.2719034372969818,0.13131023806134226
half_greedy,91,4,0.2740465786361259,0.1344809015786094
half_greedy,92,4,0.2737427922697243,0.13992833118097925
half_greedy,93,4,0.2854913897024424,0.14643280358150168
half_greedy,94,4,0.30480918820200364,0.14670537506796577
half_greedy,95,4,0.30157571003851247,0.14351329742694235
half_greedy,96,4,0.317831188815338,0.14325902466500562
half_greedy,97,4,0.3082042148818257,0.14560714837140548
half_greedy,98,4,0.3329545043903993,0.14712434844097314
half_greedy,99,4,0.2989061529731042,0.1496426313294246
half_greedy,100,4,0.30473355482067344,0.14867634178332934
half_greedy,101,4,0.3028525138876701,0.14603864863082142
half_greedy,102,4,0.29301547236578646,0.14424312505609535
half_greedy,103,4,0.2770684269156217,0.14330584253483625
half_greedy,104,4,0.28488135669833914,0.14120262875971398
half_greedy,105,4,0.28721356569535644,0.14251165546261232
half_greedy,106,4,0.2728911936106433,0.14745361741335694
half_greedy,107,4,0.28787552531796634,0.15018999297207503
half_greedy,108,4,0.2907180842778352,0.15126843185748787
half_greedy,109,4,0.27030315917940345,0.15529570520160185
half_greedy,110,4,0.28261642371843837,0.16069782639084806
half_greedy,111,4,0.29897592611315754,0.16519033266252908
half_greedy,112,4,0.29284952942893805,0.17162076296082635
half_greedy,113,4,0.2818378773420742,0.1761798921511737
half_greedy,114,4,0.2752362917534822,0.1797803968448183
half_greedy,115,4,0.28879919346673205,0.18226630124375498
half_greedy,116,4,0.2818651559617068,0.18757918726399833
half_greedy,117,4,0.3029202244179441,0.18736078581864424
half_greedy,118,4,0.30568488869575366,0.18683603737845225
half_greedy,119,4,0.2998719535063382,0.18771954993014572
half_greedy,120,4,0.28637392592248667,0.1916980700078021
half_greedy,121,4,0.30687445877416275,0.1936723908616237
half_greedy,122,4,0.3242507753303425,0.19936599482580034
half_greedy,123,4,0.29135055399391846,0.20260464740554368
half_greedy,124,4,0.3143624456262267,0.2046791548201709
half_greedy,125,4,0.3608652437593973,0.2045948191341248
half_greedy,126,4,0.3566461629480323,0.20743655315758966
half_greedy,127,4,0.3402573369130527,0.20768405233023626
half_greedy,128,4,0.3347872037492873,0.20853547561952376
half_greedy,129,4,0.340479975147393,0.2050875349336177
half_greedy,130,4,0.32249212556011664,0.2053076237356128
half_greedy,131,4,0.34470180550329577,0.20148389725199473
half_greedy,132,4,0.34252230005408124,0.20064058213555236
half_greedy,133,4,0.3550852649595968,0.2012348362338332
half_greedy,134,4,0.349954372481101,0.2036799432904946
half_greedy,135,4,0.35677338747721066,0.2078280773878618
half_greedy,136,4,0.34732774423669355,0.21311062783692433
half_greedy,137,4,0.33059059346692415,0.21953164971146344
half_greedy,138,4,0.3280037623204308,0.22614742885855757
half_greedy,139,4,0.32107559677319475,0.23417219519360472
half_greedy,140,4,0.3576735186159842,0.2354132143783151
half_greedy,141,4,0.3342917309136789,0.2368819315574825
half_greedy,142,4,0.3524102505173677,0.24114866105407762
half_greedy,143,4,0.3628316603859675,0.24205493694371766
half_greedy,144,4,0.3549055188787879,0.2445736276683351
half_greedy,145,4,0.3652753565169817,0.24243576060410452
half_greedy,146,4,0.38132474932898036,0.23875319708305703
half_greedy,147,4,0.3854166666666667,0.2378366714127335
half_greedy,148,4,0.3854166666666667,0.24088406260823428
half_greedy,149,4,0.37750921749522753,0.24450699709295906
half_greedy,150,4,0.4033237898595108,0.24241195965038143
half_greedy,151,4,0.38430347048674585,0.2458889019843391
half_greedy,152,4,0.37426078633102194,0.24781844130305863
half_greedy,153,4,0.36366631044499886,0.25056317832895797
half_greedy,154,4,0.37829995523127635,0.250035200488465
half_greedy,155,4,0.38061120530287224,0.2521583060907759
half_greedy,156,4,0.3829002180286358,0.2554133617957077
half_greedy,157,4,0.38726544434859334,0.2588268333248244
half_greedy,158,4,0.3879326203971256,0.2558940232316774
half_greedy,159,4,0.380554549108448,0.25623187333653263
half_greedy,160,4,0.37703979346792643,0.25706432488320075
half_greedy,161,4,0.37071544588598443,0.25727813016573864
half_greedy,162,4,0.3645284627157605,0.2576766316010774
half_greedy,163,4,0.36117933930151214,0.2612516771167149
half_greedy,164,4,0.34780107267852917,0.26439945624125
half_greedy,165,4,0.33282615779232627,0.2700770162996602
half_greedy,166,4,0.331128586164917,0.2773373814546492
half_greedy,167,4,0.339025679023425,0.2833800563115102
half_greedy,168,4,0.33588028420769644,0.28936513101476075
half_greedy,169,4,0.346580560631654,0.29289782218241045
half_greedy,170,4,0.36475656585535865,0.292637079776446
half_greedy,171,4,0.37842771959899646,0.29133737866787235
half_greedy,172,4,0.38712821701691635,0.29095080755277253
half_greedy,173,4,0.3993443062796509,0.29146069412603093
half_greedy,174,4,0.3948954571909183,0.2921698679480613
half_greedy,175,4,0.38307101218188044,0.2937527292612455
half_greedy,176,4,0.3866307991683148,0.2901619367360889
half_greedy,177,4,0.3727724964198832,0.28845924950911705
half_greedy,178,4,0.380648200012184,0.290818556813731
half_greedy,179,4,0.3848878867559983,0.2903824064505435
half_greedy,180,4,0.3949973983864622,0.28782533018013706
half_greedy,181,4,0.3937850470104587,0.2854235502424862
half_greedy,182,4,0.3994009446898268,0.2881174364889151
half_greedy,183,4,0.39575034185987296,0.2893162572563712
half_greedy,184,4,0.39648189153568364,0.29063321596785885
half_greedy,185,4,0.39601217693661467,0.2930898868717307
half_greedy,186,4,0.38946409589297726,0.2971593159235312
half_greedy,187,4,0.39707613564776156,0.29820311252377785
half_greedy,188,4,0.3963354939942839,0.2973245097869386
half_greedy,189,4,0.38994698632590175,0.2988082901715767
half_greedy,190,4,0.4263358177378447,0.29593929240204453
half_greedy,191,4,0.4087493157112661,0.29674496471164036
half_greedy,192,4,0.3979153736252653,0.2964562628605244
half_greedy,193,4,0.44950272708620664,0.29501328077331923
half_greedy,194,4,0.42894191367956586,0.2928803773403016
half_greedy,195,4,0.4070307964423109,0.2905524828469068
half_greedy,196,4,0.4484848122444417,0.2879578628203104
half_greedy,197,4,0.44276717867837034,0.28617806632804405
half_greedy,198,4,0.4057427884516642,0.2822002854927184
half_greedy,199,4,0.42392852996585917,0.2817754264339695
half_greedy,200,4,0.46824103498666336,0.2822262829678342
half_greedy,201,4,0.44183807344324044,0.2856987003485588
half_greedy,202,4,0.4268781547145108,0.289016666237751
half_greedy,203,4,0.458833409282624,0.28773260602794626
half_greedy,204,4,0.42552568625820475,0.29499106447463186
half_greedy,205,4,0.3943144018618222,0.3009142987658805
half_greedy,206,4,0.43836192943205693,0.3051435723461058
half_greedy,207,4,0.4256094560867092,0.3087966960273518
half_greedy,208,4,0.40635606395944,0.3127991870664596
half_greedy,209,4,0.4489514419321855,0.3128288274597095
half_greedy,210,4,0.4559634079124736,0.3172577436332486
half_greedy,211,4,0.41459712716961594,0.3242944200744283
half_greedy,212,4,0.42763171620689744,0.3285117669750491
half_greedy,213,4,0.4662956336235963,0.33034950884108794
half_greedy,214,4,0.44508317915892126,0.3384242693955153
half_greedy,215,4,0.42208863557516935,0.3441444932192045
half_greedy,216,4,0.44607573317499377,0.3437432939586207
half_greedy,217,4,0.46521982969068565,0.34637540300735453
half_greedy,218,4,0.41595957289232455,0.35073446504338956
half_greedy,219,4,0.42409792011231046,0.3534291668457991
half_greedy,220,4,0.4786090939150154,0.34828585342723517
half_greedy,221,4,0.4500248287030997,0.3480424700296095
half_greedy,222,4,0.43542686203952247,0.3513575563068852
half_greedy,223,4,0.47863361760700135,0.35463631570308113
half_greedy,224,4,0.485846674748558,0.3576113169316171
half_greedy,225,4,0.46185922677518076,0.3576273533525795
half_greedy,226,4,0.45829929754122956,0.35919679481547523
half_greedy,227,4,0.47158219117864975,0.3561244396539009
half_greedy,228,4,0.41990480159068133,0.3574710523429682
half_greedy,229,4,0.40625,0.3601058960890041
half_greedy,230,4,0.44518743880029904,0.3600995155068185
half_greedy,231,4,0.41775137898656045,0.3651249893859375
half_greedy,232,4,0.4176793436166375,0.36946714349722404
half_greedy,233,4,0.45502608425859115,0.37215888949672615
half_greedy,234,4,0.43009875253074625,0.3767369449167954
half_greedy,235,4,0.41291608873668323,0.3812309794016231
half_greedy,236,4,0.4677033420010243,0.3826421235410595
half_greedy,237,4,0.4424881635042564,0.3871547747400763
half_greedy,238,4,0.4260652107081907,0.3915645691681955
half_greedy,239,4,0.47433597367636154,0.3955481159111745
half_greedy,240,4,0.48700889870235714,0.3962189198250666
half_greedy,241,4,0.4580005171257911,0.39041665177173546
half_greedy,242,4,0.4477376323001202,0.3877740714556701
half_greedy,243,4,0.48789225107006196,0.38517850945728715
half_greedy,244,4,0.4751302447383273,0.3839351619642087
half_greedy,245,4,0.4664797903509583,0.38198460420177954
half_greedy,246,4,0.5023987773043187,0.3772525942451567
half_greedy,247,4,0.49578712236406697,0.3756801042703871
half_greedy,248,4,0.4565398942676526,0.37684786183177316
half_greedy,249,4,0.4580788436999665,0.38040985466454713
half_greedy,250,4,0.4981333893230719,0.38000613659472987
half_greedy,251,4,0.4963804087599071,0.3772859716821958
half_greedy,252,4,0.4843088347276908,0.3717612256963698
half_greedy,253,4,0.4779628592997691,0.3705364417427094
half_greedy,254,4,0.45755371413355306,0.3719219697793684
half_greedy,255,4,0.49233783241076856,0.37430285835281796
half_greedy,256,4,0.498229065457372,0.37538636949362925
