strategy,belief,metric,mean,n_arenas
active,frozen,actual_budget,3.1440075361101845,6
active,frozen,actual_experiment_investment,3.115213823295171,6
active,frozen,budget_absolute_error,0.28647215002729415,6
active,frozen,budget_prediction_error,-0.08474397167969332,6
active,frozen,consumption_per_member,25.090091402537997,6
active,frozen,crps_change_all,-0.008463195185068599,6
active,frozen,crps_change_uncapped,-0.016668518734940796,6
active,frozen,delivered_bytes,81920.0,6
active,frozen,external_harm,0.0,6
active,frozen,focal_welfare,0.7510980344939687,6
active,frozen,forecast_budget,3.0592635644304913,6
active,frozen,forecast_utility,29.25774990318656,6
active,frozen,investment,0.9570245600703542,6
active,frozen,menu_forecast_mae,0.30720261095627804,6
active,frozen,other_society_total_utility,35.70198539604517,6
active,frozen,other_society_utility,29.200887434954854,6
active,frozen,other_society_welfare,0.7486752214375363,6
active,frozen,own_unique_events_added,8.0,6
active,frozen,post_crps_all,0.27839537936538733,6
active,frozen,post_crps_uncapped,0.4858417525710497,6
active,frozen,pre_crps_all,0.28685857455045594,6
active,frozen,pre_crps_uncapped,0.5025102713059906,6
active,frozen,probe_consumption_per_member,6.433448335684557,6
active,frozen,probe_effort_cost,2.4000000000000004,6
active,frozen,probe_harvest_per_member,10.356882406750843,6
active,frozen,probe_shortfall_per_member,0.36655166431544267,6
active,frozen,regret,0.034964929980503316,6
active,frozen,sent_bytes,81920.0,6
active,frozen,shortfall_per_member,2.109908597462001,6
active,frozen,terminal_wealth_per_member,20.852488005609047,6
active,frozen,total_consumption_per_member,31.523539738222556,6
active,frozen,total_external_harm,0.0,6
active,frozen,total_shortfall_per_member,2.476460261777444,6
active,frozen,total_utility,35.69403733934436,6
active,frozen,utility,29.260589003659813,6
active,frozen,utility_absolute_error,0.3034017863712799,6
active,frozen,utility_prediction_error,-0.0028391004732467215,6
active,updated,actual_budget,3.1440075361101845,6
active,updated,actual_experiment_investment,3.115213823295171,6
active,updated,budget_absolute_error,0.26638731436856405,6
active,updated,budget_prediction_error,-0.09301436017837918,6
active,updated,consumption_per_member,25.092322301349814,6
active,updated,crps_change_all,-0.008463195185068599,6
active,updated,crps_change_uncapped,-0.016668518734940796,6
active,updated,delivered_bytes,81920.0,6
active,updated,external_harm,0.0,6
active,updated,focal_welfare,0.7512026078757726,6
active,updated,forecast_budget,3.0509931759318047,6
active,updated,forecast_utility,29.210649935343753,6
active,updated,investment,1.0583508311230672,6
active,updated,menu_forecast_mae,0.23885417523262778,6
active,updated,other_society_total_utility,35.69985608711158,6
active,updated,other_society_utility,29.19875812602127,6
active,updated,other_society_welfare,0.7485228373573131,6
active,updated,own_unique_events_added,8.0,6
active,updated,post_crps_all,0.27839537936538733,6
active,updated,post_crps_uncapped,0.4858417525710497,6
active,updated,pre_crps_all,0.28685857455045594,6
active,updated,pre_crps_uncapped,0.5025102713059906,6
active,updated,probe_consumption_per_member,6.433448335684557,6
active,updated,probe_effort_cost,2.4000000000000004,6
active,updated,probe_harvest_per_member,10.356882406750843,6
active,updated,probe_shortfall_per_member,0.36655166431544267,6
active,updated,regret,0.026414803345295706,6
active,updated,sent_bytes,81920.0,6
active,updated,shortfall_per_member,2.107677698650184,6
active,updated,terminal_wealth_per_member,20.884084144726003,6
active,updated,total_consumption_per_member,31.525770637034373,6
active,updated,total_external_harm,0.0,6
active,updated,total_shortfall_per_member,2.4742293629656262,6
active,updated,total_utility,35.70258746597957,6
active,updated,utility,29.269139130295017,6
active,updated,utility_absolute_error,0.23518055205067903,6
active,updated,utility_prediction_error,-0.05848919495125868,6
active,known,actual_budget,3.1440075361101845,6
active,known,actual_experiment_investment,3.115213823295171,6
active,known,budget_absolute_error,0.26179975572677183,6
active,known,budget_prediction_error,-0.09430973494290192,6
active,known,consumption_per_member,25.10908301419002,6
active,known,crps_change_all,-0.008463195185068599,6
active,known,crps_change_uncapped,-0.016668518734940796,6
active,known,delivered_bytes,81920.0,6
active,known,external_harm,0.0,6
active,known,focal_welfare,0.751988266290157,6
active,known,forecast_budget,3.0496978011672824,6
active,known,forecast_utility,29.275616931595675,6
active,known,investment,1.6413179267905134,6
active,known,menu_forecast_mae,0.11824203728945304,6
active,known,other_society_total_utility,35.704479604668,6
active,known,other_society_utility,29.203381643577686,6
active,known,other_society_welfare,0.7486590114416098,6
active,known,own_unique_events_added,8.0,6
active,known,post_crps_all,0.27839537936538733,6
active,known,post_crps_uncapped,0.4858417525710497,6
active,known,pre_crps_all,0.28685857455045594,6
active,known,pre_crps_uncapped,0.5025102713059906,6
active,known,probe_consumption_per_member,6.433448335684557,6
active,known,probe_effort_cost,2.4000000000000004,6
active,known,probe_harvest_per_member,10.356882406750843,6
active,known,probe_shortfall_per_member,0.36655166431544267,6
active,known,regret,0.0,6
active,known,sent_bytes,81920.0,6
active,known,shortfall_per_member,2.090916985809983,6
active,known,terminal_wealth_per_member,20.932354597251475,6
active,known,total_consumption_per_member,31.542531349874576,6
active,known,total_external_harm,0.0,6
active,known,total_shortfall_per_member,2.4574686501254255,6
active,known,total_utility,35.729002269324866,6
active,known,utility,29.295553933640317,6
active,known,utility_absolute_error,0.11677716394166182,6
active,known,utility_prediction_error,-0.019937002044633445,6
fixed,frozen,actual_budget,3.1502418621137145,6
fixed,frozen,actual_experiment_investment,3.115213823295171,6
fixed,frozen,budget_absolute_error,0.2870635612203168,6
fixed,frozen,budget_prediction_error,-0.08500971589663953,6
fixed,frozen,consumption_per_member,25.093867731493933,6
fixed,frozen,crps_change_all,0.004705440647612895,6
fixed,frozen,crps_change_uncapped,0.006978769584606117,6
fixed,frozen,delivered_bytes,81920.0,6
fixed,frozen,external_harm,0.0,6
fixed,frozen,focal_welfare,0.7512750499137781,6
fixed,frozen,forecast_budget,3.0652321462170744,6
fixed,frozen,forecast_utility,29.257715484341336,6
fixed,frozen,investment,0.9599510157200767,6
fixed,frozen,menu_forecast_mae,0.309442524170818,6
fixed,frozen,other_society_total_utility,35.701456349664035,6
fixed,frozen,other_society_utility,29.200758198455258,6
fixed,frozen,other_society_welfare,0.7486793544490479,6
fixed,frozen,own_unique_events_added,8.0,6
fixed,frozen,post_crps_all,0.2915640151980688,6
fixed,frozen,post_crps_uncapped,0.5094890408905967,6
fixed,frozen,pre_crps_all,0.28685857455045594,6
fixed,frozen,pre_crps_uncapped,0.5025102713059906,6
fixed,frozen,probe_consumption_per_member,6.427276401577786,6
fixed,frozen,probe_effort_cost,2.4000000000000004,6
fixed,frozen,probe_harvest_per_member,10.29194151088074,6
fixed,frozen,probe_shortfall_per_member,0.3727235984222134,6
fixed,frozen,regret,0.034735996984000844,6
fixed,frozen,sent_bytes,81920.0,6
fixed,frozen,shortfall_per_member,2.1061322685060655,6
fixed,frozen,terminal_wealth_per_member,20.83854059344458,6
fixed,frozen,total_consumption_per_member,31.52114413307172,6
fixed,frozen,total_external_harm,0.0,6
fixed,frozen,total_shortfall_per_member,2.478855866928279,6
fixed,frozen,total_utility,35.68885225176063,6
fixed,frozen,utility,29.26157585018285,6
fixed,frozen,utility_absolute_error,0.30507096306091225,6
fixed,frozen,utility_prediction_error,-0.0038603658415104908,6
fixed,updated,actual_budget,3.1502418621137145,6
fixed,updated,actual_experiment_investment,3.115213823295171,6
fixed,updated,budget_absolute_error,0.2683128189390476,6
fixed,updated,budget_prediction_error,-0.09534269479184028,6
fixed,updated,consumption_per_member,25.095424615149806,6
fixed,updated,crps_change_all,0.004705440647612895,6
fixed,updated,crps_change_uncapped,0.006978769584606117,6
fixed,updated,delivered_bytes,81920.0,6
fixed,updated,external_harm,0.0,6
fixed,updated,focal_welfare,0.751348028835147,6
fixed,updated,forecast_budget,3.054899167321874,6
fixed,updated,forecast_utility,29.200684007630432,6
fixed,updated,investment,1.4807897531160794,6
fixed,updated,menu_forecast_mae,0.24510199702975632,6
fixed,updated,other_society_total_utility,35.70101588021218,6
fixed,updated,other_society_utility,29.200317729003405,6
fixed,updated,other_society_welfare,0.7485266567247012,6
fixed,updated,own_unique_events_added,8.0,6
fixed,updated,post_crps_all,0.2915640151980688,6
fixed,updated,post_crps_uncapped,0.5094890408905967,6
fixed,updated,pre_crps_all,0.28685857455045594,6
fixed,updated,pre_crps_uncapped,0.5025102713059906,6
fixed,updated,probe_consumption_per_member,6.427276401577786,6
fixed,updated,probe_effort_cost,2.4000000000000004,6
fixed,updated,probe_harvest_per_member,10.29194151088074,6
fixed,updated,probe_shortfall_per_member,0.3727235984222134,6
fixed,updated,regret,0.040783023940845695,6
fixed,updated,sent_bytes,81920.0,6
fixed,updated,shortfall_per_member,2.1045753848501967,6
fixed,updated,terminal_wealth_per_member,20.800521040381017,6
fixed,updated,total_consumption_per_member,31.52270101672759,6
fixed,updated,total_external_harm,0.0,6
fixed,updated,total_shortfall_per_member,2.477298983272411,6
fixed,updated,total_utility,35.68280522480379,6
fixed,updated,utility,29.255528823226005,6
fixed,updated,utility_absolute_error,0.24720819904078375,6
fixed,updated,utility_prediction_error,-0.054844815595569564,6
fixed,known,actual_budget,3.1502418621137145,6
fixed,known,actual_experiment_investment,3.115213823295171,6
fixed,known,budget_absolute_error,0.26184985507788766,6
fixed,known,budget_prediction_error,-0.09435983429401767,6
fixed,known,consumption_per_member,25.11258319782553,6
fixed,known,crps_change_all,0.004705440647612895,6
fixed,known,crps_change_uncapped,0.006978769584606117,6
fixed,known,delivered_bytes,81920.0,6
fixed,known,external_harm,0.0,6
fixed,known,focal_welfare,0.7521523373980717,6
fixed,known,forecast_budget,3.0558820278196968,6
fixed,known,forecast_utility,29.275937167185678,6
fixed,known,investment,1.6465624031699815,6
fixed,known,menu_forecast_mae,0.11806996992119233,6
fixed,known,other_society_total_utility,35.703962577950925,6
fixed,known,other_society_utility,29.203264426742148,6
fixed,known,other_society_welfare,0.7486633037428724,6
fixed,known,own_unique_events_added,8.0,6
fixed,known,post_crps_all,0.2915640151980688,6
fixed,known,post_crps_uncapped,0.5094890408905967,6
fixed,known,pre_crps_all,0.28685857455045594,6
fixed,known,pre_crps_uncapped,0.5025102713059906,6
fixed,known,probe_consumption_per_member,6.427276401577786,6
fixed,known,probe_effort_cost,2.4000000000000004,6
fixed,known,probe_harvest_per_member,10.29194151088074,6
fixed,known,probe_shortfall_per_member,0.3727235984222134,6
fixed,known,regret,0.0,6
fixed,known,sent_bytes,81920.0,6
fixed,known,shortfall_per_member,2.08741680217447,6
fixed,known,terminal_wealth_per_member,20.91864324670662,6
fixed,known,total_consumption_per_member,31.539859599403314,6
fixed,known,total_external_harm,0.0,6
fixed,known,total_shortfall_per_member,2.460140400596684,6
fixed,known,total_utility,35.72358824874464,6
fixed,known,utility,29.29631184716685,6
fixed,known,utility_absolute_error,0.11695856974097651,6
fixed,known,utility_prediction_error,-0.02037467998117511,6
random,frozen,actual_budget,3.148531503359841,6
random,frozen,actual_experiment_investment,3.115213823295171,6
random,frozen,budget_absolute_error,0.28662150359565186,6
random,frozen,budget_prediction_error,-0.08470111689063314,6
random,frozen,consumption_per_member,25.091612173504846,6
random,frozen,crps_change_all,-0.0011921333721746877,6
random,frozen,crps_change_uncapped,-0.005270494313512439,6
random,frozen,delivered_bytes,81920.0,6
random,frozen,external_harm,0.0,6
random,frozen,focal_welfare,0.7511693206330396,6
random,frozen,forecast_budget,3.0638303864692076,6
random,frozen,forecast_utility,29.256339135756445,6
random,frozen,investment,0.9588461128795007,6
random,frozen,menu_forecast_mae,0.30666151348576326,6
random,frozen,other_society_total_utility,35.70150929907684,6
random,frozen,other_society_utility,29.200818100717978,6
random,frozen,other_society_welfare,0.748680418425836,6
random,frozen,own_unique_events_added,8.0,6
random,frozen,post_crps_all,0.28566644117828127,6
random,frozen,post_crps_uncapped,0.4972397769924781,6
random,frozen,pre_crps_all,0.28685857455045594,6
random,frozen,pre_crps_uncapped,0.5025102713059906,6
random,frozen,probe_consumption_per_member,6.43063301516935,6
random,frozen,probe_effort_cost,2.4000000000000004,6
random,frozen,probe_harvest_per_member,10.309757747900255,6
random,frozen,probe_shortfall_per_member,0.36936698483065017,6
random,frozen,regret,0.0344552555910356,6
random,frozen,sent_bytes,81920.0,6
random,frozen,shortfall_per_member,2.1083878264951537,6
random,frozen,terminal_wealth_per_member,20.84286958005833,6
random,frozen,total_consumption_per_member,31.522245188674194,6
random,frozen,total_external_harm,0.0,6
random,frozen,total_shortfall_per_member,2.4777548113258034,6
random,frozen,total_utility,35.690819104685865,6
random,frozen,utility,29.260186089516512,6
random,frozen,utility_absolute_error,0.3031484845460911,6
random,frozen,utility_prediction_error,-0.003846953760070368,6
random,updated,actual_budget,3.148531503359841,6
random,updated,actual_experiment_investment,3.115213823295171,6
random,updated,budget_absolute_error,0.2652988201660759,6
random,updated,budget_prediction_error,-0.0932527746167201,6
random,updated,consumption_per_member,25.094095443195002,6
random,updated,crps_change_all,-0.0011921333721746877,6
random,updated,crps_change_uncapped,-0.005270494313512439,6
random,updated,delivered_bytes,81920.0,6
random,updated,external_harm,0.0,6
random,updated,focal_welfare,0.7512857238997657,6
random,updated,forecast_budget,3.0552787287431205,6
random,updated,forecast_utility,29.200135670441735,6
random,updated,investment,1.3254961588142657,6
random,updated,menu_forecast_mae,0.2356039299066162,6
random,updated,other_society_total_utility,35.70044294333698,6
random,updated,other_society_utility,29.199751744978116,6
random,updated,other_society_welfare,0.7485275256202195,6
random,updated,own_unique_events_added,8.0,6
random,updated,post_crps_all,0.28566644117828127,6
random,updated,post_crps_uncapped,0.4972397769924781,6
random,updated,pre_crps_all,0.28685857455045594,6
random,updated,pre_crps_uncapped,0.5025102713059906,6
random,updated,probe_consumption_per_member,6.43063301516935,6
random,updated,probe_effort_cost,2.4000000000000004,6
random,updated,probe_harvest_per_member,10.309757747900255,6
random,updated,probe_shortfall_per_member,0.36936698483065017,6
random,updated,regret,0.01962464885119945,6
random,updated,sent_bytes,81920.0,6
random,updated,shortfall_per_member,2.1059045568049997,6
random,updated,terminal_wealth_per_member,20.904606265306743,6
random,updated,total_consumption_per_member,31.524728458364347,6
random,updated,total_external_harm,0.0,6
random,updated,total_shortfall_per_member,2.47527154163565,6
random,updated,total_utility,35.7056497114257,6
random,updated,utility,29.275016696256348,6
random,updated,utility_absolute_error,0.2376977416582449,6
random,updated,utility_prediction_error,-0.07488102581461338,6
random,known,actual_budget,3.148531503359841,6
random,known,actual_experiment_investment,3.115213823295171,6
random,known,budget_absolute_error,0.2617997557267718,6
random,known,budget_prediction_error,-0.09430973494290179,6
random,known,consumption_per_member,25.11006372256681,6
random,known,crps_change_all,-0.0011921333721746877,6
random,known,crps_change_uncapped,-0.005270494313512439,6
random,known,delivered_bytes,81920.0,6
random,known,external_harm,0.0,6
random,known,focal_welfare,0.7520342369953193,6
random,known,forecast_budget,3.054221768416939,6
random,known,forecast_utility,29.274523243878235,6
random,known,investment,1.6447339119548026,6
random,known,menu_forecast_mae,0.11891806541533197,6
random,known,other_society_total_utility,35.70401359354383,6
random,known,other_society_utility,29.20332239518497,6
random,known,other_society_welfare,0.7486644270010875,6
random,known,own_unique_events_added,8.0,6
random,known,post_crps_all,0.28566644117828127,6
random,known,post_crps_uncapped,0.4972397769924781,6
random,known,pre_crps_all,0.28685857455045594,6
random,known,pre_crps_uncapped,0.5025102713059906,6
random,known,probe_consumption_per_member,6.43063301516935,6
random,known,probe_effort_cost,2.4000000000000004,6
random,known,probe_harvest_per_member,10.309757747900255,6
random,known,probe_shortfall_per_member,0.36936698483065017,6
random,known,regret,0.0,6
random,known,sent_bytes,81920.0,6
random,known,shortfall_per_member,2.089936277433187,6
random,known,terminal_wealth_per_member,20.922888112703678,6
random,known,total_consumption_per_member,31.54069673773616,6
random,known,total_external_harm,0.0,6
random,known,total_shortfall_per_member,2.459303262263837,6
random,known,total_utility,35.7252743602769,6
random,known,utility,29.29464134510755,6
random,known,utility_absolute_error,0.11712302012128362,6
random,known,utility_prediction_error,-0.02011810122931242,6
redistribute,frozen,actual_budget,3.070442539253538,6
redistribute,frozen,actual_experiment_investment,0.0,6
redistribute,frozen,budget_absolute_error,0.2850947825342196,6
redistribute,frozen,budget_prediction_error,-0.08703866273153056,6
redistribute,frozen,consumption_per_member,25.038429828979133,6
redistribute,frozen,crps_change_all,0.00605975137715344,6
redistribute,frozen,crps_change_uncapped,0.009591025844366457,6
redistribute,frozen,delivered_bytes,81920.0,6
redistribute,frozen,external_harm,0.0,6
redistribute,frozen,focal_welfare,0.7486763982333969,6
redistribute,frozen,forecast_budget,2.9834038765220074,6
redistribute,frozen,forecast_utility,29.185838865174745,6
redistribute,frozen,investment,0.8780730924662966,6
redistribute,frozen,menu_forecast_mae,0.2791464971466697,6
redistribute,frozen,other_society_total_utility,35.67828692126905,6
redistribute,frozen,other_society_utility,29.178412218223343,6
redistribute,frozen,other_society_welfare,0.748163009525557,6
redistribute,frozen,own_unique_events_added,8.0,6
redistribute,frozen,post_crps_all,0.2929183259276093,6
redistribute,frozen,post_crps_uncapped,0.512101297150357,6
redistribute,frozen,pre_crps_all,0.28685857455045594,6
redistribute,frozen,pre_crps_uncapped,0.5025102713059906,6
redistribute,frozen,probe_consumption_per_member,6.499874703045709,6
redistribute,frozen,probe_effort_cost,2.4076187436508154,6
redistribute,frozen,probe_harvest_per_member,10.107108989543992,6
redistribute,frozen,probe_shortfall_per_member,0.30012529695429063,6
redistribute,frozen,regret,0.02990516139635327,6
redistribute,frozen,sent_bytes,81920.0,6
redistribute,frozen,shortfall_per_member,2.1615701710208666,6
redistribute,frozen,terminal_wealth_per_member,20.816247652999376,6
redistribute,frozen,total_consumption_per_member,31.538304532024842,6
redistribute,frozen,total_external_harm,0.0,6
redistribute,frozen,total_shortfall_per_member,2.4616954679751575,6
redistribute,frozen,total_utility,35.701554062624716,6
redistribute,frozen,utility,29.201679359579007,6
redistribute,frozen,utility_absolute_error,0.2761278506801839,6
redistribute,frozen,utility_prediction_error,-0.015840494404265236,6
redistribute,updated,actual_budget,3.070442539253538,6
redistribute,updated,actual_experiment_investment,0.0,6
redistribute,updated,budget_absolute_error,0.27132144556322874,6
redistribute,updated,budget_prediction_error,-0.0979689229016817,6
redistribute,updated,consumption_per_member,25.03294139561963,6
redistribute,updated,crps_change_all,0.00605975137715344,6
redistribute,updated,crps_change_uncapped,0.009591025844366457,6
redistribute,updated,delivered_bytes,81920.0,6
redistribute,updated,external_harm,0.0,6
redistribute,updated,focal_welfare,0.7484191279196701,6
redistribute,updated,forecast_budget,2.972473616351857,6
redistribute,updated,forecast_utility,29.12426711769632,6
redistribute,updated,investment,0.7480459387372246,6
redistribute,updated,menu_forecast_mae,0.23598343759913498,6
redistribute,updated,other_society_total_utility,35.67595593412742,6
redistribute,updated,other_society_utility,29.176081231081714,6
redistribute,updated,other_society_welfare,0.7480542362122865,6
redistribute,updated,own_unique_events_added,8.0,6
redistribute,updated,post_crps_all,0.2929183259276093,6
redistribute,updated,post_crps_uncapped,0.512101297150357,6
redistribute,updated,pre_crps_all,0.28685857455045594,6
redistribute,updated,pre_crps_uncapped,0.5025102713059906,6
redistribute,updated,probe_consumption_per_member,6.499874703045709,6
redistribute,updated,probe_effort_cost,2.4076187436508154,6
redistribute,updated,probe_harvest_per_member,10.107108989543992,6
redistribute,updated,probe_shortfall_per_member,0.30012529695429063,6
redistribute,updated,regret,0.03545075308427966,6
redistribute,updated,sent_bytes,81920.0,6
redistribute,updated,shortfall_per_member,2.167058604380371,6
redistribute,updated,terminal_wealth_per_member,20.815961861357266,6
redistribute,updated,total_consumption_per_member,31.532816098665336,6
redistribute,updated,total_external_harm,0.0,6
redistribute,updated,total_shortfall_per_member,2.467183901334662,6
redistribute,updated,total_utility,35.69600847093679,6
redistribute,updated,utility,29.196133767891084,6
redistribute,updated,utility_absolute_error,0.22601982085247288,6
redistribute,updated,utility_prediction_error,-0.07186665019475945,6
redistribute,known,actual_budget,3.070442539253538,6
redistribute,known,actual_experiment_investment,0.0,6
redistribute,known,budget_absolute_error,0.26175128434425926,6
redistribute,known,budget_prediction_error,-0.09426126356038933,6
redistribute,known,consumption_per_member,25.052900506768854,6
redistribute,known,crps_change_all,0.00605975137715344,6
redistribute,known,crps_change_uncapped,0.009591025844366457,6
redistribute,known,delivered_bytes,81920.0,6
redistribute,known,external_harm,0.0,6
redistribute,known,focal_welfare,0.7493547112547901,6
redistribute,known,forecast_budget,2.9761812756931487,6
redistribute,known,forecast_utility,29.20906943677021,6
redistribute,known,investment,1.5821838244175088,6
redistribute,known,menu_forecast_mae,0.11681299646369601,6
redistribute,known,other_society_total_utility,35.68134476908552,6
redistribute,known,other_society_utility,29.181470066039818,6
redistribute,known,other_society_welfare,0.7481775738864614,6
redistribute,known,own_unique_events_added,8.0,6
redistribute,known,post_crps_all,0.2929183259276093,6
redistribute,known,post_crps_uncapped,0.512101297150357,6
redistribute,known,pre_crps_all,0.28685857455045594,6
redistribute,known,pre_crps_uncapped,0.5025102713059906,6
redistribute,known,probe_consumption_per_member,6.499874703045709,6
redistribute,known,probe_effort_cost,2.4076187436508154,6
redistribute,known,probe_harvest_per_member,10.107108989543992,6
redistribute,known,probe_shortfall_per_member,0.30012529695429063,6
redistribute,known,regret,0.0,6
redistribute,known,sent_bytes,81920.0,6
redistribute,known,shortfall_per_member,2.147099493231144,6
redistribute,known,terminal_wealth_per_member,20.893420071032526,6
redistribute,known,total_consumption_per_member,31.552775209814566,6
redistribute,known,total_external_harm,0.0,6
redistribute,known,total_shortfall_per_member,2.4472247901854343,6
redistribute,known,total_utility,35.73145922402107,6
redistribute,known,utility,29.231584520975364,6
redistribute,known,utility_absolute_error,0.11799723276763056,6
redistribute,known,utility_prediction_error,-0.02251508420514862,6
