contrast,metric,society,mean,n_arenas
active_minus_fixed,update_value_difference,0,0.0020330051490452896,6
active_minus_fixed,update_value_difference,1,-0.0014532757552553714,6
active_minus_fixed,update_value_difference,2,0.043211731382367446,6
active_minus_fixed,update_value_difference,mean,0.014597153592052456,6
active_minus_random,update_value_difference,0,-0.0007422888700544897,6
active_minus_random,update_value_difference,1,-0.01809915144383112,6
active_minus_random,update_value_difference,2,0.0,6
active_minus_random,update_value_difference,mean,-0.0062804801046285365,6
active_minus_fixed,total_utility_difference,0,0.005643340358925997,6
active_minus_fixed,total_utility_difference,1,0.005763299663131605,6
active_minus_fixed,total_utility_difference,2,0.04794008350528264,6
active_minus_fixed,total_utility_difference,mean,0.01978224117578008,6
active_minus_random,total_utility_difference,0,0.0017519775835458755,6
active_minus_random,total_utility_difference,1,-0.013713108821427511,6
active_minus_random,total_utility_difference,2,0.0027743948995050025,6
active_minus_random,total_utility_difference,mean,-0.0030622454461255444,6
active_minus_fixed,frozen_total_utility_difference,0,0.003610335209880707,6
active_minus_fixed,frozen_total_utility_difference,1,0.007216575418386976,6
active_minus_fixed,frozen_total_utility_difference,2,0.0047283521229151875,6
active_minus_fixed,frozen_total_utility_difference,mean,0.005185087583727623,6
active_minus_random,frozen_total_utility_difference,0,0.0024942664536003654,6
active_minus_random,frozen_total_utility_difference,1,0.0043860426224036075,6
active_minus_random,frozen_total_utility_difference,2,0.0027743948995050025,6
active_minus_random,frozen_total_utility_difference,mean,0.0032182346585029917,6
active_minus_fixed,consumption,0,0.002625977397801312,6
active_minus_fixed,consumption,1,0.004848294927545164,6
active_minus_fixed,consumption,2,0.0017345885950064144,6
active_minus_fixed,consumption,mean,0.0030696203067842962,6
active_minus_random,consumption,0,-0.0003410784787873193,6
active_minus_random,consumption,1,0.001733025893852158,6
active_minus_random,consumption,2,0.0017345885950064144,6
active_minus_random,consumption,mean,0.001042178670023751,6
random_minus_redistribute,total_utility,0,-0.003097866610808353,6
random_minus_redistribute,total_utility,1,0.018086940994600436,6
random_minus_redistribute,total_utility,2,0.01393464708293024,6
random_minus_redistribute,total_utility,mean,0.009641240488907443,6
fixed_minus_redistribute,total_utility,0,-0.006989229386188474,6
fixed_minus_redistribute,total_utility,1,-0.0013894674899586807,6
fixed_minus_redistribute,total_utility,2,-0.03123104152284739,6
fixed_minus_redistribute,total_utility,mean,-0.013203246132998184,6
active_minus_redistribute,total_utility,0,-0.0013458890272624775,6
active_minus_redistribute,total_utility,1,0.004373832173172924,6
active_minus_redistribute,total_utility,2,0.01670904198243524,6
active_minus_redistribute,total_utility,mean,0.006578995042781898,6
random_minus_redistribute,post_crps_uncapped,0,-0.02648310482443759,6
random_minus_redistribute,post_crps_uncapped,1,0.0024992081761113553,6
random_minus_redistribute,post_crps_uncapped,2,-0.02060066382531045,6
random_minus_redistribute,post_crps_uncapped,mean,-0.014861520157878895,6
fixed_minus_redistribute,post_crps_uncapped,0,-0.00623398803021627,6
fixed_minus_redistribute,post_crps_uncapped,1,-0.014853932337849193,6
fixed_minus_redistribute,post_crps_uncapped,2,0.013251151588784427,6
fixed_minus_redistribute,post_crps_uncapped,mean,-0.0026122562597603433,6
active_minus_redistribute,post_crps_uncapped,0,-0.023501670110616168,6
active_minus_redistribute,post_crps_uncapped,1,-0.026054821147825837,6
active_minus_redistribute,post_crps_uncapped,2,-0.02922214247947977,6
active_minus_redistribute,post_crps_uncapped,mean,-0.026259544579307254,6
random_minus_redistribute,total_consumption_per_member,0,-0.01344979748141976,6
random_minus_redistribute,total_consumption_per_member,1,-0.0024443895028181117,6
random_minus_redistribute,total_consumption_per_member,2,-0.0083687339187275,6
random_minus_redistribute,total_consumption_per_member,mean,-0.008087640300988458,6
fixed_minus_redistribute,total_consumption_per_member,0,-0.016416853358008392,6
fixed_minus_redistribute,total_consumption_per_member,1,-0.005559658536511118,6
fixed_minus_redistribute,total_consumption_per_member,2,-0.0083687339187275,6
fixed_minus_redistribute,total_consumption_per_member,mean,-0.010115081937749003,6
active_minus_redistribute,total_consumption_per_member,0,-0.01379087596020708,6
active_minus_redistribute,total_consumption_per_member,1,-0.0007113636089659536,6
active_minus_redistribute,total_consumption_per_member,2,-0.006634145323721086,6
active_minus_redistribute,total_consumption_per_member,mean,-0.007045461630964708,6
random_minus_redistribute,terminal_wealth_per_member,0,0.051759654353052575,6
random_minus_redistribute,terminal_wealth_per_member,1,0.10265665248708623,6
random_minus_redistribute,terminal_wealth_per_member,2,0.11151690500829226,6
random_minus_redistribute,terminal_wealth_per_member,mean,0.08864440394947702,6
fixed_minus_redistribute,terminal_wealth_per_member,0,0.04713811985909866,6
fixed_minus_redistribute,terminal_wealth_per_member,1,0.020850955232755968,6
fixed_minus_redistribute,terminal_wealth_per_member,2,-0.11431153802060656,6
fixed_minus_redistribute,terminal_wealth_per_member,mean,-0.015440820976250677,6
active_minus_redistribute,terminal_wealth_per_member,0,0.06222493466472246,6
active_minus_redistribute,terminal_wealth_per_member,1,0.02542597891068943,6
active_minus_redistribute,terminal_wealth_per_member,2,0.11671593653079215,6
active_minus_redistribute,terminal_wealth_per_member,mean,0.06812228336873467,6
