arena_id,condition,runtime_cpu_seconds,scoring_cpu_seconds
sharing-evaluation-000,isolated,26.965783572000007,9.187973135999997
sharing-evaluation-000,redundant,30.704509544000082,11.612895618999922
sharing-evaluation-000,complementary,48.21542675299999,17.532666011000018
sharing-evaluation-000,delayed_complementary,50.02539854699978,13.678706461000218
sharing-evaluation-000,union_ceiling,51.69708709499997,19.463549794000045
sharing-evaluation-001,isolated,21.29902320700002,9.22673336099998
sharing-evaluation-001,redundant,25.579050117999998,10.854385013999995
sharing-evaluation-001,complementary,35.201297660999955,19.212350010000037
sharing-evaluation-001,delayed_complementary,32.62438684600019,19.17031310599981
sharing-evaluation-001,union_ceiling,38.16390995999981,21.61143102700018
sharing-evaluation-002,isolated,26.953547256000004,9.499919273999996
sharing-evaluation-002,redundant,32.042452076999965,10.316043351000026
sharing-evaluation-002,complementary,56.22961586199993,18.11371693600006
sharing-evaluation-002,delayed_complementary,50.272147293000074,13.327387072999926
sharing-evaluation-002,union_ceiling,66.85917039599988,19.22576949900011
sharing-evaluation-003,isolated,22.59654007100001,9.894166353999989
sharing-evaluation-003,redundant,29.53214798199997,11.601788902000038
sharing-evaluation-003,complementary,38.98691938600008,18.475592643999903
sharing-evaluation-003,delayed_complementary,37.8350889460001,13.843358681999916
sharing-evaluation-003,union_ceiling,44.513504188000184,22.717086705999805
sharing-evaluation-004,isolated,27.661551744999826,11.325070315000175
sharing-evaluation-004,redundant,27.798715937999077,10.583777064000913
sharing-evaluation-004,complementary,50.38321275900057,19.877432964999457
sharing-evaluation-004,delayed_complementary,54.411520018000544,20.040568195999413
sharing-evaluation-004,union_ceiling,57.67970288099957,22.20100310000049
sharing-evaluation-005,isolated,25.612636646000283,10.024052769999685
sharing-evaluation-005,redundant,28.969387027000437,10.463878995999607
sharing-evaluation-005,complementary,52.92807885200102,20.433539528999006
sharing-evaluation-005,delayed_complementary,50.745021763999944,16.11560393900004
sharing-evaluation-005,union_ceiling,47.483174695999935,20.726070971000013
sharing-evaluation-006,isolated,19.47021255800007,9.561897382999916
sharing-evaluation-006,redundant,23.683821018000117,10.481243455999902
sharing-evaluation-006,complementary,45.48428433400039,23.16967250199957
sharing-evaluation-006,delayed_complementary,50.495021134999774,16.06455976800021
sharing-evaluation-006,union_ceiling,41.218040456999745,24.065312332000246
sharing-evaluation-007,isolated,27.04374062500034,9.349524960999645
sharing-evaluation-007,redundant,35.63987796799955,12.346243360000472
sharing-evaluation-007,complementary,59.67650831899999,23.98572285700004
sharing-evaluation-007,delayed_complementary,56.23408436000011,20.60926530599994
sharing-evaluation-007,union_ceiling,57.74952551099875,21.622523428001273
sharing-evaluation-008,isolated,30.92649122899934,11.372492770000576
sharing-evaluation-008,redundant,34.151289593999536,11.454556360000424
sharing-evaluation-008,complementary,61.26849541999991,19.798010410000074
sharing-evaluation-008,delayed_complementary,56.0460148950001,15.628232478999962
sharing-evaluation-008,union_ceiling,61.149290605000715,17.292450312999335
sharing-evaluation-009,isolated,29.704256505999524,10.42152040200051
sharing-evaluation-009,redundant,33.910797497999624,11.288245588000336
sharing-evaluation-009,complementary,47.37778944900026,20.836434351999742
sharing-evaluation-009,delayed_complementary,51.9200427379991,14.393578516000844
sharing-evaluation-009,union_ceiling,49.0692159280004,19.499123061999512
sharing-evaluation-010,isolated,24.420190016000674,11.162980749999292
sharing-evaluation-010,redundant,26.727830095000854,13.23043605699911
sharing-evaluation-010,complementary,34.78276873100049,19.885368777999588
sharing-evaluation-010,delayed_complementary,37.24793515399995,17.096516917000145
sharing-evaluation-010,union_ceiling,34.20474876400044,18.779190573999585
sharing-evaluation-011,isolated,25.087241181000536,9.67128717599951
sharing-evaluation-011,redundant,27.650459168999532,11.007677691000367
sharing-evaluation-011,complementary,37.04299132599988,20.393594657000108
sharing-evaluation-011,delayed_complementary,39.73449747900031,15.192588623999654
sharing-evaluation-011,union_ceiling,34.14333209300014,18.07859227799986
sharing-evaluation-012,isolated,17.752871559000013,4.632736637999987
sharing-evaluation-012,redundant,19.709023674,6.061696126000001
sharing-evaluation-012,complementary,26.087807261999977,8.72231053200003
sharing-evaluation-012,delayed_complementary,27.58532486200002,7.0174027149999745
sharing-evaluation-012,union_ceiling,28.03905232000004,8.33781644399997
sharing-evaluation-013,isolated,14.694498278000005,4.967720558999997
sharing-evaluation-013,redundant,17.390315752000006,7.061415646999993
sharing-evaluation-013,complementary,23.076823510999915,9.060634907000086
sharing-evaluation-013,delayed_complementary,21.766365226000175,6.70237093899982
sharing-evaluation-013,union_ceiling,25.078584291000055,8.316516380999943
sharing-evaluation-014,isolated,20.07679457600001,4.3896493349999925
sharing-evaluation-014,redundant,20.73942177700003,6.602882019999971
sharing-evaluation-014,complementary,35.29892228399991,9.01100075500009
sharing-evaluation-014,delayed_complementary,35.175908737000015,7.664814412999988
sharing-evaluation-014,union_ceiling,40.14128794699971,7.922715086000295
sharing-evaluation-015,isolated,12.209752067999986,5.007641776000015
sharing-evaluation-015,redundant,16.332698960000062,7.237700394999937
sharing-evaluation-015,complementary,23.523601828000054,10.244423432999938
sharing-evaluation-015,delayed_complementary,22.276904667999943,6.953292261000058
sharing-evaluation-015,union_ceiling,23.724266856000142,9.271222133999856
sharing-evaluation-016,isolated,11.372511000999793,4.464314692000215
sharing-evaluation-016,redundant,12.877989007999986,4.942584688000011
sharing-evaluation-016,complementary,19.684730913000237,7.7246635419997745
sharing-evaluation-016,delayed_complementary,21.829567364000155,6.899813953999853
sharing-evaluation-016,union_ceiling,21.970197163000165,7.835683004999822
sharing-evaluation-017,isolated,11.57912995600006,3.908135865999924
sharing-evaluation-017,redundant,12.029905669999664,5.034052006000337
sharing-evaluation-017,complementary,19.8517998399995,7.857347223000517
sharing-evaluation-017,delayed_complementary,17.527819808000004,7.253744167000008
sharing-evaluation-017,union_ceiling,20.964000451999908,7.95517459000007
sharing-evaluation-018,isolated,13.10712285500017,4.158574276999815
sharing-evaluation-018,redundant,14.66213448900021,4.8725388099997815
sharing-evaluation-018,complementary,26.146829286999917,7.76463417800008
sharing-evaluation-018,delayed_complementary,23.737817544000023,6.639535383999998
sharing-evaluation-018,union_ceiling,29.686337493999588,7.754345574000411
sharing-evaluation-019,isolated,10.009086900999904,3.724089888000094
sharing-evaluation-019,redundant,12.847143976000098,4.612851168999896
sharing-evaluation-019,complementary,18.380212265999774,8.204169569000243
sharing-evaluation-019,delayed_complementary,18.91872648099985,6.55426153000019
sharing-evaluation-019,union_ceiling,17.610659249000264,8.545384411999748
sharing-evaluation-020,isolated,14.29027174900068,3.9176938899993274
sharing-evaluation-020,redundant,16.01599760999943,4.912799033000567
sharing-evaluation-020,complementary,25.55168530699973,7.793309461000263
sharing-evaluation-020,delayed_complementary,25.789050611999983,7.186356458000034
sharing-evaluation-020,union_ceiling,26.12348667000009,6.903588441999943
sharing-evaluation-021,isolated,9.855456045999631,4.180165578000356
sharing-evaluation-021,redundant,11.254605890999812,4.8193364850001785
sharing-evaluation-021,complementary,14.266657099999804,8.561283680000201
sharing-evaluation-021,delayed_complementary,16.50057407100013,7.104107142999851
sharing-evaluation-021,union_ceiling,15.213481142999854,8.011162869000145
sharing-evaluation-022,isolated,13.29514202599995,4.323534352000081
sharing-evaluation-022,redundant,16.230149300999926,4.663478516000055
sharing-evaluation-022,complementary,19.81464026000009,8.322151697999914
sharing-evaluation-022,delayed_complementary,20.97193843600013,5.81792843199986
sharing-evaluation-022,union_ceiling,14.79222847699998,6.946681749000049
sharing-evaluation-023,isolated,14.24697049800028,3.989737674999674
sharing-evaluation-023,redundant,17.864619966000134,5.093832930999895
sharing-evaluation-023,complementary,25.861223361000157,8.052050627999847
sharing-evaluation-023,delayed_complementary,22.35203476099997,6.595238014000017
sharing-evaluation-023,union_ceiling,17.495426009000084,5.12710701799989
