arena_id,focal,strategy,status,schedule,escrow,proxy_score,proxy_minus_split
experiment-evaluation-000,0,active,ok,early,4.162483360603663,0.10441301009993402,0.025468621366076055
experiment-evaluation-000,0,fixed,ok,split,4.162483360603663,0.07894438873385796,0.0
experiment-evaluation-000,0,random,ok,early,4.162483360603663,0.10441301009993402,0.025468621366076055
experiment-evaluation-000,1,active,ok,early,4.861829333888308,0.2292157652638397,0.026226955397883445
experiment-evaluation-000,1,fixed,ok,split,4.861829333888308,0.20298880986595624,0.0
experiment-evaluation-000,1,random,ok,late,4.861829333888308,0.18826077774297348,-0.014728032122982765
experiment-evaluation-000,2,active,ok,early,4.533718213306547,0.237222422108542,0.020842095816916928
experiment-evaluation-000,2,fixed,ok,split,4.533718213306547,0.21638032629162507,0.0
experiment-evaluation-000,2,random,ok,late,4.533718213306547,0.20205646555610593,-0.01432386073551914
experiment-evaluation-001,0,active,ok,early,4.412604641056999,0.17770249790136808,0.02276508170391478
experiment-evaluation-001,0,fixed,ok,split,4.412604641056999,0.1549374161974533,0.0
experiment-evaluation-001,0,random,ok,early,4.412604641056999,0.17770249790136808,0.02276508170391478
experiment-evaluation-001,1,active,ok,early,4.6851527823236605,0.15532039532387296,0.020175243004106114
experiment-evaluation-001,1,fixed,ok,split,4.6851527823236605,0.13514515231976684,0.0
experiment-evaluation-001,1,random,ok,split,4.6851527823236605,0.13514515231976684,0.0
experiment-evaluation-001,2,active,ok,early,4.268520110098046,0.45333834893994945,0.01604004793523678
experiment-evaluation-001,2,fixed,ok,split,4.268520110098046,0.4372983010047127,0.0
experiment-evaluation-001,2,random,ok,early,4.268520110098046,0.45333834893994945,0.01604004793523678
experiment-evaluation-002,0,active,ok,early,4.482169087820932,0.8099766701775037,0.037473839108228546
experiment-evaluation-002,0,fixed,ok,split,4.482169087820932,0.7725028310692752,0.0
experiment-evaluation-002,0,random,ok,early,4.482169087820932,0.8099766701775037,0.037473839108228546
experiment-evaluation-002,1,active,ok,early,3.9657464457233083,0.2760551354932765,0.01693947619682712
experiment-evaluation-002,1,fixed,ok,split,3.9657464457233083,0.25911565929644936,0.0
experiment-evaluation-002,1,random,ok,late,3.9657464457233083,0.2618510857515189,0.002735426455069523
experiment-evaluation-002,2,active,ok,early,3.870877292169462,0.6046227817039946,0.028948276958805086
experiment-evaluation-002,2,fixed,ok,split,3.870877292169462,0.5756745047451896,0.0
experiment-evaluation-002,2,random,ok,split,3.870877292169462,0.5756745047451896,0.0
experiment-evaluation-003,0,active,ok,early,4.172733136009216,0.19485096853023584,0.01792466635450271
experiment-evaluation-003,0,fixed,ok,split,4.172733136009216,0.17692630217573313,0.0
experiment-evaluation-003,0,random,ok,late,4.172733136009216,0.18087078771618054,0.003944485540447407
experiment-evaluation-003,1,active,ok,early,4.005116704483374,0.3025547517337635,0.03492416316926139
experiment-evaluation-003,1,fixed,ok,split,4.005116704483374,0.2676305885645021,0.0
experiment-evaluation-003,1,random,ok,early,4.005116704483374,0.3025547517337635,0.03492416316926139
experiment-evaluation-003,2,active,ok,early,4.814736454997035,0.21681131512199733,0.023423319355154987
experiment-evaluation-003,2,fixed,ok,split,4.814736454997035,0.19338799576684235,0.0
experiment-evaluation-003,2,random,ok,split,4.814736454997035,0.19338799576684235,0.0
experiment-evaluation-004,0,active,ok,early,4.068501552951227,0.23985637542598265,0.029919735129956077
experiment-evaluation-004,0,fixed,ok,split,4.068501552951227,0.20993664029602657,0.0
experiment-evaluation-004,0,random,ok,split,4.068501552951227,0.20993664029602657,0.0
experiment-evaluation-004,1,active,ok,early,3.6242762335711927,0.5355126386809144,0.020763318419228072
experiment-evaluation-004,1,fixed,ok,split,3.6242762335711927,0.5147493202616863,0.0
experiment-evaluation-004,1,random,ok,late,3.6242762335711927,0.5041426329636393,-0.010606687298047035
experiment-evaluation-004,2,active,ok,early,3.6288123439433986,0.355318808364595,0.018821535428869607
experiment-evaluation-004,2,fixed,ok,split,3.6288123439433986,0.3364972729357254,0.0
experiment-evaluation-004,2,random,ok,split,3.6288123439433986,0.3364972729357254,0.0
experiment-evaluation-005,0,active,ok,early,4.591232813240214,0.5744631504376612,0.03701341797040025
experiment-evaluation-005,0,fixed,ok,split,4.591232813240214,0.5374497324672609,0.0
experiment-evaluation-005,0,random,ok,early,4.591232813240214,0.5744631504376612,0.03701341797040025
experiment-evaluation-005,1,active,ok,early,4.379076984021279,0.3976799541726968,0.02000739297609777
experiment-evaluation-005,1,fixed,ok,split,4.379076984021279,0.37767256119659903,0.0
experiment-evaluation-005,1,random,ok,late,4.379076984021279,0.37661233434268154,-0.0010602268539174897
experiment-evaluation-005,2,active,ok,early,3.7855929112739983,0.4124407542442361,0.02233185195950621
experiment-evaluation-005,2,fixed,ok,split,3.7855929112739983,0.3901089022847299,0.0
experiment-evaluation-005,2,random,ok,late,3.7855929112739983,0.38125746618240125,-0.008851436102328636
experiment-evaluation-006,0,active,ok,early,2.874160109382842,0.6710814785408511,0.00774790452964047
experiment-evaluation-006,0,fixed,ok,split,2.874160109382842,0.6633335740112106,0.0
experiment-evaluation-006,0,random,ok,late,2.874160109382842,0.6702744060964576,0.006940832085246984
experiment-evaluation-006,1,active,ok,early,2.9858674187961602,0.35812880309532685,0.02792655591360743
experiment-evaluation-006,1,fixed,ok,split,2.9858674187961602,0.3302022471817194,0.0
experiment-evaluation-006,1,random,ok,late,2.9858674187961602,0.313622551161502,-0.016579696020217416
experiment-evaluation-006,2,active,ok,early,3.8726747028286743,0.18612220341294813,0.030439920525462405
experiment-evaluation-006,2,fixed,ok,split,3.8726747028286743,0.15568228288748573,0.0
experiment-evaluation-006,2,random,ok,early,3.8726747028286743,0.18612220341294813,0.030439920525462405
experiment-evaluation-007,0,active,ok,early,3.0960654486552346,0.20038889158161774,0.028076468717184
experiment-evaluation-007,0,fixed,ok,split,3.0960654486552346,0.17231242286443374,0.0
experiment-evaluation-007,0,random,ok,early,3.0960654486552346,0.20038889158161774,0.028076468717184
experiment-evaluation-007,1,active,ok,early,3.389574988105174,0.251861397882393,0.021580168660499693
experiment-evaluation-007,1,fixed,ok,split,3.389574988105174,0.23028122922189329,0.0
experiment-evaluation-007,1,random,ok,late,3.389574988105174,0.2129325379565947,-0.017348691265298588
experiment-evaluation-007,2,active,ok,early,3.4597297840184464,0.2066133883606855,0.019589271815405374
experiment-evaluation-007,2,fixed,ok,split,3.4597297840184464,0.18702411654528012,0.0
experiment-evaluation-007,2,random,ok,early,3.4597297840184464,0.2066133883606855,0.019589271815405374
experiment-evaluation-008,0,active,ok,early,3.608062366784435,0.24763468897582663,0.03430237792964147
experiment-evaluation-008,0,fixed,ok,split,3.608062366784435,0.21333231104618516,0.0
experiment-evaluation-008,0,random,ok,late,3.608062366784435,0.19254829030329423,-0.02078402074289093
experiment-evaluation-008,1,active,ok,early,2.724186034912922,0.1580129100648474,0.016622907173706514
experiment-evaluation-008,1,fixed,ok,split,2.724186034912922,0.1413900028911409,0.0
experiment-evaluation-008,1,random,ok,split,2.724186034912922,0.1413900028911409,0.0
experiment-evaluation-008,2,active,ok,early,3.1220551882405503,0.3639674030277316,0.027292469113049167
experiment-evaluation-008,2,fixed,ok,split,3.1220551882405503,0.33667493391468245,0.0
experiment-evaluation-008,2,random,ok,split,3.1220551882405503,0.33667493391468245,0.0
experiment-evaluation-009,0,active,ok,early,2.9921416437167156,0.15842744562360297,0.02089707838098437
experiment-evaluation-009,0,fixed,ok,split,2.9921416437167156,0.1375303672426186,0.0
experiment-evaluation-009,0,random,ok,split,2.9921416437167156,0.1375303672426186,0.0
experiment-evaluation-009,1,active,ok,early,3.283670366526105,0.4124462039777252,0.03428901570878046
experiment-evaluation-009,1,fixed,ok,split,3.283670366526105,0.37815718826894473,0.0
experiment-evaluation-009,1,random,ok,split,3.283670366526105,0.37815718826894473,0.0
experiment-evaluation-009,2,active,ok,early,3.6226857958928194,0.4122786667718143,0.02209245150441197
experiment-evaluation-009,2,fixed,ok,split,3.6226857958928194,0.3901862152674023,0.0
experiment-evaluation-009,2,random,ok,late,3.6226857958928194,0.3708263229361519,-0.019359892331250406
experiment-evaluation-010,0,active,ok,early,1.5187580053584435,0.6107077245941329,0.018062877313642978
experiment-evaluation-010,0,fixed,ok,split,1.5187580053584435,0.5926448472804899,0.0
experiment-evaluation-010,0,random,ok,early,1.5187580053584435,0.6107077245941329,0.018062877313642978
experiment-evaluation-010,1,active,ok,early,1.8302357733617258,0.4717011721931874,0.02015749106493714
experiment-evaluation-010,1,fixed,ok,split,1.8302357733617258,0.4515436811282503,0.0
experiment-evaluation-010,1,random,ok,split,1.8302357733617258,0.4515436811282503,0.0
experiment-evaluation-010,2,active,ok,early,1.417726772575119,0.3233266580513441,0.0077877851042323365
experiment-evaluation-010,2,fixed,ok,split,1.417726772575119,0.31553887294711175,0.0
experiment-evaluation-010,2,random,ok,early,1.417726772575119,0.3233266580513441,0.0077877851042323365
experiment-evaluation-011,0,active,ok,early,2.690916777548882,0.39027702315866925,0.027273298425154358
experiment-evaluation-011,0,fixed,ok,split,2.690916777548882,0.3630037247335149,0.0
experiment-evaluation-011,0,random,ok,late,2.690916777548882,0.3507399766119035,-0.012263748121611406
experiment-evaluation-011,1,active,ok,early,2.503927697756752,0.1428565513172457,0.027173141360008313
experiment-evaluation-011,1,fixed,ok,split,2.503927697756752,0.11568340995723739,0.0
experiment-evaluation-011,1,random,ok,late,2.503927697756752,0.11070578570167064,-0.004977624255566748
experiment-evaluation-011,2,active,ok,early,2.504852854140464,0.3232969701238548,0.028083568375272372
experiment-evaluation-011,2,fixed,ok,split,2.504852854140464,0.2952134017485824,0.0
experiment-evaluation-011,2,random,ok,early,2.504852854140464,0.3232969701238548,0.028083568375272372
experiment-evaluation-012,0,active,ok,early,1.8178044374521276,0.48772425207941444,0.013579538673416935
experiment-evaluation-012,0,fixed,ok,split,1.8178044374521276,0.4741447134059975,0.0
experiment-evaluation-012,0,random,ok,early,1.8178044374521276,0.48772425207941444,0.013579538673416935
experiment-evaluation-012,1,active,ok,early,1.7431690317686965,0.25164907807238024,0.03154433100069981
experiment-evaluation-012,1,fixed,ok,split,1.7431690317686965,0.22010474707168043,0.0
experiment-evaluation-012,1,random,ok,late,1.7431690317686965,0.2049360445934672,-0.015168702478213225
experiment-evaluation-012,2,active,ok,early,1.9676364570616245,0.679779412966476,0.040472859927120464
experiment-evaluation-012,2,fixed,ok,split,1.9676364570616245,0.6393065530393556,0.0
experiment-evaluation-012,2,random,ok,early,1.9676364570616245,0.679779412966476,0.040472859927120464
experiment-evaluation-013,0,active,ok,early,4.922753862777488,0.22054457103327071,0.051065272738405804
experiment-evaluation-013,0,fixed,ok,split,4.922753862777488,0.1694792982948649,0.0
experiment-evaluation-013,0,random,ok,late,4.922753862777488,0.1381416068097549,-0.03133769148511001
experiment-evaluation-013,1,active,ok,early,5.115893272484513,0.4972057588337055,0.03981289628062856
experiment-evaluation-013,1,fixed,ok,split,5.115893272484513,0.45739286255307693,0.0
experiment-evaluation-013,1,random,ok,late,5.115893272484513,0.4250659158102243,-0.032326946742852636
experiment-evaluation-013,2,active,ok,early,3.691394298114105,0.19986104154290563,0.01360106992856186
experiment-evaluation-013,2,fixed,ok,split,3.691394298114105,0.18625997161434377,0.0
experiment-evaluation-013,2,random,ok,early,3.691394298114105,0.19986104154290563,0.01360106992856186
experiment-evaluation-014,0,active,ok,early,4.711686033211715,0.29831257671038924,0.046410421352656384
experiment-evaluation-014,0,fixed,ok,split,4.711686033211715,0.25190215535773286,0.0
experiment-evaluation-014,0,random,ok,split,4.711686033211715,0.25190215535773286,0.0
experiment-evaluation-014,1,active,ok,early,4.374216588231961,0.4980566861687027,0.016750881876961055
experiment-evaluation-014,1,fixed,ok,split,4.374216588231961,0.48130580429174163,0.0
experiment-evaluation-014,1,random,ok,early,4.374216588231961,0.4980566861687027,0.016750881876961055
experiment-evaluation-014,2,active,ok,early,4.144068179808179,0.17940949898167546,0.01802751679255657
experiment-evaluation-014,2,fixed,ok,split,4.144068179808179,0.1613819821891189,0.0
experiment-evaluation-014,2,random,ok,late,4.144068179808179,0.14996071265206773,-0.011421269537051165
experiment-evaluation-015,0,active,ok,late,2.6441509655947515,0.6114603808247677,0.00826068000063429
experiment-evaluation-015,0,fixed,ok,split,2.6441509655947515,0.6031997008241334,0.0
experiment-evaluation-015,0,random,ok,split,2.6441509655947515,0.6031997008241334,0.0
experiment-evaluation-015,1,active,ok,early,3.444749500013686,0.2721072230832367,0.028204427397998083
experiment-evaluation-015,1,fixed,ok,split,3.444749500013686,0.24390279568523862,0.0
experiment-evaluation-015,1,random,ok,split,3.444749500013686,0.24390279568523862,0.0
experiment-evaluation-015,2,active,ok,early,3.740420763371197,0.2406738747751522,0.029986165343738352
experiment-evaluation-015,2,fixed,ok,split,3.740420763371197,0.21068770943141385,0.0
experiment-evaluation-015,2,random,ok,late,3.740420763371197,0.1890506839077555,-0.021637025523658343
experiment-evaluation-016,0,active,ok,early,2.4321910558974382,0.5345843532249093,0.02963090179307004
experiment-evaluation-016,0,fixed,ok,split,2.4321910558974382,0.5049534514318392,0.0
experiment-evaluation-016,0,random,ok,late,2.4321910558974382,0.4887736125885528,-0.016179838843286443
experiment-evaluation-016,1,active,ok,early,2.641315393640503,0.5367940491921737,0.03611851391012666
experiment-evaluation-016,1,fixed,ok,split,2.641315393640503,0.500675535282047,0.0
experiment-evaluation-016,1,random,ok,early,2.641315393640503,0.5367940491921737,0.03611851391012666
experiment-evaluation-016,2,active,ok,early,2.3218079178613884,0.1656535548010411,0.022954631161610173
experiment-evaluation-016,2,fixed,ok,split,2.3218079178613884,0.14269892363943093,0.0
experiment-evaluation-016,2,random,ok,early,2.3218079178613884,0.1656535548010411,0.022954631161610173
experiment-evaluation-017,0,active,ok,early,4.041936550676514,0.120219544981392,0.01452022042603679
experiment-evaluation-017,0,fixed,ok,split,4.041936550676514,0.1056993245553552,0.0
experiment-evaluation-017,0,random,ok,late,4.041936550676514,0.09463496563097543,-0.011064358924379777
experiment-evaluation-017,1,active,ok,early,3.7630522407554112,0.13409221174338934,0.018565664375535862
experiment-evaluation-017,1,fixed,ok,split,3.7630522407554112,0.11552654736785348,0.0
experiment-evaluation-017,1,random,ok,late,3.7630522407554112,0.1127762309447155,-0.0027503164231379718
experiment-evaluation-017,2,active,ok,early,4.284233745269605,0.32014548293405937,0.03415994908671749
experiment-evaluation-017,2,fixed,ok,split,4.284233745269605,0.2859855338473419,0.0
experiment-evaluation-017,2,random,ok,early,4.284233745269605,0.32014548293405937,0.03415994908671749
experiment-evaluation-018,0,active,ok,early,2.555864954180623,0.5861162168781084,0.011855362435564398
experiment-evaluation-018,0,fixed,ok,split,2.555864954180623,0.574260854442544,0.0
experiment-evaluation-018,0,random,ok,split,2.555864954180623,0.574260854442544,0.0
experiment-evaluation-018,1,active,ok,early,2.908133676408569,0.3384431072821627,0.03088491537994359
experiment-evaluation-018,1,fixed,ok,split,2.908133676408569,0.3075581919022191,0.0
experiment-evaluation-018,1,random,ok,split,2.908133676408569,0.3075581919022191,0.0
experiment-evaluation-018,2,active,ok,early,3.0029365406469553,0.15039000575187145,0.012473331130738924
experiment-evaluation-018,2,fixed,ok,split,3.0029365406469553,0.13791667462113252,0.0
experiment-evaluation-018,2,random,ok,late,3.0029365406469553,0.12762003510872597,-0.010296639512406558
experiment-evaluation-019,0,active,ok,early,2.7278547374079523,0.2632498448758517,0.033868504117170795
experiment-evaluation-019,0,fixed,ok,split,2.7278547374079523,0.22938134075868089,0.0
experiment-evaluation-019,0,random,ok,split,2.7278547374079523,0.22938134075868089,0.0
experiment-evaluation-019,1,active,ok,early,3.3099804987049244,0.29341264557631397,0.019315191666674003
experiment-evaluation-019,1,fixed,ok,split,3.3099804987049244,0.27409745390963997,0.0
experiment-evaluation-019,1,random,ok,late,3.3099804987049244,0.2612548597694373,-0.012842594140202668
experiment-evaluation-019,2,active,ok,early,2.3811621827637612,0.10495783469600363,0.01775508585909849
experiment-evaluation-019,2,fixed,ok,split,2.3811621827637612,0.08720274883690514,0.0
experiment-evaluation-019,2,random,ok,late,2.3811621827637612,0.08455667299875802,-0.002646075838147119
experiment-evaluation-020,0,active,ok,early,4.830505820683129,0.5294754593474734,0.03332793117570926
experiment-evaluation-020,0,fixed,ok,split,4.830505820683129,0.49614752817176416,0.0
experiment-evaluation-020,0,random,ok,early,4.830505820683129,0.5294754593474734,0.03332793117570926
experiment-evaluation-020,1,active,ok,early,3.8860955876108654,0.16641577444139666,0.018544666544187516
experiment-evaluation-020,1,fixed,ok,split,3.8860955876108654,0.14787110789720914,0.0
experiment-evaluation-020,1,random,ok,late,3.8860955876108654,0.14438251365629814,-0.003488594240910997
experiment-evaluation-020,2,active,ok,early,5.026278006396609,0.29519764879847993,0.03728608812255152
experiment-evaluation-020,2,fixed,ok,split,5.026278006396609,0.2579115606759284,0.0
experiment-evaluation-020,2,random,ok,early,5.026278006396609,0.29519764879847993,0.03728608812255152
experiment-evaluation-021,0,active,ok,early,3.90904245566646,0.19215178579768039,0.026325201352413452
experiment-evaluation-021,0,fixed,ok,split,3.90904245566646,0.16582658444526693,0.0
experiment-evaluation-021,0,random,ok,late,3.90904245566646,0.1602425401544241,-0.005584044290842832
experiment-evaluation-021,1,active,ok,early,3.8520995987088797,0.3595354109648328,0.042836744452585895
experiment-evaluation-021,1,fixed,ok,split,3.8520995987088797,0.31669866651224693,0.0
experiment-evaluation-021,1,random,ok,early,3.8520995987088797,0.3595354109648328,0.042836744452585895
experiment-evaluation-021,2,active,ok,early,3.914049435808266,0.5463986870954123,0.023774851189743873
experiment-evaluation-021,2,fixed,ok,split,3.914049435808266,0.5226238359056684,0.0
experiment-evaluation-021,2,random,ok,early,3.914049435808266,0.5463986870954123,0.023774851189743873
experiment-evaluation-022,0,active,ok,early,2.1705867579382305,0.48280567897129345,0.023980566709774442
experiment-evaluation-022,0,fixed,ok,split,2.1705867579382305,0.458825112261519,0.0
experiment-evaluation-022,0,random,ok,split,2.1705867579382305,0.458825112261519,0.0
experiment-evaluation-022,1,active,ok,early,2.3795810781631754,0.25509499502817523,0.030249634620754917
experiment-evaluation-022,1,fixed,ok,split,2.3795810781631754,0.2248453604074203,0.0
experiment-evaluation-022,1,random,ok,late,2.3795810781631754,0.20053040782737544,-0.024314952580044874
experiment-evaluation-022,2,active,ok,early,2.118534906488247,0.2201892175375342,0.019055223024251916
experiment-evaluation-022,2,fixed,ok,split,2.118534906488247,0.2011339945132823,0.0
experiment-evaluation-022,2,random,ok,late,2.118534906488247,0.2040746292826326,0.002940634769350303
experiment-evaluation-023,0,active,ok,early,1.9603173375282361,0.2512220252194208,0.008156687338571722
experiment-evaluation-023,0,fixed,ok,split,1.9603173375282361,0.24306533788084905,0.0
experiment-evaluation-023,0,random,ok,early,1.9603173375282361,0.2512220252194208,0.008156687338571722
experiment-evaluation-023,1,active,ok,early,2.163590858831482,0.3597302161206798,0.014520317019162232
experiment-evaluation-023,1,fixed,ok,split,2.163590858831482,0.34520989910151756,0.0
experiment-evaluation-023,1,random,ok,split,2.163590858831482,0.34520989910151756,0.0
experiment-evaluation-023,2,active,ok,early,1.870630207451549,0.3805314446485726,0.01812217453909415
experiment-evaluation-023,2,fixed,ok,split,1.870630207451549,0.36240927010947843,0.0
experiment-evaluation-023,2,random,ok,early,1.870630207451549,0.3805314446485726,0.01812217453909415
